{
"type": "FeatureCollection",
"name": "unmapped_sand",
"crs": { "type": "name", "properties": { "name": "urn:ogc:def:crs:OGC:1.3:CRS84" } },
"features": [
{ "type": "Feature", "properties": { }, "geometry": { "type": "Polygon", "coordinates": [ [ [ -93.378562152609589, 44.873294853857949 ], [ -93.378561993267027, 44.873270548644591 ], [ -93.378558195345377, 44.873270561233781 ], [ -93.378558177640841, 44.873267860654494 ], [ -93.378554379719361, 44.87326787324357 ], [ -93.378554362014995, 44.873265172664297 ], [ -93.3785505640937, 44.873265185253231 ], [ -93.378550528685352, 44.873259784094678 ], [ -93.378546730764384, 44.873259796683492 ], [ -93.378546713060388, 44.873257096104211 ], [ -93.378542915139633, 44.87325710869289 ], [ -93.378542897435807, 44.873254408113596 ], [ -93.378539099515208, 44.873254420702146 ], [ -93.37853906410794, 44.873249019543593 ], [ -93.378535266187697, 44.873249032132001 ], [ -93.378535248484241, 44.873246331552721 ], [ -93.378531450564168, 44.873246344141016 ], [ -93.378531432860896, 44.873243643561729 ], [ -93.378527634940994, 44.873243656149903 ], [ -93.378527617237921, 44.873240955570594 ], [ -93.37852381931819, 44.873240968158633 ], [ -93.378523783912357, 44.873235567000044 ], [ -93.378519985992995, 44.873235579587963 ], [ -93.378519968290277, 44.873232879008661 ], [ -93.378516170371071, 44.873232891596444 ], [ -93.378516152668524, 44.87323019101715 ], [ -93.378512354749503, 44.873230203604805 ], [ -93.378512337047127, 44.873227503025483 ], [ -93.378508539128291, 44.873227515613017 ], [ -93.378508521426099, 44.873224815033709 ], [ -93.378504723507433, 44.873224827621115 ], [ -93.378504705805426, 44.873222127041814 ], [ -93.37849331204994, 44.873222164803245 ], [ -93.378493294348473, 44.873219464223943 ], [ -93.378489496430149, 44.873219476810839 ], [ -93.378489478728838, 44.87321677623153 ], [ -93.378485680810698, 44.87321678881829 ], [ -93.378485627707377, 44.873208687080329 ], [ -93.378481829789749, 44.873208699666954 ], [ -93.378481812088822, 44.873205999087631 ], [ -93.378478014171392, 44.873206011674149 ], [ -93.378477996470636, 44.873203311094827 ], [ -93.378474198553363, 44.873203323681203 ], [ -93.378474145451662, 44.873195221943206 ], [ -93.378470347534915, 44.873195234529469 ], [ -93.378470329834556, 44.873192533950139 ], [ -93.378466531917979, 44.873192546536259 ], [ -93.378466478817373, 44.873184444798241 ], [ -93.37846268090135, 44.873184457384234 ], [ -93.378462663201333, 44.873181756804897 ], [ -93.378458865285481, 44.873181769390769 ], [ -93.378458847585634, 44.873179068811424 ], [ -93.378455049669952, 44.873179081397161 ], [ -93.37845503197029, 44.873176380817817 ], [ -93.378451234054793, 44.873176393403419 ], [ -93.378451198655824, 44.873170992244724 ], [ -93.378447400740683, 44.873171004830212 ], [ -93.37844738304139, 44.873168304250861 ], [ -93.378443585126405, 44.873168316836207 ], [ -93.378443567427297, 44.873165616256863 ], [ -93.378439769512482, 44.873165628842088 ], [ -93.378439734114622, 44.873160227683364 ], [ -93.378435936200177, 44.873160240268469 ], [ -93.378435918501424, 44.87315753968911 ], [ -93.378432120587149, 44.87315755227408 ], [ -93.378432085189999, 44.873152151115356 ], [ -93.37842828727608, 44.873152163700198 ], [ -93.378428269577697, 44.873149463120832 ], [ -93.378424471663934, 44.873149475705546 ], [ -93.378424436267522, 44.873144074546801 ], [ -93.378420638354129, 44.873144087131386 ], [ -93.378420620656101, 44.873141386552014 ], [ -93.378416822742878, 44.873141399136472 ], [ -93.378416787347192, 44.873135997977727 ], [ -93.378412989434324, 44.87313601056205 ], [ -93.378412971736665, 44.873133309982677 ], [ -93.378405375911285, 44.87313333515096 ], [ -93.378405358213982, 44.873130634571581 ], [ -93.378401560301455, 44.873130647155534 ], [ -93.378401542604323, 44.87312794657614 ], [ -93.378397744691981, 44.873127959159959 ], [ -93.378397673904217, 44.873117156842397 ], [ -93.378363492699407, 44.873117270091072 ], [ -93.378363651957557, 44.873141575305652 ], [ -93.37837124778406, 44.873141550140147 ], [ -93.378371265479785, 44.87314425071952 ], [ -93.378375063393221, 44.873144238136582 ], [ -93.378375081089118, 44.873146938715962 ], [ -93.37837887900271, 44.873146926132897 ], [ -93.378379020571415, 44.873168530767934 ], [ -93.378382818486429, 44.87316851818472 ], [ -93.378382836182723, 44.873171218764099 ], [ -93.378386634097907, 44.873171206180764 ], [ -93.378386669490823, 44.873176607339502 ], [ -93.378390467406362, 44.873176594756032 ], [ -93.378390485103012, 44.87317929533539 ], [ -93.378398080934446, 44.873179270168087 ], [ -93.37839809863145, 44.87318197074746 ], [ -93.378401896547345, 44.873181958163599 ], [ -93.37840191424452, 44.873184658742964 ], [ -93.378405712160585, 44.873184646158983 ], [ -93.378405729857946, 44.873187346738341 ], [ -93.378409527774195, 44.873187334154238 ], [ -93.378409580866816, 44.873195435892306 ], [ -93.378417176700367, 44.873195410723717 ], [ -93.378417194398267, 44.873198111303068 ], [ -93.378420992315213, 44.873198098718582 ], [ -93.378421010013298, 44.87320079929794 ], [ -93.378424807930415, 44.873200786713319 ], [ -93.378424861025209, 44.873208888451352 ], [ -93.378428658942852, 44.873208875866609 ], [ -93.378428676641306, 44.873211576445932 ], [ -93.378432474559133, 44.873211563861069 ], [ -93.378432509956383, 44.873216965019758 ], [ -93.378436307874566, 44.873216952434746 ], [ -93.378436343272185, 44.873222353593412 ], [ -93.378432545353647, 44.87322236617841 ], [ -93.378432563052286, 44.873225066757733 ], [ -93.378428765133577, 44.87322507934261 ], [ -93.37842894211829, 44.873252085135867 ], [ -93.378432740038775, 44.873252072550983 ], [ -93.378432757737428, 44.873254773130292 ], [ -93.378436555658112, 44.873254760545279 ], [ -93.37843657335695, 44.873257461124602 ], [ -93.37844037127779, 44.873257448539462 ], [ -93.378440565967182, 44.873287154911829 ], [ -93.378444363889983, 44.873287142326539 ], [ -93.378444381589205, 44.873289842905834 ], [ -93.378448179512176, 44.873289830320431 ], [ -93.378448197211597, 44.873292530899704 ], [ -93.378451995134739, 44.87329251831418 ], [ -93.378452012834316, 44.873295218893475 ], [ -93.378497587913998, 44.873295067857178 ], [ -93.378497570212275, 44.873292367277898 ], [ -93.378508963981602, 44.873292329515976 ], [ -93.378508946279354, 44.87328962893671 ], [ -93.378524137971041, 44.873289578585727 ], [ -93.378524155674015, 44.873292279164993 ], [ -93.3785279535971, 44.873292266576932 ], [ -93.378527971300258, 44.873294967156198 ], [ -93.378562152609589, 44.873294853857949 ] ] ] } },
{ "type": "Feature", "properties": { }, "geometry": { "type": "Polygon", "coordinates": [ [ [ -93.380566298838275, 44.873112651508428 ], [ -93.380566281039904, 44.87310995092971 ], [ -93.380570078950115, 44.873109938273785 ], [ -93.380570061151587, 44.873107237695073 ], [ -93.380577656971639, 44.873107212382827 ], [ -93.380577372189805, 44.873064003123211 ], [ -93.380558382653874, 44.873064066402776 ], [ -93.380558364855915, 44.873061365824043 ], [ -93.380512789971576, 44.873061517682082 ], [ -93.380513021317469, 44.873096625205825 ], [ -93.380516819226827, 44.873096612551663 ], [ -93.380516837022853, 44.873099313130403 ], [ -93.380520634932395, 44.873099300476113 ], [ -93.380520652728592, 44.87310200105486 ], [ -93.380524450638305, 44.873101988400435 ], [ -93.380524486231096, 44.873107389557916 ], [ -93.38052828414115, 44.87310737690337 ], [ -93.380528301937716, 44.873110077482103 ], [ -93.380532099847954, 44.873110064827429 ], [ -93.380532117644705, 44.873112765406141 ], [ -93.380566298838275, 44.873112651508428 ] ] ] } },
{ "type": "Feature", "properties": { }, "geometry": { "type": "Polygon", "coordinates": [ [ [ -93.387494382178375, 44.872627545615458 ], [ -93.38749421907994, 44.87260324042461 ], [ -93.387490421206152, 44.872603253310693 ], [ -93.3874904030843, 44.872600552733928 ], [ -93.387486605210668, 44.872600565619884 ], [ -93.387486587089001, 44.872597865043119 ], [ -93.387441012607454, 44.872598019664693 ], [ -93.38744103072699, 44.872600720241472 ], [ -93.387429637106024, 44.872600758894031 ], [ -93.387429618986999, 44.872598058317244 ], [ -93.387368853010912, 44.872598264444996 ], [ -93.387368834894758, 44.872595563868188 ], [ -93.387361239148049, 44.872595589631878 ], [ -93.387361221032236, 44.872592889055063 ], [ -93.387308050807519, 44.87259306938676 ], [ -93.387308068920845, 44.872595769963581 ], [ -93.387277685933668, 44.872595872999156 ], [ -93.387277667821749, 44.87259317242232 ], [ -93.387232093342789, 44.872593326960505 ], [ -93.387232111452562, 44.872596027537355 ], [ -93.387228313579115, 44.872596040414727 ], [ -93.387228331688718, 44.87259874099157 ], [ -93.3872245338151, 44.872598753868814 ], [ -93.387224551924518, 44.872601454445665 ], [ -93.387220754050716, 44.872601467322788 ], [ -93.38722093514329, 44.872628473091254 ], [ -93.387494382178375, 44.872627545615458 ] ] ] } },
{ "type": "Feature", "properties": { }, "geometry": { "type": "Polygon", "coordinates": [ [ [ -93.38678419752371, 44.872632653695199 ], [ -93.386784179434855, 44.872629953118221 ], [ -93.386787977310732, 44.872629940255628 ], [ -93.386787796420606, 44.872602934485776 ], [ -93.38678399854652, 44.872602947348362 ], [ -93.386783980457707, 44.872600246771377 ], [ -93.386780182583777, 44.872600259633835 ], [ -93.386780164495136, 44.872597559056842 ], [ -93.386776366621405, 44.872597571919172 ], [ -93.386776330444491, 44.872592170765166 ], [ -93.386768734697696, 44.872592196489443 ], [ -93.386768716609595, 44.872589495912443 ], [ -93.386673769778341, 44.872589817423361 ], [ -93.386673950615034, 44.872616823193617 ], [ -93.386704333615427, 44.872616720318625 ], [ -93.38670435170053, 44.872619420895639 ], [ -93.386738532577368, 44.872619305151595 ], [ -93.386738550664063, 44.872622005728601 ], [ -93.386742348539443, 44.872621992867522 ], [ -93.386742366626322, 44.872624693444507 ], [ -93.386746164501858, 44.872624680583307 ], [ -93.386746200676001, 44.872630081737299 ], [ -93.386749998551892, 44.872630068875949 ], [ -93.386750016639155, 44.872632769452935 ], [ -93.38678419752371, 44.872632653695199 ] ] ] } },
{ "type": "Feature", "properties": { }, "geometry": { "type": "Polygon", "coordinates": [ [ [ -93.387608300311683, 44.872624458397269 ], [ -93.387608282184303, 44.872621757820546 ], [ -93.387676643933233, 44.872621525781149 ], [ -93.387676625802655, 44.872618825204448 ], [ -93.387744987547563, 44.872618593124145 ], [ -93.387744969413802, 44.872615892547465 ], [ -93.387847512024805, 44.872615544350332 ], [ -93.387847493886227, 44.872612843773673 ], [ -93.387893068377295, 44.872612688989847 ], [ -93.387893050236585, 44.872609988413224 ], [ -93.387950018347226, 44.872609794907881 ], [ -93.387950000203872, 44.872607094331265 ], [ -93.387991776816023, 44.872606952409306 ], [ -93.387991758670708, 44.872604251832712 ], [ -93.388033535280599, 44.872604109895477 ], [ -93.388033517133337, 44.872601409318875 ], [ -93.388067697994146, 44.872601293177055 ], [ -93.388067679845292, 44.872598592600475 ], [ -93.388101860704282, 44.872598476448445 ], [ -93.388101842553837, 44.872595775871879 ], [ -93.388136023411022, 44.872595659709631 ], [ -93.388136005258986, 44.872592959133065 ], [ -93.388162590368751, 44.872592868777581 ], [ -93.38816257221545, 44.872590168201029 ], [ -93.388204348814313, 44.872590026201358 ], [ -93.388204330659065, 44.872587325624792 ], [ -93.388238511510849, 44.872587209431885 ], [ -93.38823849335401, 44.872584508855347 ], [ -93.388272674203989, 44.872584392652229 ], [ -93.388272656045544, 44.872581692075691 ], [ -93.388306836893719, 44.872581575862363 ], [ -93.388306818733696, 44.872578875285839 ], [ -93.388333403836427, 44.872578784890614 ], [ -93.388333385675168, 44.872576084314112 ], [ -93.388367566519761, 44.8725759680826 ], [ -93.388367548356896, 44.872573267506098 ], [ -93.388397931328285, 44.872573164180622 ], [ -93.388397913164013, 44.87257046360412 ], [ -93.388428296133796, 44.872570360270572 ], [ -93.388428277968117, 44.872567659694091 ], [ -93.388466256678342, 44.872567530515802 ], [ -93.388466238510873, 44.872564829939328 ], [ -93.388489025735822, 44.872564752426293 ], [ -93.388489007567301, 44.87256205184984 ], [ -93.3885117947911, 44.872561974332264 ], [ -93.388511776621499, 44.87255927375579 ], [ -93.388538361714581, 44.872559183312895 ], [ -93.388538343543729, 44.872556482736449 ], [ -93.388561130765197, 44.872556405209039 ], [ -93.388561112593294, 44.872553704632601 ], [ -93.388583899813597, 44.872553627100665 ], [ -93.388583881640642, 44.872550926524205 ], [ -93.388621860339171, 44.872550797294203 ], [ -93.38862184216444, 44.872548096717765 ], [ -93.388633235773412, 44.872548057946325 ], [ -93.388633217598155, 44.872545357369887 ], [ -93.38865980268443, 44.872545266898733 ], [ -93.388659784507922, 44.872542566322316 ], [ -93.388674975985026, 44.872542514621749 ], [ -93.388674957807808, 44.872539814045332 ], [ -93.388701542891411, 44.872539723564472 ], [ -93.388701524712957, 44.872537022988062 ], [ -93.388724311926296, 44.872536945428124 ], [ -93.388724293746776, 44.872534244851707 ], [ -93.388747080958964, 44.872534167287242 ], [ -93.388747062778393, 44.872531466710832 ], [ -93.388766052120914, 44.872531402070301 ], [ -93.388766033939461, 44.872528701493913 ], [ -93.388788821149348, 44.872528623921113 ], [ -93.388788802966815, 44.872525923344732 ], [ -93.388811590175536, 44.872525845767392 ], [ -93.388811571991951, 44.872523145191018 ], [ -93.388830561331588, 44.872523080539764 ], [ -93.388830543147108, 44.872520379963383 ], [ -93.388849532485821, 44.872520315308982 ], [ -93.388849514300446, 44.872517614732608 ], [ -93.388868503638193, 44.872517550075045 ], [ -93.388868485451951, 44.872514849498685 ], [ -93.388887474788731, 44.872514784837982 ], [ -93.388887456601594, 44.872512084261622 ], [ -93.388906445937451, 44.872512019597771 ], [ -93.388906427749419, 44.872509319021411 ], [ -93.388921619217328, 44.872509267288052 ], [ -93.388921601028599, 44.872506566711706 ], [ -93.388940590362566, 44.872506502042178 ], [ -93.388940572172942, 44.872503801465832 ], [ -93.388959561505942, 44.872503736793156 ], [ -93.388959543315437, 44.872501036216818 ], [ -93.388974734781087, 44.872500984476396 ], [ -93.388974716589885, 44.872498283900057 ], [ -93.388989908054768, 44.872498232157639 ], [ -93.388989744327617, 44.872473926970549 ], [ -93.388985946462995, 44.872473939906342 ], [ -93.388985928271282, 44.872471239329975 ], [ -93.388944151762246, 44.87247138161527 ], [ -93.388944169951998, 44.87247408219163 ], [ -93.388925180628718, 44.87247414686172 ], [ -93.388925198817603, 44.872476847438072 ], [ -93.388910007358206, 44.872476899171879 ], [ -93.388910025546394, 44.872479599748253 ], [ -93.388887238356162, 44.872479677345169 ], [ -93.388887256543271, 44.87248237792155 ], [ -93.388868267217134, 44.872482442582182 ], [ -93.388868285403348, 44.872485143158563 ], [ -93.388853093941691, 44.872485194884803 ], [ -93.388853112127194, 44.872487895461184 ], [ -93.388826527067934, 44.872487985977244 ], [ -93.388826545252215, 44.872490686553633 ], [ -93.388803758057406, 44.872490764133914 ], [ -93.388803776240607, 44.87249346471031 ], [ -93.388784786910634, 44.872493529357072 ], [ -93.388784805092953, 44.872496229933468 ], [ -93.388765815762028, 44.872496294577083 ], [ -93.388765833943467, 44.872498995153492 ], [ -93.388746844611603, 44.872499059793952 ], [ -93.388746862792146, 44.872501760370369 ], [ -93.388724075592748, 44.872501837934756 ], [ -93.38872409377224, 44.87250453851118 ], [ -93.388705104438444, 44.872504603144698 ], [ -93.388705122617054, 44.872507303721129 ], [ -93.388678537548387, 44.872507394202778 ], [ -93.388678555725747, 44.872510094779201 ], [ -93.388659566390032, 44.872510159405152 ], [ -93.388659584566511, 44.872512859981605 ], [ -93.38864059522983, 44.872512924604415 ], [ -93.388640613405428, 44.872515625180846 ], [ -93.38861023046519, 44.872515728570775 ], [ -93.388610248639353, 44.872518429147227 ], [ -93.388583663565285, 44.872518519606793 ], [ -93.388583681738211, 44.872521220183266 ], [ -93.388560894530684, 44.872521297715124 ], [ -93.388560912702559, 44.872523998291591 ], [ -93.388541923362013, 44.872524062898002 ], [ -93.388541941532992, 44.872526763474461 ], [ -93.388515356454846, 44.872526853918153 ], [ -93.388515374624589, 44.872529554494619 ], [ -93.388496385282096, 44.87252961909347 ], [ -93.388496403450972, 44.872532319669951 ], [ -93.388469818370126, 44.872532410103048 ], [ -93.388469836537737, 44.872535110679522 ], [ -93.388450847193326, 44.872535175270805 ], [ -93.388450865360056, 44.872537875847307 ], [ -93.388409088800159, 44.872538017937039 ], [ -93.388409106964943, 44.872540718513534 ], [ -93.388378724010664, 44.87254082184193 ], [ -93.388378742174027, 44.872543522418432 ], [ -93.388348359218185, 44.87254362573875 ], [ -93.388348377380126, 44.87254632631528 ], [ -93.388314196552997, 44.87254644254098 ], [ -93.388314214713347, 44.872549143117517 ], [ -93.388291427494067, 44.872549220595644 ], [ -93.388291445653351, 44.872551921172175 ], [ -93.388253466952605, 44.872552050292306 ], [ -93.388253485110113, 44.872554750868851 ], [ -93.388223102147904, 44.872554854155872 ], [ -93.388223120304005, 44.872557554732424 ], [ -93.388185141599223, 44.872557683829839 ], [ -93.388185159753547, 44.872560384406398 ], [ -93.388150978917423, 44.87256050058329 ], [ -93.388150997070156, 44.872563201159871 ], [ -93.388124411974005, 44.872563291512613 ], [ -93.388124430125501, 44.8725659920892 ], [ -93.388094047156898, 44.872566095341895 ], [ -93.388094065306959, 44.872568795918475 ], [ -93.388059884465505, 44.872568912068118 ], [ -93.388059902613975, 44.87257161264472 ], [ -93.388021923899231, 44.872571741687885 ], [ -93.388021942045924, 44.872574442264508 ], [ -93.387972569714066, 44.872574610001756 ], [ -93.387972587858457, 44.872577310578393 ], [ -93.387968789986559, 44.872577323480371 ], [ -93.387968771842353, 44.872574622903741 ], [ -93.387930793125221, 44.872574751916609 ], [ -93.387930811267651, 44.87257745249326 ], [ -93.387904226164252, 44.872577542794758 ], [ -93.387904244305446, 44.872580243371402 ], [ -93.387870063456447, 44.872580359464244 ], [ -93.387870081596034, 44.87258306004091 ], [ -93.387797922021875, 44.872583305092242 ], [ -93.387797940158094, 44.872586005668921 ], [ -93.387687801853744, 44.872586379606773 ], [ -93.387687819984833, 44.872589080183488 ], [ -93.387665032748103, 44.872589157536687 ], [ -93.387665050878127, 44.872591858113424 ], [ -93.38758149767213, 44.872592141702945 ], [ -93.387581515798246, 44.872594842279689 ], [ -93.387577717925041, 44.872594855168671 ], [ -93.387577736050972, 44.872597555745401 ], [ -93.387566342430802, 44.872597594411594 ], [ -93.387566360556221, 44.872600294988338 ], [ -93.387558764809071, 44.872600320765173 ], [ -93.387558927934649, 44.872624625955844 ], [ -93.387608300311683, 44.872624458397269 ] ] ] } },
{ "type": "Feature", "properties": { }, "geometry": { "type": "Polygon", "coordinates": [ [ [ -93.389293391428055, 44.872445885935988 ], [ -93.389293373221975, 44.872443185359707 ], [ -93.389312362534241, 44.872443120628461 ], [ -93.38931234432728, 44.8724404200522 ], [ -93.389316142189543, 44.872440407105564 ], [ -93.389315978325428, 44.872416101919171 ], [ -93.389308382604085, 44.872416127812272 ], [ -93.389308364397309, 44.872413427236005 ], [ -93.389274183652745, 44.872413543748763 ], [ -93.389274201857901, 44.872416244325052 ], [ -93.389259010415103, 44.872416296105214 ], [ -93.389259028619549, 44.872418996681489 ], [ -93.38925523075865, 44.872419009626235 ], [ -93.389255412801546, 44.872446015389073 ], [ -93.389293391428055, 44.872445885935988 ] ] ] } },
{ "type": "Feature", "properties": { }, "geometry": { "type": "Polygon", "coordinates": [ [ [ -93.387725381657461, 44.872526837986982 ], [ -93.387725363524652, 44.872524137410245 ], [ -93.387767140077898, 44.872523995570681 ], [ -93.387767121943142, 44.872521294993938 ], [ -93.38777091981143, 44.872521282098674 ], [ -93.387770901676504, 44.872518581521973 ], [ -93.387805082489336, 44.872518465458917 ], [ -93.387804991806775, 44.872504962575363 ], [ -93.387808789673969, 44.872504949678849 ], [ -93.387808771537294, 44.872502249102133 ], [ -93.387812569404304, 44.872502236205491 ], [ -93.387812551267444, 44.872499535628769 ], [ -93.387846732068823, 44.872499419553307 ], [ -93.387846713930386, 44.872496718976599 ], [ -93.387850511797012, 44.872496706078692 ], [ -93.387850493658391, 44.872494005501999 ], [ -93.387877078723477, 44.87249391521312 ], [ -93.387876915464744, 44.872469610022812 ], [ -93.387869319735074, 44.872469635820231 ], [ -93.387869301595572, 44.872466935243523 ], [ -93.387861705866243, 44.872466961040445 ], [ -93.38786168772711, 44.872464260463737 ], [ -93.387835102675609, 44.872464350748977 ], [ -93.387835084537727, 44.872461650172248 ], [ -93.387831286673389, 44.872461663069629 ], [ -93.387831268535692, 44.8724589624929 ], [ -93.387827470671525, 44.872458975390167 ], [ -93.38782743439647, 44.872453574236715 ], [ -93.387823636532659, 44.872453587133826 ], [ -93.387823618395316, 44.872450886557097 ], [ -93.387819820531689, 44.872450899454094 ], [ -93.387819802394532, 44.872448198877365 ], [ -93.387804610940691, 44.872448250464096 ], [ -93.38780459280423, 44.872445549887367 ], [ -93.387800794940944, 44.872445562783732 ], [ -93.387800776804681, 44.872442862206981 ], [ -93.387796978941552, 44.872442875103225 ], [ -93.387796960805474, 44.872440174526474 ], [ -93.387793162942529, 44.87244018742259 ], [ -93.387793144806608, 44.872437486845833 ], [ -93.387789346943862, 44.872437499741821 ], [ -93.387789328808125, 44.87243479916507 ], [ -93.387793126670715, 44.872434786269082 ], [ -93.387793108534808, 44.872432085692346 ], [ -93.387796906397213, 44.872432072796236 ], [ -93.387796779444685, 44.872413168758946 ], [ -93.387800577305853, 44.872413155862716 ], [ -93.387800559169605, 44.872410455285952 ], [ -93.387804357030575, 44.872410442389608 ], [ -93.387804338894171, 44.87240774181285 ], [ -93.38780813675497, 44.872407728916379 ], [ -93.387807900979482, 44.8723726214184 ], [ -93.387792709545508, 44.872372673003483 ], [ -93.387792691409658, 44.872369972426704 ], [ -93.387788893551331, 44.872369985322656 ], [ -93.387788875415666, 44.872367284745877 ], [ -93.387785077557524, 44.872367297641702 ], [ -93.387784986880092, 44.872353794757764 ], [ -93.387777391165571, 44.87235382054903 ], [ -93.38777737303046, 44.872351119972222 ], [ -93.387762181602085, 44.872351171553234 ], [ -93.38776216346767, 44.872348470976434 ], [ -93.387758365610765, 44.872348483871363 ], [ -93.387758347476534, 44.872345783294556 ], [ -93.387750751763036, 44.872345809084038 ], [ -93.387750733629161, 44.872343108507245 ], [ -93.387701361493498, 44.872343276126578 ], [ -93.387701379625057, 44.872345976703386 ], [ -93.387697581768265, 44.872345989596305 ], [ -93.387697563636891, 44.87234328901949 ], [ -93.387693765780284, 44.872343301912274 ], [ -93.387693747649081, 44.872340601335452 ], [ -93.387689949792644, 44.872340614228115 ], [ -93.387689895399575, 44.872332512497621 ], [ -93.387613938281007, 44.872332770324157 ], [ -93.387613992663404, 44.872340872054735 ], [ -93.387610194806925, 44.872340884944741 ], [ -93.387610212934206, 44.872343585521584 ], [ -93.387606415077542, 44.872343598411462 ], [ -93.387606433204652, 44.872346298988319 ], [ -93.387515284639576, 44.872346608307588 ], [ -93.387515266516715, 44.872343907730702 ], [ -93.387503872946525, 44.872343946390487 ], [ -93.387503854824189, 44.872341245813608 ], [ -93.387492461254496, 44.872341284472256 ], [ -93.387492443132714, 44.872338583895363 ], [ -93.38744307099941, 44.872338751403035 ], [ -93.387443089118889, 44.872341451979935 ], [ -93.387439291262282, 44.872341464864256 ], [ -93.387439273142974, 44.872338764287349 ], [ -93.387435475286551, 44.872338777171542 ], [ -93.387435457167427, 44.872336076594635 ], [ -93.387420265742392, 44.872336128130137 ], [ -93.387420247623993, 44.872333427553222 ], [ -93.387382269063011, 44.87233355638314 ], [ -93.387382250946388, 44.872330855806212 ], [ -93.387378453090449, 44.872330868688508 ], [ -93.387378434973996, 44.872328168111586 ], [ -93.387374637118242, 44.872328180993755 ], [ -93.387374600885707, 44.872322779839891 ], [ -93.387359409464068, 44.872322831367292 ], [ -93.387359391348525, 44.872320130790328 ], [ -93.387355593493282, 44.872320143671857 ], [ -93.38735557537791, 44.872317443094929 ], [ -93.387340383957635, 44.872317494619786 ], [ -93.387340365842974, 44.872314794042836 ], [ -93.387328972278283, 44.872314832685163 ], [ -93.387328954164147, 44.872312132108213 ], [ -93.387317560599968, 44.872312170749389 ], [ -93.387317542486386, 44.872309470172439 ], [ -93.387260574667764, 44.872309663361278 ], [ -93.387260610889612, 44.87231506451522 ], [ -93.387256813034668, 44.872315077393459 ], [ -93.387256831145422, 44.872317777970437 ], [ -93.387253033290293, 44.87231779084857 ], [ -93.387253051400862, 44.872320491425548 ], [ -93.387249253545548, 44.872320504303538 ], [ -93.387249289766359, 44.872325905457494 ], [ -93.38724549191069, 44.872325918335378 ], [ -93.387245510020932, 44.872328618912348 ], [ -93.387241712165064, 44.872328631790104 ], [ -93.387241730275122, 44.872331332367075 ], [ -93.387237932419097, 44.872331345244696 ], [ -93.387237950528984, 44.872334045821674 ], [ -93.387234152672761, 44.872334058699153 ], [ -93.387234170782477, 44.872336759276159 ], [ -93.38719239436206, 44.872336900920324 ], [ -93.387192448685326, 44.872345002651279 ], [ -93.387188650828378, 44.872345015527252 ], [ -93.387188668935963, 44.872347716104244 ], [ -93.38718487107883, 44.872347728980102 ], [ -93.387184889186244, 44.872350429557095 ], [ -93.387177293471609, 44.872350455308442 ], [ -93.387177311578682, 44.872353155885428 ], [ -93.38717351372118, 44.87235316876091 ], [ -93.387173531828068, 44.872355869337902 ], [ -93.387169733970396, 44.872355882213263 ], [ -93.387169752077099, 44.872358582790248 ], [ -93.387165954219242, 44.872358595665482 ], [ -93.387165990432308, 44.872363996819459 ], [ -93.387162192574095, 44.872364009694579 ], [ -93.387162210680458, 44.872366710271557 ], [ -93.38715841282206, 44.872366723146548 ], [ -93.387158430928238, 44.872369423723526 ], [ -93.38715463306967, 44.872369436598376 ], [ -93.387154651175678, 44.872372137175368 ], [ -93.387150853316925, 44.872372150050104 ], [ -93.387150871422762, 44.872374850627089 ], [ -93.387147073563838, 44.872374863501697 ], [ -93.387147109775142, 44.872380264655675 ], [ -93.387143311915864, 44.872380277530162 ], [ -93.387143330021345, 44.87238297810714 ], [ -93.387139532161882, 44.8723829909815 ], [ -93.387139695109767, 44.872407296174309 ], [ -93.387143492970836, 44.872407283299943 ], [ -93.387143529181856, 44.872412684453877 ], [ -93.387200497102896, 44.872412491323075 ], [ -93.387200515211077, 44.872415191900025 ], [ -93.387204313072644, 44.872415179023626 ], [ -93.387204331180996, 44.872417879600583 ], [ -93.387299277723599, 44.872417557649541 ], [ -93.387299259610799, 44.872414857072634 ], [ -93.387303057472295, 44.872414844192946 ], [ -93.38730303935931, 44.872412143616025 ], [ -93.387314432943242, 44.872412104976235 ], [ -93.387314414829746, 44.872409404399313 ], [ -93.387318212690872, 44.872409391519135 ], [ -93.38731819457719, 44.872406690942221 ], [ -93.387321992438132, 44.872406678061914 ], [ -93.38732197432428, 44.872403977485 ], [ -93.387325772185051, 44.872403964604565 ], [ -93.387325754071014, 44.872401264027637 ], [ -93.3873295519316, 44.872401251147075 ], [ -93.387329533817393, 44.872398550570161 ], [ -93.387352320979801, 44.872398473284164 ], [ -93.387352339095074, 44.872401173861071 ], [ -93.387375126258462, 44.872401096570513 ], [ -93.387375144374801, 44.87240379714742 ], [ -93.387378942235529, 44.872403784265217 ], [ -93.387378960352038, 44.872406484842116 ], [ -93.387382758212951, 44.872406471959785 ], [ -93.387382776329659, 44.87240917253667 ], [ -93.387386574190742, 44.872409159654218 ], [ -93.3873866104245, 44.872414560807997 ], [ -93.387390408285938, 44.872414547925409 ], [ -93.387390426403002, 44.872417248502302 ], [ -93.387394224264611, 44.872417235619587 ], [ -93.387394242381845, 44.872419936196472 ], [ -93.387398040243625, 44.872419923313636 ], [ -93.387398058361057, 44.872422623890515 ], [ -93.387401856223008, 44.872422611007558 ], [ -93.387401874340625, 44.872425311584422 ], [ -93.387417065789151, 44.87242526005128 ], [ -93.387417083907465, 44.872427960628166 ], [ -93.387470253979458, 44.872427780246234 ], [ -93.387470272100273, 44.872430480823084 ], [ -93.387474069962721, 44.872430467937711 ], [ -93.387474088083692, 44.872433168514561 ], [ -93.387477885946311, 44.872433155629061 ], [ -93.387477904067481, 44.872435856205911 ], [ -93.38748170193027, 44.872435843320282 ], [ -93.387481720051625, 44.87243854389714 ], [ -93.387493113640517, 44.872438505239487 ], [ -93.387493131762412, 44.872441205816337 ], [ -93.387496929625541, 44.872441192930197 ], [ -93.387496947747607, 44.87244389350704 ], [ -93.387500745610907, 44.872443880620786 ], [ -93.387500763733158, 44.872446581197629 ], [ -93.387504561596643, 44.872446568311233 ], [ -93.387504579719078, 44.872449268888069 ], [ -93.387515973310045, 44.872449230228135 ], [ -93.38751599143302, 44.872451930804971 ], [ -93.387523587160686, 44.872451905031049 ], [ -93.387523605283988, 44.872454605607878 ], [ -93.387534998876006, 44.87245456694604 ], [ -93.387535016999848, 44.872457267522869 ], [ -93.38753881486403, 44.872457254635343 ], [ -93.387538832988056, 44.872459955212165 ], [ -93.387542630852423, 44.872459942324497 ], [ -93.387542667100846, 44.872465343478126 ], [ -93.387554060694953, 44.872465304814391 ], [ -93.38755407881969, 44.872468005391198 ], [ -93.387569270279172, 44.872467953837777 ], [ -93.387569288404634, 44.872470654414585 ], [ -93.387573086269668, 44.872470641525901 ], [ -93.387573104395315, 44.872473342102715 ], [ -93.387576902260548, 44.872473329213918 ], [ -93.387576920386351, 44.872476029790718 ], [ -93.387580718251755, 44.872476016901778 ], [ -93.387580736377743, 44.872478717478572 ], [ -93.387588332108891, 44.872478691700351 ], [ -93.387588350235248, 44.87248139227713 ], [ -93.387592148100978, 44.872481379387821 ], [ -93.38759216622752, 44.872484079964622 ], [ -93.387603559825266, 44.87248404129592 ], [ -93.387603577952333, 44.872486741872713 ], [ -93.387618769416662, 44.872486690312684 ], [ -93.387618787544454, 44.872489390889477 ], [ -93.387626383276952, 44.872489365108699 ], [ -93.387626401405086, 44.872492065685464 ], [ -93.387630199271513, 44.87249205279489 ], [ -93.387630217399845, 44.872494753371662 ], [ -93.387634015266428, 44.872494740480953 ], [ -93.387634069651966, 44.872502842211276 ], [ -93.387637867519103, 44.872502829320439 ], [ -93.387637885647791, 44.872505529897211 ], [ -93.387641683515099, 44.872505517006239 ], [ -93.387641701643972, 44.872508217582997 ], [ -93.38764549951145, 44.872508204691918 ], [ -93.387645572027665, 44.872519006998957 ], [ -93.387672157104916, 44.872518916757755 ], [ -93.387672175235224, 44.872521617334492 ], [ -93.387675973103583, 44.87252160444239 ], [ -93.387675991234062, 44.872524305019148 ], [ -93.387679789102592, 44.872524292126919 ], [ -93.387679807233255, 44.872526992703655 ], [ -93.387725381657461, 44.872526837986982 ] ] ] } },
{ "type": "Feature", "properties": { }, "geometry": { "type": "Polygon", "coordinates": [ [ [ -93.389414777337151, 44.872423866991426 ], [ -93.389414759125401, 44.87242116641518 ], [ -93.389429950569223, 44.872421114614291 ], [ -93.389429932356776, 44.872418414038059 ], [ -93.389445123799831, 44.872418362235159 ], [ -93.389445105586674, 44.872415661658927 ], [ -93.389460297028975, 44.872415609853995 ], [ -93.389460278815122, 44.87241290927777 ], [ -93.389471672396297, 44.872412870422764 ], [ -93.389471654181904, 44.872410169846539 ], [ -93.389486845622713, 44.872410118038097 ], [ -93.389486827407623, 44.872407417461872 ], [ -93.389502018847679, 44.872407365651405 ], [ -93.389502000631865, 44.87240466507518 ], [ -93.389513394211363, 44.872404626216017 ], [ -93.389513375995023, 44.872401925639814 ], [ -93.389524769573953, 44.8724018867795 ], [ -93.389524751357087, 44.872399186203296 ], [ -93.389539942794912, 44.872399134387791 ], [ -93.389539924577335, 44.872396433811581 ], [ -93.389551318155142, 44.872396394948645 ], [ -93.38955129993704, 44.872393694372413 ], [ -93.389566491373373, 44.872393642553398 ], [ -93.389566473154559, 44.872390941977194 ], [ -93.389581664590153, 44.872390890156147 ], [ -93.389581646370615, 44.872388189579958 ], [ -93.389593039946746, 44.872388150712858 ], [ -93.389593021726697, 44.872385450136655 ], [ -93.389604415302273, 44.872385411268418 ], [ -93.389604397081683, 44.872382710692229 ], [ -93.389619588515046, 44.872382658866151 ], [ -93.389619570293746, 44.872379958289962 ], [ -93.3896309638682, 44.87237991941906 ], [ -93.389630945646374, 44.872377218842871 ], [ -93.38964613707823, 44.872377167013276 ], [ -93.389646118855708, 44.872374466437087 ], [ -93.389657512429054, 44.872374427563557 ], [ -93.389657494205977, 44.872371726987382 ], [ -93.389668887778768, 44.872371688112729 ], [ -93.389668869555166, 44.872368987536547 ], [ -93.389684060984791, 44.872368935701907 ], [ -93.389684042760493, 44.872366235125718 ], [ -93.389695436332161, 44.872366196248407 ], [ -93.389695418107323, 44.872363495672239 ], [ -93.389706811678437, 44.872363456793792 ], [ -93.389706793453072, 44.872360756217631 ], [ -93.389718187023618, 44.872360717338054 ], [ -93.389718168797728, 44.872358016761886 ], [ -93.389729562367734, 44.872357977881187 ], [ -93.389729544141304, 44.872355277305026 ], [ -93.389759926993079, 44.872355173617599 ], [ -93.389759908765242, 44.872352473041431 ], [ -93.389763706621522, 44.872352460079931 ], [ -93.389763688393515, 44.872349759503777 ], [ -93.389767486249625, 44.872349746542163 ], [ -93.389767468021432, 44.872347045966002 ], [ -93.389786457301014, 44.872346981156014 ], [ -93.389786439071941, 44.872344280579853 ], [ -93.389790236927681, 44.872344267617486 ], [ -93.389790218698423, 44.872341567041332 ], [ -93.38980541012063, 44.87234151519057 ], [ -93.389805391890675, 44.872338814614409 ], [ -93.389816785456745, 44.872338775725012 ], [ -93.389816767226264, 44.872336075148873 ], [ -93.389828160791794, 44.872336036258346 ], [ -93.389828142560773, 44.8723333356822 ], [ -93.389839536125749, 44.872333296790551 ], [ -93.389839517894202, 44.872330596214404 ], [ -93.389854709313425, 44.872330544357098 ], [ -93.389854691081169, 44.872327843780951 ], [ -93.389866084645021, 44.872327804886652 ], [ -93.389866066412225, 44.872325104310505 ], [ -93.389873662121104, 44.872325078380342 ], [ -93.389873643887967, 44.872322377804203 ], [ -93.389885037450711, 44.87232233890802 ], [ -93.389885019217047, 44.872319638331888 ], [ -93.389896412779251, 44.872319599434562 ], [ -93.389896394545048, 44.872316898858429 ], [ -93.389907788106683, 44.87231685995998 ], [ -93.389907769871954, 44.872314159383848 ], [ -93.389919163433035, 44.872314120484262 ], [ -93.38991914519778, 44.872311419908115 ], [ -93.389930538758307, 44.8723113810074 ], [ -93.389930520522512, 44.872308680431274 ], [ -93.389941914082485, 44.872308641529415 ], [ -93.389941895846164, 44.872305940953304 ], [ -93.389953289405582, 44.872305902050314 ], [ -93.389953271168736, 44.872303201474196 ], [ -93.389960866874645, 44.872303175538235 ], [ -93.389960848637429, 44.872300474962131 ], [ -93.389976040048509, 44.87230042308871 ], [ -93.389976021810597, 44.872297722512577 ], [ -93.389987415368353, 44.872297683606192 ], [ -93.3899873971299, 44.872294983030088 ], [ -93.390002588539488, 44.872294931153135 ], [ -93.390002570300339, 44.872292230577024 ], [ -93.390010166004757, 44.872292204637795 ], [ -93.390010111286273, 44.872284102909461 ], [ -93.390013909137949, 44.872284089939669 ], [ -93.390013890898288, 44.872281389363565 ], [ -93.390017688749779, 44.87228137639363 ], [ -93.390017670509934, 44.872278675817526 ], [ -93.39002146836124, 44.872278662847478 ], [ -93.390021486601256, 44.872281363423582 ], [ -93.390055667264548, 44.872281246687436 ], [ -93.390055649022941, 44.872278546111332 ], [ -93.390063244725496, 44.872278520168592 ], [ -93.390063226483534, 44.872275819592488 ], [ -93.390067024334641, 44.872275806620927 ], [ -93.390067006092494, 44.872273106044823 ], [ -93.390070803943416, 44.872273093073133 ], [ -93.390070785701084, 44.872270392497029 ], [ -93.390082179253312, 44.872270353581207 ], [ -93.390082161010469, 44.872267653005117 ], [ -93.390085958861022, 44.872267640032916 ], [ -93.390085940617993, 44.872264939456826 ], [ -93.390093536318744, 44.872264913512069 ], [ -93.390093518075361, 44.872262212935979 ], [ -93.390101113775756, 44.872262186990717 ], [ -93.390100949582248, 44.872237881805823 ], [ -93.390059173247565, 44.872238024498401 ], [ -93.390059191489328, 44.872240725074512 ], [ -93.390051595791718, 44.872240751016982 ], [ -93.390051614033126, 44.8722434515931 ], [ -93.390044018335161, 44.872243477535065 ], [ -93.390044036576214, 44.872246178111183 ], [ -93.390040238727053, 44.872246191081985 ], [ -93.390040256967922, 44.87224889165811 ], [ -93.390036459118591, 44.872248904628769 ], [ -93.390036477359288, 44.872251605204887 ], [ -93.390021285961168, 44.872251657086302 ], [ -93.390021358921175, 44.872262459390797 ], [ -93.39001756107092, 44.872262472360831 ], [ -93.390017579310737, 44.872265172936949 ], [ -93.390013781460326, 44.872265185906876 ], [ -93.390013799699972, 44.872267886482973 ], [ -93.390010001849362, 44.87226789945278 ], [ -93.390009983609886, 44.872265198876654 ], [ -93.389975802955902, 44.872265315599108 ], [ -93.389975821193786, 44.872268016175227 ], [ -93.389964427641871, 44.872268055080447 ], [ -93.389964445879215, 44.872270755656565 ], [ -93.38995305232676, 44.872270794560649 ], [ -93.389953070563578, 44.872273495136795 ], [ -93.389941677010555, 44.872273534039735 ], [ -93.389941695246833, 44.872276234615867 ], [ -93.389930301693269, 44.872276273517684 ], [ -93.389930319929022, 44.872278974093824 ], [ -93.389922724226267, 44.872279000027731 ], [ -93.389922742461678, 44.872281700603878 ], [ -93.389911348906992, 44.872281739503798 ], [ -93.389911367141863, 44.872284440079937 ], [ -93.389899973586637, 44.872284478978735 ], [ -93.389899991820982, 44.872287179554888 ], [ -93.389877204709379, 44.872287257349065 ], [ -93.389877222942658, 44.872289957925219 ], [ -93.389873425090528, 44.872289970890471 ], [ -93.389873443323637, 44.872292671466617 ], [ -93.389854454062103, 44.872292736291016 ], [ -93.389854472294331, 44.872295436867176 ], [ -93.389850674441846, 44.872295449831675 ], [ -93.389850692673875, 44.872298150407829 ], [ -93.389839299115863, 44.872298189300579 ], [ -93.389839317347381, 44.87230088987674 ], [ -93.389816530230192, 44.872300967658838 ], [ -93.389816548460658, 44.872303668234998 ], [ -93.389767176370796, 44.872303836747278 ], [ -93.389767194598946, 44.872306537323468 ], [ -93.389763396745678, 44.87230655028506 ], [ -93.389763414973658, 44.872309250861242 ], [ -93.389740627852973, 44.872309328628198 ], [ -93.389740646079886, 44.87231202920438 ], [ -93.389736848226235, 44.872312042165106 ], [ -93.389736866452978, 44.872314742741302 ], [ -93.389725472891527, 44.872314781622705 ], [ -93.38972549111773, 44.872317482198895 ], [ -93.389710299701719, 44.872317534038991 ], [ -93.389710317927211, 44.872320234615188 ], [ -93.389691328656255, 44.872320299412493 ], [ -93.389691346880852, 44.872322999988675 ], [ -93.389683751172086, 44.872323025906717 ], [ -93.389683769396356, 44.872325726482899 ], [ -93.38966098226895, 44.872325804233995 ], [ -93.38966100049214, 44.872328504810213 ], [ -93.389657202637395, 44.872328517768288 ], [ -93.389657220860414, 44.872331218344492 ], [ -93.389642029440665, 44.872331270175536 ], [ -93.389642047662974, 44.87233397075174 ], [ -93.389626856242472, 44.872334022580759 ], [ -93.389626929128895, 44.872344824885595 ], [ -93.389623131273041, 44.872344837842526 ], [ -93.389623149494483, 44.872347538418744 ], [ -93.389619351638459, 44.872347551375562 ], [ -93.389619369859716, 44.872350251951765 ], [ -93.389604178434894, 44.872350303777793 ], [ -93.389604196655441, 44.872353004353997 ], [ -93.389589005229865, 44.872353056178 ], [ -93.389588987010029, 44.872350355601796 ], [ -93.389547210591445, 44.872350498107373 ], [ -93.389547228809334, 44.872353198683598 ], [ -93.389516845957814, 44.872353302314437 ], [ -93.389516864174283, 44.872356002890676 ], [ -93.389501672747755, 44.872356054703062 ], [ -93.389501690963527, 44.872358755279308 ], [ -93.389497893106721, 44.872358768232097 ], [ -93.389497911322294, 44.872361468808336 ], [ -93.389494113465304, 44.87236148176099 ], [ -93.389494131680721, 44.872364182337229 ], [ -93.38948273810918, 44.872364221194452 ], [ -93.389482774538948, 44.872369622346945 ], [ -93.389478976681417, 44.872369635299101 ], [ -93.389478994896123, 44.87237233587534 ], [ -93.389475197038408, 44.872372348827369 ], [ -93.389475215252929, 44.872375049403601 ], [ -93.389456225963414, 44.872375114161876 ], [ -93.389456244177069, 44.872377814738115 ], [ -93.389452446318984, 44.872377827689391 ], [ -93.389452464532454, 44.872380528265637 ], [ -93.389441070957631, 44.872380567118718 ], [ -93.389441089170575, 44.872383267694971 ], [ -93.3894069084444, 44.872383384247385 ], [ -93.389406926655752, 44.872386084823646 ], [ -93.389403128797099, 44.87238609777328 ], [ -93.389403147008267, 44.872388798349526 ], [ -93.389391753431752, 44.87238883719769 ], [ -93.389391771642394, 44.872391537773943 ], [ -93.389384175924334, 44.872391563672096 ], [ -93.389384212344922, 44.872396964824617 ], [ -93.389380414485544, 44.872396977773512 ], [ -93.38938043269566, 44.872399678349765 ], [ -93.389376634836097, 44.872399691298533 ], [ -93.389376798725664, 44.872423996484819 ], [ -93.389414777337151, 44.872423866991426 ] ] ] } },
{ "type": "Feature", "properties": { }, "geometry": { "type": "Polygon", "coordinates": [ [ [ -93.388900811110972, 44.872239274311994 ], [ -93.388900574672576, 44.872204166817525 ], [ -93.388824617733704, 44.872204425448714 ], [ -93.388824635917715, 44.872207126025245 ], [ -93.388820838070558, 44.872207138955467 ], [ -93.388820856254384, 44.872209839531997 ], [ -93.388813260559729, 44.872209865392094 ], [ -93.388813424211094, 44.872234170580811 ], [ -93.388836211304636, 44.872234092998958 ], [ -93.388836229489186, 44.872236793575475 ], [ -93.388843825187379, 44.872236767713851 ], [ -93.3888438433723, 44.872239468290353 ], [ -93.388900811110972, 44.872239274311994 ] ] ] } },
{ "type": "Feature", "properties": { }, "geometry": { "type": "Polygon", "coordinates": [ [ [ -93.389701173091211, 44.872090711553412 ], [ -93.389701154866287, 44.872088010977116 ], [ -93.389704952705216, 44.872087998017619 ], [ -93.389704934480108, 44.87208529744133 ], [ -93.389708732318837, 44.872085284481727 ], [ -93.389708714093572, 44.872082583905403 ], [ -93.389712511932132, 44.872082570945672 ], [ -93.389712475481247, 44.872077169793073 ], [ -93.389716273319436, 44.872077156833214 ], [ -93.389716255093816, 44.872074456256911 ], [ -93.389720052931835, 44.872074443296938 ], [ -93.389719998254463, 44.872066341568008 ], [ -93.389723796091957, 44.872066328607907 ], [ -93.389723777865981, 44.872063628031597 ], [ -93.38972757570329, 44.872063615071376 ], [ -93.389727557477158, 44.872060914495073 ], [ -93.389738950988502, 44.872060875613634 ], [ -93.389738932761844, 44.872058175037324 ], [ -93.389754124109587, 44.872058123193646 ], [ -93.389754105882204, 44.872055422617329 ], [ -93.389757903718944, 44.872055409656085 ], [ -93.389757885491392, 44.872052709079796 ], [ -93.389761683327961, 44.872052696118438 ], [ -93.389761665100238, 44.872049995542127 ], [ -93.389765462936637, 44.872049982580648 ], [ -93.389765298885607, 44.872025677393879 ], [ -93.389753905381227, 44.872025716277932 ], [ -93.389753887153887, 44.8720230157016 ], [ -93.389750089319278, 44.872023028662703 ], [ -93.389750071092095, 44.872020328086379 ], [ -93.389746273257657, 44.872020341047353 ], [ -93.389746255030673, 44.872017640471036 ], [ -93.389666500510458, 44.872017912622141 ], [ -93.389666518733719, 44.872020613198494 ], [ -93.38966272089921, 44.872020626156669 ], [ -93.389662739122286, 44.872023326733022 ], [ -93.389658941287621, 44.872023339691083 ], [ -93.389658959510513, 44.872026040267428 ], [ -93.389655161675648, 44.872026053225369 ], [ -93.389655179898384, 44.872028753801715 ], [ -93.389651382063334, 44.872028766759534 ], [ -93.389651400285899, 44.872031467335887 ], [ -93.38964760245068, 44.872031480293572 ], [ -93.38964762067306, 44.872034180869917 ], [ -93.389643822837655, 44.872034193827474 ], [ -93.389643841059851, 44.872036894403813 ], [ -93.389640043224276, 44.872036907361263 ], [ -93.3896400614463, 44.872039607937609 ], [ -93.389613476595898, 44.872039698636144 ], [ -93.389613531258291, 44.872047800365209 ], [ -93.389609733421977, 44.872047813321643 ], [ -93.389609751642581, 44.872050513897996 ], [ -93.389605953806097, 44.872050526854302 ], [ -93.389605972026544, 44.872053227430641 ], [ -93.389594578516508, 44.872053266298821 ], [ -93.389594596736416, 44.872055966875166 ], [ -93.38958320322584, 44.872056005742202 ], [ -93.389583221445221, 44.872058706318576 ], [ -93.389579423608168, 44.872058719274001 ], [ -93.389579605800378, 44.872085725037508 ], [ -93.389583403639207, 44.872085712082061 ], [ -93.389583421858617, 44.872088412658407 ], [ -93.389587219697617, 44.872088399702839 ], [ -93.389587237917212, 44.872091100279171 ], [ -93.389651801182751, 44.872090880015193 ], [ -93.389651782960144, 44.872088179438876 ], [ -93.389655580799101, 44.872088166481035 ], [ -93.389655562576309, 44.872085465904725 ], [ -93.389663158253853, 44.872085439988659 ], [ -93.389663176476986, 44.872088140564976 ], [ -93.389666974315929, 44.872088127606759 ], [ -93.389666992539262, 44.872090828183069 ], [ -93.389701173091211, 44.872090711553412 ] ] ] } },
{ "type": "Feature", "properties": { }, "geometry": { "type": "Polygon", "coordinates": [ [ [ -93.386616946326853, 44.872611614908386 ], [ -93.38661678359783, 44.872587309714952 ], [ -93.386593996358926, 44.872587386854448 ], [ -93.386593978279009, 44.872584686277392 ], [ -93.386590180406017, 44.872584699133526 ], [ -93.386590162326286, 44.872581998556477 ], [ -93.386567375089399, 44.872582075690644 ], [ -93.386567357010733, 44.87257937511356 ], [ -93.386525580411501, 44.872579516514413 ], [ -93.386525562334782, 44.872576815937315 ], [ -93.386487583609721, 44.872576944470261 ], [ -93.386487565534779, 44.872574243893162 ], [ -93.386430597449376, 44.872574436668877 ], [ -93.386430579377105, 44.872571736091757 ], [ -93.386411590016067, 44.872571800344019 ], [ -93.386411571944677, 44.872569099766892 ], [ -93.386381188968301, 44.872569202563909 ], [ -93.386381170898332, 44.872566501986768 ], [ -93.38635078792322, 44.872566604775706 ], [ -93.386350769854687, 44.872563904198557 ], [ -93.38631658900907, 44.872564019826434 ], [ -93.386316570942142, 44.872561319249279 ], [ -93.386286187969517, 44.872561422021022 ], [ -93.386286169904011, 44.872558721443845 ], [ -93.386263382675494, 44.872558798517332 ], [ -93.386263364611054, 44.872556097940141 ], [ -93.386187407185588, 44.872556354818933 ], [ -93.3861873891247, 44.87255365424172 ], [ -93.386183591253584, 44.872553667084333 ], [ -93.386183573192866, 44.872550966507127 ], [ -93.386160785967135, 44.872551043560136 ], [ -93.386160767907498, 44.872548342982924 ], [ -93.38613038494114, 44.872548445713193 ], [ -93.386130366882924, 44.872545745135966 ], [ -93.386103781788478, 44.872545835018315 ], [ -93.386103763731498, 44.872543134441074 ], [ -93.386077178638175, 44.872543224317219 ], [ -93.386077160582445, 44.872540523739971 ], [ -93.386050575490231, 44.872540613609914 ], [ -93.386050557435752, 44.872537913032666 ], [ -93.38602397234466, 44.872538002896412 ], [ -93.386023954291417, 44.87253530231915 ], [ -93.386004964941449, 44.872535366503755 ], [ -93.386004946889116, 44.872532665926485 ], [ -93.385985957539958, 44.87253273010792 ], [ -93.385985939488506, 44.87253002953063 ], [ -93.385959354400839, 44.872530119379334 ], [ -93.385959336350638, 44.872527418802036 ], [ -93.385940347003114, 44.872527482975876 ], [ -93.385940328953794, 44.872524782398592 ], [ -93.385921339607094, 44.87252484656927 ], [ -93.385921321558669, 44.872522145991972 ], [ -93.385906130081977, 44.872522197326248 ], [ -93.385906112034263, 44.872519496748929 ], [ -93.385902314165264, 44.872519509582183 ], [ -93.385902296117735, 44.872516809004864 ], [ -93.385898498248892, 44.872516821837991 ], [ -93.385898462154188, 44.87251142068336 ], [ -93.385860483469344, 44.872511549007619 ], [ -93.385860501514912, 44.872514249584945 ], [ -93.385833916434109, 44.872514339404418 ], [ -93.385833898389791, 44.872511638827078 ], [ -93.385830100521275, 44.872511651657931 ], [ -93.385830082477113, 44.872508951080583 ], [ -93.385826284608768, 44.872508963911308 ], [ -93.385826266564806, 44.87250626333396 ], [ -93.385822468696631, 44.872506276164557 ], [ -93.385822450652839, 44.872503575587217 ], [ -93.385799663444843, 44.872503652568099 ], [ -93.38579964540213, 44.872500951990752 ], [ -93.385757868855862, 44.872501093110564 ], [ -93.385757886896627, 44.87250379368794 ], [ -93.385750291160548, 44.872503819344445 ], [ -93.385750273120138, 44.872501118767069 ], [ -93.385735081648676, 44.872501170078571 ], [ -93.385735063608962, 44.872498469501195 ], [ -93.385716074270462, 44.872498533637717 ], [ -93.385716056231658, 44.872495833060334 ], [ -93.385685673291349, 44.872495935672205 ], [ -93.385685655253965, 44.872493235094801 ], [ -93.385662868049664, 44.872493312048384 ], [ -93.385662850013361, 44.872490611470987 ], [ -93.385651456411722, 44.872490649946066 ], [ -93.385651438375945, 44.872487949368661 ], [ -93.385624853306595, 44.872488039139434 ], [ -93.385624835272054, 44.872485338562022 ], [ -93.385609643804514, 44.872485389856806 ], [ -93.385609625770684, 44.872482689279394 ], [ -93.385594434303812, 44.872482740572174 ], [ -93.385594416270706, 44.872480039994741 ], [ -93.385590618404166, 44.872480052817615 ], [ -93.385590600371231, 44.872477352240175 ], [ -93.385586802504861, 44.872477365062934 ], [ -93.385586784472096, 44.872474664485502 ], [ -93.385575390873512, 44.872474702952978 ], [ -93.385575372841288, 44.872472002375538 ], [ -93.385552585645101, 44.872472079307094 ], [ -93.385552567613956, 44.87246937872964 ], [ -93.385537376150481, 44.872469430014817 ], [ -93.385537358120047, 44.87246672943737 ], [ -93.385525964522941, 44.872466767899908 ], [ -93.385525946493047, 44.872464067322461 ], [ -93.385514552896453, 44.87246410578387 ], [ -93.385514534867085, 44.872461405206401 ], [ -93.385446173290276, 44.872461635950962 ], [ -93.38544615526412, 44.872458935373466 ], [ -93.385430963803202, 44.872458986644475 ], [ -93.385430945777756, 44.872456286066985 ], [ -93.385419552182569, 44.872456324518907 ], [ -93.385419534157649, 44.872453623941425 ], [ -93.385415736292771, 44.872453636758479 ], [ -93.385415718268021, 44.872450936180975 ], [ -93.385389133214986, 44.872451025896822 ], [ -93.385389115191501, 44.872448325319304 ], [ -93.385366328004153, 44.872448402213664 ], [ -93.385366309981734, 44.872445701636138 ], [ -93.385347320659761, 44.872445765711298 ], [ -93.385347302638223, 44.872443065133773 ], [ -93.385335909045537, 44.872443103577339 ], [ -93.385335891024539, 44.872440402999814 ], [ -93.385320699568311, 44.872440454256136 ], [ -93.385320681548023, 44.872437753678611 ], [ -93.385301692228552, 44.87243781774616 ], [ -93.385301674209174, 44.872435117168621 ], [ -93.385286482754267, 44.872435168420381 ], [ -93.385286464735586, 44.872432467842842 ], [ -93.385271273281347, 44.87243251909257 ], [ -93.385271255263376, 44.872429818515016 ], [ -93.38525606380982, 44.87242986976274 ], [ -93.385256045792559, 44.872427169185173 ], [ -93.385244652202886, 44.87242720761963 ], [ -93.385244634186165, 44.872424507042069 ], [ -93.385225644870886, 44.872424571096964 ], [ -93.38522562685506, 44.872421870519389 ], [ -93.385210435403508, 44.872421921761024 ], [ -93.385210417388379, 44.872419221183442 ], [ -93.385195225937494, 44.872419272423059 ], [ -93.385195207923104, 44.872416571845477 ], [ -93.385180016472887, 44.872416623083062 ], [ -93.385179998459193, 44.87241392250548 ], [ -93.385164807009645, 44.87241397374104 ], [ -93.385164788996661, 44.872411273163443 ], [ -93.385149597547795, 44.872411324396985 ], [ -93.385149579535536, 44.872408623819368 ], [ -93.385134388087309, 44.872408675050877 ], [ -93.385134370075775, 44.872405974473274 ], [ -93.385122976490109, 44.872406012895574 ], [ -93.385122958479101, 44.872403312317964 ], [ -93.38510396917053, 44.872403376352608 ], [ -93.385103951160389, 44.87240067577499 ], [ -93.385092557575746, 44.872400714194256 ], [ -93.385092539566159, 44.872398013616632 ], [ -93.385081145982028, 44.872398052034761 ], [ -93.385081127972967, 44.872395351457115 ], [ -93.385073532250559, 44.872395377068564 ], [ -93.385073514241867, 44.872392676490925 ], [ -93.385054524936677, 44.872392740517348 ], [ -93.385054506928867, 44.872390039939695 ], [ -93.385035517624502, 44.872390103962942 ], [ -93.385035499617572, 44.872387403385297 ], [ -93.385020308174759, 44.872387454601615 ], [ -93.385020290168555, 44.872384754023962 ], [ -93.385005098726396, 44.872384805238262 ], [ -93.385005080720902, 44.872382104660588 ], [ -93.384993687139783, 44.872382143069984 ], [ -93.384993669134829, 44.872379442492317 ], [ -93.384978477694034, 44.872379493703065 ], [ -93.38497845968979, 44.872376793125383 ], [ -93.384967066109695, 44.872376831532115 ], [ -93.384967048105977, 44.872374130954448 ], [ -93.384955654526394, 44.872374169360029 ], [ -93.384955636523216, 44.872371468782354 ], [ -93.384944242944144, 44.872371507186806 ], [ -93.384944224941492, 44.87236880660911 ], [ -93.384932831362931, 44.872368845012417 ], [ -93.38493281336082, 44.872366144434721 ], [ -93.384921419782771, 44.872366182836892 ], [ -93.384921401781199, 44.872363482259203 ], [ -93.38491760392202, 44.872363495059673 ], [ -93.384917585920633, 44.87236079448197 ], [ -93.384913788061638, 44.872360807282313 ], [ -93.384913770060422, 44.872358106704617 ], [ -93.384887185048555, 44.872358196303466 ], [ -93.384887167048603, 44.872355495725742 ], [ -93.384883369189922, 44.872355508525068 ], [ -93.38488335119014, 44.872352807947358 ], [ -93.384864361897641, 44.872352871942105 ], [ -93.384864343898755, 44.872350171364388 ], [ -93.384849152465421, 44.872350222557898 ], [ -93.384849134467245, 44.872347521980181 ], [ -93.384833943034565, 44.872347573171673 ], [ -93.384833925037114, 44.872344872593928 ], [ -93.384822531463101, 44.872344910986229 ], [ -93.384822513466176, 44.87234221040849 ], [ -93.384811119892703, 44.872342248799633 ], [ -93.384811101896304, 44.872339548221895 ], [ -93.38479591046567, 44.872339599408306 ], [ -93.384795892469995, 44.872336898830568 ], [ -93.384780701040015, 44.872336950014976 ], [ -93.384780683045065, 44.872334249437216 ], [ -93.384765491615752, 44.872334300619606 ], [ -93.384765473621499, 44.872331600041839 ], [ -93.384757877907191, 44.87233162563227 ], [ -93.384757859913293, 44.872328925054475 ], [ -93.384754062056317, 44.87232893784951 ], [ -93.384754044062603, 44.872326237271743 ], [ -93.384750246205797, 44.872326250066635 ], [ -93.384750228212269, 44.872323549488868 ], [ -93.384742632498998, 44.872323575078291 ], [ -93.384742614505811, 44.87232087450051 ], [ -93.38473122093643, 44.87232091288368 ], [ -93.384731202943783, 44.872318212305892 ], [ -93.384723607231209, 44.872318237894042 ], [ -93.384723589238931, 44.872315537316247 ], [ -93.384715993526697, 44.872315562903886 ], [ -93.384715975534775, 44.872312862326105 ], [ -93.384693188399069, 44.872312939085965 ], [ -93.384693170408212, 44.872310238508177 ], [ -93.384677978985081, 44.872310289678893 ], [ -93.384677960994935, 44.872307589101084 ], [ -93.384651376005579, 44.872307678644958 ], [ -93.384651358016683, 44.872304978067163 ], [ -93.384647560161227, 44.872304990858638 ], [ -93.384647542172502, 44.872302290280814 ], [ -93.384632350751374, 44.872302341445462 ], [ -93.384632332763374, 44.872299640867638 ], [ -93.384617141342915, 44.872299692030253 ], [ -93.384617123355611, 44.87229699145243 ], [ -93.384605729790778, 44.872297029823059 ], [ -93.384605711804028, 44.872294329245221 ], [ -93.384594318239692, 44.872294367614707 ], [ -93.384594300253468, 44.872291667036876 ], [ -93.384579108835041, 44.872291718194418 ], [ -93.384579090849527, 44.872289017616573 ], [ -93.384571495140648, 44.872289043194591 ], [ -93.384571477155504, 44.872286342616746 ], [ -93.384560083592703, 44.872286380982807 ], [ -93.384560065608085, 44.872283680404962 ], [ -93.384552469899901, 44.872283705981715 ], [ -93.384552451915638, 44.872281005403863 ], [ -93.384541058353861, 44.872281043768027 ], [ -93.384541040370138, 44.872278343190168 ], [ -93.384537242516387, 44.872278355977969 ], [ -93.384537224532835, 44.872275655400102 ], [ -93.384533426679283, 44.872275668187783 ], [ -93.384533408695916, 44.872272967609909 ], [ -93.384529610842506, 44.872272980397462 ], [ -93.384529592859323, 44.872270279819595 ], [ -93.384521997152873, 44.872270305394309 ], [ -93.384521979170046, 44.872267604816443 ], [ -93.384518181316992, 44.872267617603612 ], [ -93.384518163334334, 44.872264917025738 ], [ -93.384514365481465, 44.872264929812772 ], [ -93.384514347499007, 44.872262229234899 ], [ -93.384510549646293, 44.872262242021797 ], [ -93.38451053166402, 44.872259541443931 ], [ -93.384506733811477, 44.872259554230709 ], [ -93.384506715829374, 44.872256853652836 ], [ -93.384502917977031, 44.872256866439479 ], [ -93.384502899995098, 44.872254165861605 ], [ -93.384491506438565, 44.872254204220809 ], [ -93.384491488457172, 44.872251503642921 ], [ -93.384464903493068, 44.872251593143311 ], [ -93.384464885512926, 44.872248892565409 ], [ -93.384461087661066, 44.872248905350666 ], [ -93.384461069681109, 44.872246204772779 ], [ -93.384426889015955, 44.872246319834453 ], [ -93.38442687103759, 44.87224361925653 ], [ -93.384392690373843, 44.872243734307979 ], [ -93.38439267239707, 44.872241033730042 ], [ -93.38438127884298, 44.872241072078239 ], [ -93.38438126086676, 44.872238371500316 ], [ -93.384369867313154, 44.872238409847377 ], [ -93.384369849337475, 44.872235709269447 ], [ -93.384358455784394, 44.872235747615363 ], [ -93.38435843780924, 44.872233047037419 ], [ -93.384350842107523, 44.87223307260075 ], [ -93.384350824132724, 44.872230372022798 ], [ -93.384343228431376, 44.872230397585604 ], [ -93.384343210456919, 44.872227697007645 ], [ -93.384335614755912, 44.872227722569946 ], [ -93.384335596781824, 44.872225021992008 ], [ -93.384324203230804, 44.8722250603345 ], [ -93.38432418525727, 44.872222359756549 ], [ -93.384316589556931, 44.872222385317571 ], [ -93.384316571583739, 44.872219684739619 ], [ -93.384305178033756, 44.872219723080221 ], [ -93.384305160061103, 44.872217022502262 ], [ -93.384297564361447, 44.872217048062019 ], [ -93.384297546389149, 44.872214347484046 ], [ -93.38428615284019, 44.872214385822737 ], [ -93.384286134868432, 44.872211685244778 ], [ -93.384278539169458, 44.872211710803263 ], [ -93.38427852119807, 44.872209010225291 ], [ -93.384274723348753, 44.872209023004345 ], [ -93.384274705377535, 44.872206322426365 ], [ -93.384270907528403, 44.872206335205298 ], [ -93.384270889557357, 44.872203634627319 ], [ -93.384248102463573, 44.872203711298233 ], [ -93.384248084493592, 44.872201010720239 ], [ -93.384244286644801, 44.872201023498285 ], [ -93.384244268675005, 44.872198322920305 ], [ -93.384240470826384, 44.872198335698215 ], [ -93.384240452856773, 44.872195635120221 ], [ -93.384236655008323, 44.872195647897996 ], [ -93.384236637038896, 44.872192947320009 ], [ -93.384232839190616, 44.872192960097664 ], [ -93.38423282122136, 44.87219025951967 ], [ -93.384225225525171, 44.872190285074602 ], [ -93.38422520755627, 44.872187584496615 ], [ -93.384217611860436, 44.872187610051043 ], [ -93.38421759389189, 44.872184909473035 ], [ -93.384213796044136, 44.872184922250064 ], [ -93.384213778075775, 44.872182221672048 ], [ -93.384209980228206, 44.87218223444895 ], [ -93.384209962260016, 44.872179533870934 ], [ -93.384198568717821, 44.872179572200878 ], [ -93.38419855075017, 44.872176871622841 ], [ -93.384183359361231, 44.872176922727654 ], [ -93.384183341394305, 44.872174222149638 ], [ -93.384171947853119, 44.87217426047691 ], [ -93.384171929886719, 44.872171559898888 ], [ -93.384164334192931, 44.872171585449763 ], [ -93.384164316226901, 44.872168884871733 ], [ -93.384160518380185, 44.872168897646986 ], [ -93.384160500414325, 44.872166197068942 ], [ -93.384152904721219, 44.872166222619065 ], [ -93.384152886755729, 44.872163522041035 ], [ -93.384149088909354, 44.872163534815897 ], [ -93.384149070944034, 44.872160834237853 ], [ -93.384133879559229, 44.872160885336072 ], [ -93.38413386159462, 44.872158184758028 ], [ -93.3841300637486, 44.872158197532265 ], [ -93.384130045784161, 44.872155496954207 ], [ -93.384118652246599, 44.87215553527615 ], [ -93.3841186342827, 44.872152834698099 ], [ -93.384107240745635, 44.872152873018905 ], [ -93.384107222782276, 44.872150172440847 ], [ -93.38407304217256, 44.87215028739643 ], [ -93.384073060134313, 44.872152987974488 ], [ -93.38406546444287, 44.87215301351879 ], [ -93.384065446481486, 44.872150312940725 ], [ -93.384061648635935, 44.872150325712674 ], [ -93.384061630674708, 44.872147625134609 ], [ -93.384050237138609, 44.872147663449724 ], [ -93.384050219177922, 44.872144962871644 ], [ -93.384042623487517, 44.872144988414426 ], [ -93.384042605527185, 44.872142287836326 ], [ -93.384031211992095, 44.872142326149543 ], [ -93.384031194032318, 44.872139625571457 ], [ -93.384023598342594, 44.87213965111296 ], [ -93.384023580383158, 44.872136950534873 ], [ -93.384015984693804, 44.872136976075872 ], [ -93.384015966734722, 44.872134275497778 ], [ -93.384008371045695, 44.87213430103828 ], [ -93.384008353086983, 44.872131600460179 ], [ -93.384000757398312, 44.872131626000161 ], [ -93.384000739439941, 44.872128925422061 ], [ -93.383989345907437, 44.872128963731086 ], [ -93.383989327949607, 44.872126263152978 ], [ -93.383981732261617, 44.872126288691682 ], [ -93.383981714304142, 44.872123588113595 ], [ -93.383974118616507, 44.872123613651794 ], [ -93.383974100659387, 44.87212091307368 ], [ -93.383966504972094, 44.872120938611388 ], [ -93.383966487015343, 44.872118238033273 ], [ -93.383958891328376, 44.872118263570464 ], [ -93.383958873371981, 44.872115562992327 ], [ -93.38395127768537, 44.87211558852902 ], [ -93.383951259729329, 44.872112887950898 ], [ -93.383943664043059, 44.872112913487079 ], [ -93.383943646087374, 44.872110212908957 ], [ -93.383936050401459, 44.87211023844462 ], [ -93.38393603244613, 44.872107537866498 ], [ -93.38392843676057, 44.872107563401663 ], [ -93.383928418805596, 44.872104862823534 ], [ -93.383920823120363, 44.872104888358187 ], [ -93.383920805165758, 44.87210218778003 ], [ -93.383913209480866, 44.872102213314186 ], [ -93.383913191526631, 44.872099512736035 ], [ -93.38390559584208, 44.87209953826968 ], [ -93.383905577888186, 44.872096837691544 ], [ -93.38389798220399, 44.872096863224677 ], [ -93.383897964250451, 44.872094162646533 ], [ -93.38388657072467, 44.87209420094527 ], [ -93.383886552771685, 44.872091500367119 ], [ -93.383882754929914, 44.872091513133114 ], [ -93.3838827369771, 44.872088812554956 ], [ -93.383875141293942, 44.872088838086562 ], [ -93.383875123341468, 44.872086137508404 ], [ -93.38386372981725, 44.872086175804867 ], [ -93.383863711865331, 44.872083475226702 ], [ -93.383859914024086, 44.872083487991937 ], [ -93.383859896072352, 44.872080787413779 ], [ -93.383852300390217, 44.872080812943864 ], [ -93.383852282438838, 44.872078112365692 ], [ -93.383844686757044, 44.872078137895279 ], [ -93.38384466880602, 44.872075437317093 ], [ -93.383837073124582, 44.872075462846155 ], [ -93.383837055173913, 44.872072762267976 ], [ -93.383833257333364, 44.872072775032329 ], [ -93.383833239382881, 44.872070074454143 ], [ -93.383825643702139, 44.872070099982459 ], [ -93.383825625751996, 44.87206739940428 ], [ -93.383810434391194, 44.872067450459376 ], [ -93.383810416441776, 44.872064749881197 ], [ -93.383802820761716, 44.872064775407985 ], [ -93.383802802812653, 44.872062074829778 ], [ -93.383791409293067, 44.872062113119 ], [ -93.383791391344559, 44.872059412540807 ], [ -93.383787593504849, 44.872059425303632 ], [ -93.383787575556511, 44.872056724725432 ], [ -93.383783777716999, 44.87205673748813 ], [ -93.383783759768832, 44.87205403690993 ], [ -93.383772366250824, 44.872054075197255 ], [ -93.383772348303182, 44.872051374619048 ], [ -93.383768550464012, 44.872051387381248 ], [ -93.383768532516555, 44.872048686803026 ], [ -93.383757138999584, 44.872048725088824 ], [ -93.383757121052668, 44.87204602451061 ], [ -93.383749525375023, 44.872046050033845 ], [ -93.383749507428462, 44.87204334945563 ], [ -93.383741911751159, 44.872043374978354 ], [ -93.383741893804967, 44.872040674400132 ], [ -93.383738095966478, 44.872040687161309 ], [ -93.383738078020457, 44.872037986583081 ], [ -93.383730482343864, 44.872038012105044 ], [ -93.383730464398198, 44.872035311526815 ], [ -93.383707677369372, 44.872035388089671 ], [ -93.383707659424786, 44.872032687511442 ], [ -93.383703861586824, 44.872032700271475 ], [ -93.383703843642394, 44.872029999693233 ], [ -93.383700045804616, 44.872030012453138 ], [ -93.383700009916154, 44.872024611296652 ], [ -93.383692414241267, 44.872024636816079 ], [ -93.383692396297391, 44.872021936237829 ], [ -93.383688598460125, 44.87202194899735 ], [ -93.38368858051642, 44.8720192484191 ], [ -93.383680984842243, 44.872019273937767 ], [ -93.383680966898908, 44.872016573359517 ], [ -93.383677169061997, 44.872016586118662 ], [ -93.383677151118832, 44.872013885540412 ], [ -93.383661959771842, 44.872013936575712 ], [ -93.383661941829402, 44.872011235997455 ], [ -93.383658143992818, 44.872011248755953 ], [ -93.383658126050562, 44.872008548177682 ], [ -93.383650530377764, 44.872008573694309 ], [ -93.38365051243585, 44.872005873116038 ], [ -93.383642916763392, 44.872005898632175 ], [ -93.383642898821847, 44.872003198053896 ], [ -93.383639100985789, 44.872003210811776 ], [ -93.383639083044415, 44.872000510233505 ], [ -93.383601104685496, 44.872000637805286 ], [ -93.383601266141923, 44.872024943009833 ], [ -93.383605063979431, 44.872024930253225 ], [ -93.383605081919214, 44.872027630831482 ], [ -93.383601284081536, 44.872027643588112 ], [ -93.383601302021148, 44.872030344166383 ], [ -93.3835975041833, 44.872030356922878 ], [ -93.383597522122741, 44.872033057501149 ], [ -93.383586128608613, 44.872033095769893 ], [ -93.383586146547529, 44.872035796348172 ], [ -93.383582348709311, 44.872035809104155 ], [ -93.383582366648042, 44.87203850968244 ], [ -93.383578568809639, 44.872038522438316 ], [ -93.3835785867482, 44.872041223016581 ], [ -93.383582384586774, 44.872041210260718 ], [ -93.383582402525519, 44.87204391083899 ], [ -93.383586200364277, 44.872043898082993 ], [ -93.383586290058915, 44.872057400974349 ], [ -93.383593885738208, 44.872057375461956 ], [ -93.383593903677493, 44.872060076040221 ], [ -93.383601499357113, 44.872060050527317 ], [ -93.383601517296768, 44.872062751105588 ], [ -93.383612910816723, 44.872062712835294 ], [ -93.383612928756918, 44.872065413413559 ], [ -93.383616726597069, 44.872065400656538 ], [ -93.383616744537434, 44.872068101234795 ], [ -93.383628138058427, 44.872068062962974 ], [ -93.383628155999318, 44.872070763541217 ], [ -93.38363575168033, 44.872070738026039 ], [ -93.383635769621577, 44.872073438604282 ], [ -93.383639567462254, 44.872073425846516 ], [ -93.383639585403699, 44.872076126424737 ], [ -93.383643383244546, 44.872076113666836 ], [ -93.383643472952656, 44.872089616558021 ], [ -93.383677653528196, 44.872089501731125 ], [ -93.383677671471418, 44.872092202309346 ], [ -93.383681469313316, 44.872092189550187 ], [ -93.383681487256723, 44.872094890128416 ], [ -93.383685285098792, 44.872094877369101 ], [ -93.383685320985961, 44.872100278525529 ], [ -93.383689118828386, 44.8721002657661 ], [ -93.383689154715938, 44.872105666922529 ], [ -93.383723335300786, 44.872105552081941 ], [ -93.383723245573947, 44.872092049190911 ], [ -93.383727043415803, 44.872092036430217 ], [ -93.383727025470279, 44.872089335851996 ], [ -93.38373082331195, 44.872089323091188 ], [ -93.383730805366241, 44.872086622512981 ], [ -93.383764985939649, 44.872086507659958 ], [ -93.383765003886964, 44.872089208238158 ], [ -93.383768801728621, 44.872089195476072 ], [ -93.383768819676106, 44.872091896054265 ], [ -93.383795404568872, 44.87209180671617 ], [ -93.383795422517608, 44.872094507294349 ], [ -93.383799220359592, 44.872094494531254 ], [ -93.383799238308512, 44.872097195109447 ], [ -93.383806833992836, 44.872097169582887 ], [ -93.383806851942111, 44.872099870161044 ], [ -93.383810649784451, 44.872099857397579 ], [ -93.383810667733897, 44.872102557975744 ], [ -93.383814465576421, 44.872102545212144 ], [ -93.383814483526052, 44.872105245790323 ], [ -93.383825877054107, 44.872105207498763 ], [ -93.383825895004279, 44.872107908076934 ], [ -93.383837288532845, 44.872107869784216 ], [ -93.383837306483557, 44.872110570362381 ], [ -93.383848700012621, 44.872110532068533 ], [ -93.383848717963858, 44.872113232646697 ], [ -93.383860111493462, 44.872113194351712 ], [ -93.383860129445225, 44.872115894929856 ], [ -93.383863927288587, 44.8721158821646 ], [ -93.383863945240563, 44.872118582742772 ], [ -93.383871540927643, 44.872118557211891 ], [ -93.383871558879946, 44.872121257790035 ], [ -93.383879154567381, 44.872121232258642 ], [ -93.383879172520054, 44.872123932836786 ], [ -93.383882970363942, 44.872123920070905 ], [ -93.383882988316799, 44.872126620649034 ], [ -93.383890584004916, 44.872126595116889 ], [ -93.383890601958115, 44.872129295695025 ], [ -93.383901995490831, 44.872129257395862 ], [ -93.383902013444569, 44.872131957973991 ], [ -93.383905811288983, 44.87213194520735 ], [ -93.383905829242892, 44.872134645785479 ], [ -93.383917222776631, 44.872134607484774 ], [ -93.383917240731094, 44.872137308062904 ], [ -93.383921038575835, 44.872137295295744 ], [ -93.383921056530497, 44.872139995873866 ], [ -93.383928652220334, 44.87213997033917 ], [ -93.383928670175322, 44.872142670917306 ], [ -93.383940063710625, 44.872142632614313 ], [ -93.383940081666154, 44.872145333192435 ], [ -93.383947677356687, 44.872145307656488 ], [ -93.383947695312585, 44.872148008234589 ], [ -93.38395529100346, 44.872147982698131 ], [ -93.383955308959713, 44.872150683276239 ], [ -93.383962904650929, 44.872150657739262 ], [ -93.383962922607537, 44.872153358317362 ], [ -93.383970518299108, 44.872153332779874 ], [ -93.383970536256072, 44.872156033357975 ], [ -93.383978131947998, 44.872156007820003 ], [ -93.383978149905317, 44.872158708398096 ], [ -93.383989543443704, 44.872158670090165 ], [ -93.383989561401549, 44.872161370668259 ], [ -93.383997157094157, 44.872161345129008 ], [ -93.383997175052372, 44.872164045707095 ], [ -93.384004770745321, 44.87216402016734 ], [ -93.384004788703891, 44.872166720745412 ], [ -93.384008586550536, 44.872166707975346 ], [ -93.38400860450929, 44.872169408553432 ], [ -93.384019998049752, 44.872169370242453 ], [ -93.384020016009032, 44.872172070820532 ], [ -93.384031409550005, 44.872172032508416 ], [ -93.384031427509825, 44.872174733086482 ], [ -93.384039023204139, 44.872174707544438 ], [ -93.384039041164328, 44.872177408122504 ], [ -93.384046636858983, 44.872177382579956 ], [ -93.384046654819528, 44.872180083158021 ], [ -93.384054250514538, 44.872180057614969 ], [ -93.384054268475438, 44.872182758193027 ], [ -93.384065662018457, 44.872182719877486 ], [ -93.384065679979898, 44.872185420455544 ], [ -93.384073275675604, 44.872185394911206 ], [ -93.384073293637385, 44.872188095489264 ], [ -93.384080889333418, 44.872188069944428 ], [ -93.384080907295569, 44.872190770522479 ], [ -93.384092300840152, 44.872190732204267 ], [ -93.384092318802828, 44.872193432782318 ], [ -93.384099914499544, 44.87219340723621 ], [ -93.384099932462604, 44.872196107814254 ], [ -93.384111326008195, 44.872196069494152 ], [ -93.384111343971767, 44.872198770072195 ], [ -93.384118939669179, 44.87219874452483 ], [ -93.38411895763312, 44.872201445102853 ], [ -93.384130351179749, 44.872201406780832 ], [ -93.384130369144216, 44.872204107358861 ], [ -93.384141762691357, 44.872204069035718 ], [ -93.384141780656364, 44.872206769613747 ], [ -93.384149376354799, 44.87220674406435 ], [ -93.384149394320161, 44.872209444642351 ], [ -93.384160787868339, 44.872209406317317 ], [ -93.384160805834227, 44.872212106895333 ], [ -93.384168401533344, 44.872212081344664 ], [ -93.384168419499602, 44.872214781922686 ], [ -93.384179813048803, 44.872214743595727 ], [ -93.384179831015587, 44.872217444173728 ], [ -93.384187426715386, 44.872217418621794 ], [ -93.384187444682539, 44.872220119199802 ], [ -93.384198838232777, 44.872220080870946 ], [ -93.384198856200456, 44.87222278144894 ], [ -93.384206451900937, 44.872222755895741 ], [ -93.384206469868985, 44.872225456473736 ], [ -93.384217863420233, 44.872225418142982 ], [ -93.384217881388807, 44.872228118720969 ], [ -93.384225477089984, 44.872228093166498 ], [ -93.384225495058914, 44.872230793744492 ], [ -93.384236888611198, 44.872230755411842 ], [ -93.384236906580668, 44.872233455989807 ], [ -93.384244502282527, 44.872233430434072 ], [ -93.384244520252352, 44.872236131012052 ], [ -93.38425591380566, 44.872236092677497 ], [ -93.384255931776025, 44.87223879325547 ], [ -93.38426732532983, 44.872238754919778 ], [ -93.384267343300735, 44.872241455497736 ], [ -93.384274939003632, 44.872241429939976 ], [ -93.384274956974878, 44.872244130517934 ], [ -93.384282552678116, 44.87224410495967 ], [ -93.384282570649731, 44.872246805537628 ], [ -93.384293964205085, 44.872246767199272 ], [ -93.38429398217724, 44.872249467777209 ], [ -93.384301577881146, 44.872249442217679 ], [ -93.384301595853671, 44.872252142795624 ], [ -93.384312989410049, 44.87225210445537 ], [ -93.384313007383099, 44.872254805033315 ], [ -93.384320603087701, 44.872254779472499 ], [ -93.384320621061093, 44.87225748005045 ], [ -93.384328216766036, 44.872257454489137 ], [ -93.384328234739797, 44.872260155067067 ], [ -93.384339628297738, 44.872260116724149 ], [ -93.384339646272039, 44.872262817302072 ], [ -93.384347241977665, 44.872262791739502 ], [ -93.384347259952307, 44.872265492317432 ], [ -93.384354855658287, 44.872265466754342 ], [ -93.384354873633299, 44.872268167332273 ], [ -93.384366267192775, 44.872268128986676 ], [ -93.384366285168326, 44.872270829564592 ], [ -93.384377678728299, 44.872270791217872 ], [ -93.384377696704377, 44.872273491795788 ], [ -93.38438529241138, 44.872273466230666 ], [ -93.384385310387827, 44.872276166808568 ], [ -93.384392906095172, 44.872276141242956 ], [ -93.38439292407196, 44.872278841820865 ], [ -93.384404317633496, 44.872278803471474 ], [ -93.384404335610839, 44.872281504049376 ], [ -93.384415729172886, 44.872281465698862 ], [ -93.38441574715074, 44.872284166276749 ], [ -93.384423342859108, 44.872284140709098 ], [ -93.384423360837346, 44.872286841286986 ], [ -93.384434754400417, 44.872286802934546 ], [ -93.384434772379166, 44.872289503512441 ], [ -93.38444236808823, 44.872289477943518 ], [ -93.384442386067349, 44.87229217852142 ], [ -93.384453779631443, 44.872292140167076 ], [ -93.384453797611087, 44.872294840744964 ], [ -93.384468989030566, 44.872294789604084 ], [ -93.384469007010921, 44.872297490181964 ], [ -93.384476602721008, 44.872297464610753 ], [ -93.384476620701733, 44.872300165188619 ], [ -93.384488014267362, 44.872300126830865 ], [ -93.384488032248612, 44.872302827408731 ], [ -93.384499425814752, 44.872302789049833 ], [ -93.384499443796557, 44.872305489627713 ], [ -93.384510837363194, 44.872305451267678 ], [ -93.384510855345525, 44.872308151845523 ], [ -93.384522248912688, 44.872308113484351 ], [ -93.384522266895559, 44.87231081406221 ], [ -93.384533660463219, 44.872310775699887 ], [ -93.384533678446616, 44.872313476277739 ], [ -93.384545072014802, 44.872313437914286 ], [ -93.384545089998724, 44.872316138492124 ], [ -93.384556483567437, 44.872316100127527 ], [ -93.384556501551884, 44.872318800705379 ], [ -93.384567895121094, 44.872318762339646 ], [ -93.384567913106096, 44.872321462917476 ], [ -93.384579306675803, 44.872321424550599 ], [ -93.384579324661345, 44.872324125128422 ], [ -93.384590718231578, 44.872324086760408 ], [ -93.384590736217646, 44.872326787338231 ], [ -93.384602129788377, 44.872326748969073 ], [ -93.384602147774999, 44.872329449546896 ], [ -93.384613541346226, 44.872329411176594 ], [ -93.38461355933336, 44.872332111754417 ], [ -93.384624952905114, 44.872332073382978 ], [ -93.384624970892816, 44.872334773960787 ], [ -93.384636364465067, 44.872334735588211 ], [ -93.38463638245328, 44.872337436166006 ], [ -93.384647776026057, 44.872337397792293 ], [ -93.384647794014796, 44.872340098370096 ], [ -93.38465918758807, 44.872340059995231 ], [ -93.384659205577364, 44.872342760573019 ], [ -93.384670599151164, 44.872342722197025 ], [ -93.384670617140983, 44.872345422774828 ], [ -93.384682010715281, 44.872345384397697 ], [ -93.38468202870564, 44.872348084975478 ], [ -93.384693422280449, 44.872348046597196 ], [ -93.384693440271349, 44.87235074717497 ], [ -93.384704833846669, 44.872350708795551 ], [ -93.384704851838094, 44.872353409373325 ], [ -93.384716245413927, 44.872353370992762 ], [ -93.384716263405892, 44.872356071570529 ], [ -93.384727656982221, 44.872356033188829 ], [ -93.384727674974727, 44.87235873376661 ], [ -93.384742866410534, 44.872358682589237 ], [ -93.384742884403735, 44.872361383166989 ], [ -93.384754277981088, 44.872361344782639 ], [ -93.38475429597483, 44.872364045360399 ], [ -93.384765689552694, 44.872364006974884 ], [ -93.38476570754699, 44.872366707552636 ], [ -93.384780898984815, 44.872366656370211 ], [ -93.384780916979807, 44.872369356947949 ], [ -93.38479231055868, 44.872369318559791 ], [ -93.384792328554212, 44.872372019137529 ], [ -93.384803722133597, 44.872371980748248 ], [ -93.384803740129655, 44.872374681325965 ], [ -93.384818931569512, 44.872374630138467 ], [ -93.384818949566295, 44.872377330716176 ], [ -93.384830343146689, 44.872377292324231 ], [ -93.384830361144012, 44.872379992901948 ], [ -93.384841754724917, 44.872379954508865 ], [ -93.384841772722766, 44.872382655086575 ], [ -93.384856964164655, 44.872382603894003 ], [ -93.384856982163214, 44.872385304471727 ], [ -93.384868375745143, 44.872385266075973 ], [ -93.384868393744227, 44.872387966653669 ], [ -93.384879787326668, 44.872387928256771 ], [ -93.384879805326293, 44.872390628834481 ], [ -93.384894996770214, 44.872390577636835 ], [ -93.384895014770564, 44.872393278214531 ], [ -93.384906408353999, 44.872393239814976 ], [ -93.384906426354888, 44.872395940392664 ], [ -93.384917819938835, 44.872395901991972 ], [ -93.38491783794025, 44.872398602569668 ], [ -93.38493302938619, 44.87239855136697 ], [ -93.38493304738833, 44.872401251944638 ], [ -93.3849444409733, 44.872401213541288 ], [ -93.384944458975966, 44.872403914118955 ], [ -93.384959650423255, 44.872403862912712 ], [ -93.384959668426632, 44.872406563490372 ], [ -93.384971062012596, 44.872406525084358 ], [ -93.384971080016527, 44.872409225662018 ], [ -93.384986271465166, 44.87240917445223 ], [ -93.384986289469794, 44.87241187502989 ], [ -93.385001480919101, 44.872411823818076 ], [ -93.385001498924453, 44.87241452439573 ], [ -93.385012892511938, 44.872414485985544 ], [ -93.385012910517815, 44.872417186563183 ], [ -93.385031899831134, 44.872417122543659 ], [ -93.385031917837907, 44.872419823121298 ], [ -93.385043311426401, 44.872419784708072 ], [ -93.385043329433699, 44.872422485285711 ], [ -93.385058520885707, 44.872422434066301 ], [ -93.385058538893716, 44.872425134643919 ], [ -93.385073730346392, 44.87242508342247 ], [ -93.385073748355111, 44.872427784000102 ], [ -93.385088939808455, 44.872427732776636 ], [ -93.385088957817914, 44.872430433354253 ], [ -93.385104149271911, 44.872430382128755 ], [ -93.385104167282066, 44.872433082706372 ], [ -93.385119358736759, 44.872433031478849 ], [ -93.385119376747625, 44.872435732056459 ], [ -93.385130770339131, 44.872435693634486 ], [ -93.385130788350537, 44.872438394212097 ], [ -93.385145979806566, 44.872438342981035 ], [ -93.385145997818682, 44.872441043558624 ], [ -93.385161189275394, 44.872440992325537 ], [ -93.38516120728822, 44.872443692903126 ], [ -93.385176398745585, 44.872443641668006 ], [ -93.385176416759123, 44.872446342245588 ], [ -93.385187810352662, 44.872446303817924 ], [ -93.385187828366739, 44.872449004395499 ], [ -93.385203019825454, 44.872448953156841 ], [ -93.385203037840242, 44.872451653734416 ], [ -93.385218229299639, 44.87245160249374 ], [ -93.385218247315137, 44.872454303071287 ], [ -93.385237236640222, 44.872454239017578 ], [ -93.385237254656602, 44.872456939595146 ], [ -93.385248648252144, 44.872456901161407 ], [ -93.385248666269078, 44.872459601738967 ], [ -93.385263857730479, 44.872459550492195 ], [ -93.385263875748109, 44.872462251069742 ], [ -93.385282865075695, 44.872462187008431 ], [ -93.38528288309422, 44.872464887585991 ], [ -93.385298074556957, 44.872464836334665 ], [ -93.385298092576207, 44.872467536912204 ], [ -93.385313284039597, 44.872467485658859 ], [ -93.385313302059558, 44.87247018623637 ], [ -93.38532849352363, 44.872470134981008 ], [ -93.385328511544301, 44.872472835558526 ], [ -93.385343703009042, 44.872472784301152 ], [ -93.385343721030424, 44.872475484878642 ], [ -93.385358912495832, 44.872475433619236 ], [ -93.385358930517938, 44.872478134196733 ], [ -93.385374121984015, 44.872478082935295 ], [ -93.385374140006817, 44.872480783512785 ], [ -93.385389331473576, 44.872480732249329 ], [ -93.385389349497089, 44.872483432826833 ], [ -93.385408338831354, 44.872483368744639 ], [ -93.385408356855777, 44.872486069322136 ], [ -93.385423548323843, 44.872486018054097 ], [ -93.385423566348962, 44.872488718631573 ], [ -93.385438757817724, 44.87248866736153 ], [ -93.385438775843568, 44.872491367939013 ], [ -93.385453967312969, 44.872491316666938 ], [ -93.385453985339538, 44.872494017244392 ], [ -93.385469176809622, 44.872493965970293 ], [ -93.385469194836872, 44.872496666547775 ], [ -93.38548818417533, 44.872496602452294 ], [ -93.385488202203476, 44.872499303029741 ], [ -93.385503393674895, 44.872499251751094 ], [ -93.385503411703752, 44.872501952328541 ], [ -93.385522401043858, 44.872501888227376 ], [ -93.385522419073624, 44.872504588804809 ], [ -93.385541408414554, 44.872504524700481 ], [ -93.385541426445187, 44.872507225277914 ], [ -93.385560415786941, 44.872507161170411 ], [ -93.385560433818497, 44.872509861747851 ], [ -93.385575625292546, 44.872509810459569 ], [ -93.385575643324799, 44.872512511036994 ], [ -93.385594632668216, 44.872512446923807 ], [ -93.385594650701364, 44.872515147501211 ], [ -93.385613640045605, 44.872515083384869 ], [ -93.385613658079635, 44.872517783962273 ], [ -93.385636445293699, 44.872517707018467 ], [ -93.385636463328808, 44.872520407595864 ], [ -93.385655452674669, 44.872520343472551 ], [ -93.385655470710674, 44.872523044049942 ], [ -93.385670662188033, 44.872522992749012 ], [ -93.385670680224749, 44.872525693326395 ], [ -93.385697265311279, 44.872525603544908 ], [ -93.385697283349216, 44.872528304122277 ], [ -93.38571627269755, 44.872528239988839 ], [ -93.385716290736397, 44.872530940566222 ], [ -93.385731482215732, 44.872530889257192 ], [ -93.385731500255275, 44.872533589834561 ], [ -93.385754287475265, 44.872533512867221 ], [ -93.385754305515903, 44.872536213444576 ], [ -93.385773294866695, 44.872536149301645 ], [ -93.385773312908213, 44.872538849878993 ], [ -93.385792302259844, 44.8725387857329 ], [ -93.385792320302258, 44.872541486310247 ], [ -93.385815107525204, 44.872541409330765 ], [ -93.385815125568669, 44.872544109908084 ], [ -93.385837912792582, 44.872544032924054 ], [ -93.385837930837113, 44.872546733501395 ], [ -93.38586071806202, 44.872546656512803 ], [ -93.385860736107617, 44.872549357090108 ], [ -93.38588352333349, 44.872549280096969 ], [ -93.385883541380167, 44.872551980674267 ], [ -93.385906328606993, 44.87255190367658 ], [ -93.38590634665475, 44.872554604253871 ], [ -93.385932931753857, 44.872554514417473 ], [ -93.385932949802836, 44.872557214994764 ], [ -93.385955737031608, 44.872557137987201 ], [ -93.385955755081667, 44.872559838564484 ], [ -93.385978542311406, 44.872559761552367 ], [ -93.385978560362545, 44.872562462129643 ], [ -93.386001347593265, 44.872562385112971 ], [ -93.386001365645456, 44.872565085690219 ], [ -93.386024152877141, 44.872565008669007 ], [ -93.386024170930412, 44.872567709246255 ], [ -93.386043160290967, 44.872567645058417 ], [ -93.386043178345119, 44.87257034563568 ], [ -93.386073561323315, 44.872570242928575 ], [ -93.386073579378902, 44.872572943505808 ], [ -93.386096366613486, 44.872572866470165 ], [ -93.38609638467014, 44.872575567047392 ], [ -93.386122969778299, 44.87257547716672 ], [ -93.386122987836188, 44.872578177743932 ], [ -93.386153370818207, 44.872578075015589 ], [ -93.386153388877531, 44.872580775592795 ], [ -93.3861837718608, 44.872580672856351 ], [ -93.386183789921546, 44.872583373433542 ], [ -93.386206577159967, 44.8725832963759 ], [ -93.386206595221765, 44.872585996953077 ], [ -93.38621798884148, 44.872585958422562 ], [ -93.386218006903832, 44.872588658999732 ], [ -93.386274975004682, 44.872588466330008 ], [ -93.386274993069691, 44.872591166907171 ], [ -93.386305376058004, 44.872591064138355 ], [ -93.386305394124435, 44.872593764715496 ], [ -93.386328181366622, 44.872593687633582 ], [ -93.386328199434132, 44.872596388210745 ], [ -93.386369976046538, 44.872596246882054 ], [ -93.386369994115995, 44.872598947459188 ], [ -93.38640037710806, 44.872598844665085 ], [ -93.386400395178939, 44.872601545242198 ], [ -93.386438373920569, 44.872601416738192 ], [ -93.38643839199321, 44.872604117315291 ], [ -93.386480168610674, 44.872603975946276 ], [ -93.386480186685276, 44.872606676523375 ], [ -93.386525761178831, 44.872606522285203 ], [ -93.386525779255578, 44.87260922286228 ], [ -93.386567555876297, 44.872609081461292 ], [ -93.386567573955006, 44.872611782038355 ], [ -93.386616946326853, 44.872611614908386 ] ] ] } },
{ "type": "Feature", "properties": { }, "geometry": { "type": "Polygon", "coordinates": [ [ [ -93.384478386731331, 44.871994987095462 ], [ -93.384478206925309, 44.871967981315251 ], [ -93.384436430758129, 44.871968121950395 ], [ -93.384436448736764, 44.871970822528432 ], [ -93.384432650903193, 44.871970835312688 ], [ -93.384432632924728, 44.871968134734651 ], [ -93.384428835091342, 44.871968147518778 ], [ -93.384428817113061, 44.871965446940727 ], [ -93.384425019279831, 44.871965459724727 ], [ -93.384424911411287, 44.871949256256435 ], [ -93.384417315746958, 44.871949281824044 ], [ -93.384417297769232, 44.871946581245986 ], [ -93.384413499937239, 44.871946594029616 ], [ -93.384413481959697, 44.871943893451551 ], [ -93.384409684127888, 44.871943906235032 ], [ -93.384409666150503, 44.871941205656967 ], [ -93.384405868318879, 44.871941218440327 ], [ -93.384405814387321, 44.871933116706131 ], [ -93.384402016556209, 44.871933129489371 ], [ -93.384401998579207, 44.871930428911298 ], [ -93.384398200748279, 44.871930441694396 ], [ -93.384398182771463, 44.871927741116316 ], [ -93.384364002294546, 44.871927856158543 ], [ -93.384364253947922, 44.871965664251569 ], [ -93.38436805178118, 44.87196565146958 ], [ -93.384368105707509, 44.871973753203768 ], [ -93.384425073214146, 44.871973561458866 ], [ -93.384425055236036, 44.871970860880815 ], [ -93.384428853069622, 44.871970848096822 ], [ -93.384428871047902, 44.871973548674859 ], [ -93.384432668881658, 44.871973535890724 ], [ -93.384432686860123, 44.871976236468768 ], [ -93.384436484694049, 44.871976223684499 ], [ -93.384436592565947, 44.871992427152698 ], [ -93.38444039040094, 44.8719924143683 ], [ -93.384440408379774, 44.87199511494633 ], [ -93.384478386731331, 44.871994987095462 ] ] ] } },
{ "type": "Feature", "properties": { }, "geometry": { "type": "Polygon", "coordinates": [ [ [ -93.389873466941182, 44.871733639210667 ], [ -93.389873284613799, 44.871706633446443 ], [ -93.389869486800038, 44.871706646411432 ], [ -93.389869468567483, 44.871703945834994 ], [ -93.389865670753906, 44.871703958799863 ], [ -93.389865652521536, 44.871701258223439 ], [ -93.389861854708116, 44.871701271188165 ], [ -93.389861781779388, 44.871690468882413 ], [ -93.389827601464987, 44.871690585559335 ], [ -93.389827619695566, 44.871693286135788 ], [ -93.389816226256855, 44.871693325025824 ], [ -93.389816244486894, 44.871696025602283 ], [ -93.389812446673815, 44.871696038565375 ], [ -93.389812464903684, 44.871698739141827 ], [ -93.389808667090421, 44.871698752104798 ], [ -93.389808831157822, 44.871723057292833 ], [ -93.389820224602417, 44.871723018403515 ], [ -93.38982024283267, 44.871725718979953 ], [ -93.38982404064771, 44.871725706016598 ], [ -93.389824058878148, 44.871728406593014 ], [ -93.389827856693358, 44.871728393629539 ], [ -93.389827874923981, 44.871731094205963 ], [ -93.389835470554743, 44.871731068278606 ], [ -93.389835488785721, 44.871733768855044 ], [ -93.389873466941182, 44.871733639210667 ] ] ] } },
{ "type": "Feature", "properties": { }, "geometry": { "type": "Polygon", "coordinates": [ [ [ -93.383571009009245, 44.872043949106214 ], [ -93.383570991071025, 44.87204124852795 ], [ -93.383574788909627, 44.872041235772329 ], [ -93.383574770971222, 44.872038535194058 ], [ -93.383578568809639, 44.872038522438316 ], [ -93.383578550871079, 44.872035821860024 ], [ -93.383574753032846, 44.872035834615765 ], [ -93.38357473509447, 44.872033134037501 ], [ -93.383570937256408, 44.872033146793115 ], [ -93.383570793750891, 44.872011542166803 ], [ -93.383566995914251, 44.872011554922281 ], [ -93.383566977976244, 44.872008854343974 ], [ -93.383563180139788, 44.872008867099325 ], [ -93.383563144264144, 44.872003465942733 ], [ -93.383566942100259, 44.872003453187382 ], [ -93.383566780658384, 44.87197914798265 ], [ -93.38355918498938, 44.871979173493195 ], [ -93.383559167051757, 44.871976472914888 ], [ -93.383555369217433, 44.871976485669961 ], [ -93.383555351279995, 44.871973785091654 ], [ -93.383540159943337, 44.871973836110719 ], [ -93.383540142006609, 44.871971135532391 ], [ -93.383536344172626, 44.871971148286846 ], [ -93.383536326236083, 44.871968447708525 ], [ -93.383528730568429, 44.871968473217038 ], [ -93.383528712632256, 44.871965772638703 ], [ -93.383524914798599, 44.871965785392781 ], [ -93.383524896862596, 44.871963084814453 ], [ -93.383521099029139, 44.87196309756839 ], [ -93.383521081093306, 44.871960396990055 ], [ -93.383517283260019, 44.87196040974387 ], [ -93.383517265324372, 44.871957709165535 ], [ -93.383509669658125, 44.871957734672776 ], [ -93.383509651722846, 44.871955034094427 ], [ -93.38350205605694, 44.871955059601177 ], [ -93.383502038122018, 44.871952359022835 ], [ -93.383494442456453, 44.871952384529074 ], [ -93.383494424521885, 44.871949683950724 ], [ -93.38349062668928, 44.871949696703652 ], [ -93.383490608754897, 44.871946996125295 ], [ -93.383479215257609, 44.871947034383311 ], [ -93.383479197323751, 44.871944333804969 ], [ -93.383471601659238, 44.871944359309666 ], [ -93.383471583725722, 44.871941658731309 ], [ -93.383467785893643, 44.871941671483469 ], [ -93.38346776796034, 44.871938970905106 ], [ -93.383460172296509, 44.871938996409064 ], [ -93.383460154363547, 44.8719362958307 ], [ -93.383456356531809, 44.871936308582484 ], [ -93.383456338599032, 44.871933608004106 ], [ -93.383444945104344, 44.871933646258697 ], [ -93.383444927172093, 44.871930945680326 ], [ -93.383437331509313, 44.871930971182749 ], [ -93.383437313577417, 44.871928270604378 ], [ -93.383433515746191, 44.871928283355395 ], [ -93.383433497814494, 44.87192558277701 ], [ -93.383425902152396, 44.87192560827868 ], [ -93.383425884221055, 44.871922907700295 ], [ -93.383418288559312, 44.871922933201439 ], [ -93.383418270628312, 44.871920232623054 ], [ -93.38341067496691, 44.871920258123708 ], [ -93.383410657036279, 44.871917557545324 ], [ -93.383406859205749, 44.871917570295459 ], [ -93.383406841275303, 44.871914869717067 ], [ -93.383399245614598, 44.871914895216946 ], [ -93.383399227684492, 44.871912194638554 ], [ -93.383395429854318, 44.871912207388306 ], [ -93.383395411924397, 44.871909506809907 ], [ -93.383391614094393, 44.871909519559537 ], [ -93.383391596164657, 44.871906818981131 ], [ -93.383376404845336, 44.871906869978346 ], [ -93.383376386916311, 44.871904169399947 ], [ -93.383368791256984, 44.871904194897809 ], [ -93.383368773328314, 44.871901494319388 ], [ -93.383361177669329, 44.871901519816738 ], [ -93.383361159741028, 44.871898819238318 ], [ -93.383353564082398, 44.871898844735163 ], [ -93.383353546154439, 44.871896144156743 ], [ -93.383349748325301, 44.871896156904974 ], [ -93.383349730397526, 44.871893456326553 ], [ -93.383342134739593, 44.871893481822639 ], [ -93.383342116812187, 44.871890781244204 ], [ -93.38333452115458, 44.871890806739778 ], [ -93.38333450322753, 44.87188810616135 ], [ -93.383326907570279, 44.871888131656398 ], [ -93.383326889643584, 44.87188543107797 ], [ -93.383323091815129, 44.87188544382532 ], [ -93.383323073888619, 44.871882743246893 ], [ -93.383315478232063, 44.871882768741173 ], [ -93.383315460305894, 44.871880068162746 ], [ -93.383307864649694, 44.871880093656543 ], [ -93.383307846723881, 44.871877393078101 ], [ -93.383300251068022, 44.871877418571387 ], [ -93.383300233142592, 44.871874717992938 ], [ -93.383296435314818, 44.871874730739385 ], [ -93.383296417389559, 44.87187203016093 ], [ -93.383285023906808, 44.871872068399526 ], [ -93.383285005982088, 44.871869367821077 ], [ -93.383281208154656, 44.87186938056702 ], [ -93.383281190230122, 44.871866679988578 ], [ -93.383273594575641, 44.871866705480073 ], [ -93.383273576651447, 44.871864004901624 ], [ -93.383265980997308, 44.871864030392622 ], [ -93.383265963073484, 44.871861329814166 ], [ -93.3832583674197, 44.871861355304652 ], [ -93.383258349496217, 44.871858654726182 ], [ -93.383250753842773, 44.871858680216157 ], [ -93.38325073591966, 44.871855979637687 ], [ -93.383246938093109, 44.871855992382486 ], [ -93.383246920170166, 44.87185329180403 ], [ -93.383239324517433, 44.871853317293251 ], [ -93.383239306594845, 44.871850616714774 ], [ -93.383231710942454, 44.871850642203484 ], [ -93.383231693020221, 44.871847941625006 ], [ -93.383224097368171, 44.871847967113212 ], [ -93.383224079446308, 44.871845266534727 ], [ -93.383220281620453, 44.871845279278638 ], [ -93.38322026369876, 44.871842578700161 ], [ -93.383212668047406, 44.871842604187599 ], [ -93.383212650126069, 44.871839903609114 ], [ -93.383205054475056, 44.871839929096041 ], [ -93.383205036554088, 44.871837228517549 ], [ -93.383201238728745, 44.871837241260835 ], [ -93.383201220807962, 44.871834540682329 ], [ -93.383189827332487, 44.87183457891139 ], [ -93.383189809412229, 44.871831878332898 ], [ -93.383182213762254, 44.871831903818318 ], [ -93.383182195842352, 44.871829203239813 ], [ -93.383178398017535, 44.871829215982331 ], [ -93.383178380097817, 44.871826515403839 ], [ -93.383170784448524, 44.871826540888478 ], [ -93.383170766529176, 44.871823840309958 ], [ -93.383163170880223, 44.871823865794113 ], [ -93.383163152961231, 44.871821165215593 ], [ -93.383151759488328, 44.871821203440852 ], [ -93.383151741569876, 44.871818502862332 ], [ -93.38314794374574, 44.871818515603834 ], [ -93.383147925827458, 44.871815815025322 ], [ -93.383144128003508, 44.871815827766689 ], [ -93.383144110085411, 44.871813127188176 ], [ -93.383136514437837, 44.871813152670548 ], [ -93.383136496520095, 44.871810452092021 ], [ -93.38312890087289, 44.871810477573867 ], [ -93.383128882955504, 44.871807776995333 ], [ -93.383121287308626, 44.871807802476674 ], [ -93.383121269391594, 44.871805101898147 ], [ -93.38311747156834, 44.871805114638626 ], [ -93.383117453651479, 44.871802414060092 ], [ -93.383109858005326, 44.871802439540694 ], [ -93.383109840088821, 44.871799738962146 ], [ -93.383102244442995, 44.871799764442237 ], [ -93.383102226526873, 44.871797063863688 ], [ -93.38309842870413, 44.871797076603542 ], [ -93.383098410788165, 44.871794376024987 ], [ -93.383090815143049, 44.871794401504303 ], [ -93.383090797227439, 44.871791700925748 ], [ -93.383083201582664, 44.87179172640456 ], [ -93.383083183667424, 44.871789025826011 ], [ -93.383075588022976, 44.871789051304305 ], [ -93.38307557010809, 44.871786350725756 ], [ -93.383071772286058, 44.871786363464722 ], [ -93.383071754371343, 44.871783662886159 ], [ -93.383064158727606, 44.871783688363706 ], [ -93.383064140813261, 44.871780987785129 ], [ -93.383056545169865, 44.871781013262158 ], [ -93.383056527255874, 44.871778312683603 ], [ -93.383052729434354, 44.871778325421928 ], [ -93.383052711520534, 44.871775624843359 ], [ -93.383045115877835, 44.871775650319627 ], [ -93.383045097964384, 44.87177294974105 ], [ -93.383041300143219, 44.871772962479 ], [ -93.383041282229939, 44.871770261900423 ], [ -93.383033686587936, 44.871770287375931 ], [ -93.383033668675026, 44.871767586797347 ], [ -93.383026073033363, 44.871767612272336 ], [ -93.383026055120808, 44.871764911693766 ], [ -93.383022257300141, 44.871764924431069 ], [ -93.38302223938777, 44.871762223852492 ], [ -93.383014643746804, 44.871762249326736 ], [ -93.38301462583479, 44.871759548748145 ], [ -93.383010828014477, 44.871759561485071 ], [ -93.383010810102647, 44.87175686090648 ], [ -93.383003214462363, 44.871756886379949 ], [ -93.383003196550902, 44.87175418580135 ], [ -93.382995600910959, 44.871754211274322 ], [ -93.38299558299984, 44.871751510695717 ], [ -93.382991785180053, 44.871751523432017 ], [ -93.382991767269118, 44.871748822853412 ], [ -93.382984171629872, 44.871748848325623 ], [ -93.382984153719292, 44.871746147747025 ], [ -93.382976558080415, 44.871746173218725 ], [ -93.382976540170176, 44.871743472640112 ], [ -93.382972742350915, 44.871743485375774 ], [ -93.382972724440876, 44.87174078479714 ], [ -93.382965128802681, 44.871740810268079 ], [ -93.382965110892997, 44.871738109689467 ], [ -93.382961313074063, 44.87173812242473 ], [ -93.382961295164563, 44.871735421846118 ], [ -93.382953699527064, 44.871735447316297 ], [ -93.38295368161792, 44.871732746737685 ], [ -93.382946085980763, 44.871732772207338 ], [ -93.382946068071973, 44.871730071628733 ], [ -93.382942270253579, 44.871730084363371 ], [ -93.382942252344961, 44.87172738378473 ], [ -93.3829346567085, 44.871727409253637 ], [ -93.382934638800251, 44.871724708675004 ], [ -93.382927043164131, 44.871724734143406 ], [ -93.382927025256237, 44.871722033564758 ], [ -93.382923227438354, 44.871722046298771 ], [ -93.382923209530645, 44.871719345720138 ], [ -93.382915613895221, 44.871719371187766 ], [ -93.382915595987882, 44.871716670609125 ], [ -93.382908000352799, 44.871716696076248 ], [ -93.382907982445801, 44.871713995497601 ], [ -93.382904184628444, 44.871714008230974 ], [ -93.382904166721616, 44.871711307652333 ], [ -93.38290036890443, 44.871711320385572 ], [ -93.382900350997787, 44.871708619806938 ], [ -93.38289275536377, 44.871708645273031 ], [ -93.382892737457482, 44.871705944694384 ], [ -93.382888939640651, 44.871705957427245 ], [ -93.382888921734548, 44.871703256848583 ], [ -93.382881326101213, 44.871703282313923 ], [ -93.382881308195465, 44.871700581735261 ], [ -93.382866116929478, 44.871700632664435 ], [ -93.382866099024454, 44.871697932085773 ], [ -93.382862301208135, 44.871697944817754 ], [ -93.382862283303282, 44.871695244239078 ], [ -93.382858485487134, 44.871695256970931 ], [ -93.382858449677784, 44.871689855813585 ], [ -93.382843258414582, 44.871689906739697 ], [ -93.382843240510638, 44.87168720616102 ], [ -93.382839442695001, 44.871687218892234 ], [ -93.382839424791229, 44.871684518313558 ], [ -93.382835626975776, 44.871684531044636 ], [ -93.382835591168586, 44.871679129887269 ], [ -93.382801410832585, 44.87167924446134 ], [ -93.382801518244591, 44.87169544793349 ], [ -93.382797720428385, 44.871695460663311 ], [ -93.38279773833024, 44.871698161241994 ], [ -93.382793940513849, 44.871698173971694 ], [ -93.382793958415519, 44.871700874550378 ], [ -93.382786362782412, 44.871700900009401 ], [ -93.382786344881112, 44.871698199430718 ], [ -93.382782547064735, 44.871698212160041 ], [ -93.38278252916362, 44.871695511581358 ], [ -93.382774933531209, 44.871695537039614 ], [ -93.382774915630449, 44.871692836460916 ], [ -93.382767319998379, 44.871692861918682 ], [ -93.382767302097974, 44.871690161339977 ], [ -93.38276350428211, 44.871690174068654 ], [ -93.38276348638189, 44.871687473489956 ], [ -93.38275968856621, 44.871687486218519 ], [ -93.382759670666161, 44.871684785639815 ], [ -93.382755872850666, 44.87168479836825 ], [ -93.382755837050937, 44.871679397210833 ], [ -93.382744443605461, 44.871679435395365 ], [ -93.382744425706122, 44.87167673481666 ], [ -93.382710245371172, 44.871676849363432 ], [ -93.382710281166638, 44.87168225052087 ], [ -93.382706483351285, 44.871682263247664 ], [ -93.382706519146396, 44.871687664405101 ], [ -93.382702721330674, 44.871687677131767 ], [ -93.382702757125443, 44.871693078289212 ], [ -93.38269895930938, 44.871693091015757 ], [ -93.382698995103794, 44.871698492173188 ], [ -93.382695197287362, 44.871698504899605 ], [ -93.382695233081435, 44.871703906057036 ], [ -93.382691435264647, 44.871703918783339 ], [ -93.382691471058379, 44.87170931994077 ], [ -93.382687673241236, 44.871709332666939 ], [ -93.382687870105002, 44.871739039032725 ], [ -93.382710657019587, 44.871738962673732 ], [ -93.382710674917377, 44.871741663252429 ], [ -93.382714472736637, 44.871741650525479 ], [ -93.382714490634612, 44.871744351104191 ], [ -93.382718288454058, 44.87174433837712 ], [ -93.382718431639304, 44.871765943006586 ], [ -93.382722229460171, 44.871765930279381 ], [ -93.382722247358515, 44.871768630858057 ], [ -93.382729843000575, 44.871768605403254 ], [ -93.382729860899275, 44.871771305981945 ], [ -93.38273745654169, 44.871771280526644 ], [ -93.382737474440759, 44.871773981105314 ], [ -93.382741272262137, 44.871773968377468 ], [ -93.382741290161377, 44.871776668956137 ], [ -93.382756481447586, 44.871776618043512 ], [ -93.382756499347536, 44.871779318622167 ], [ -93.382760297169256, 44.871779305893696 ], [ -93.38276031506939, 44.871782006472344 ], [ -93.382764112891294, 44.871781993743745 ], [ -93.382764148691919, 44.871787394901062 ], [ -93.382809722558761, 44.871787242147967 ], [ -93.382809740461212, 44.8717899427266 ], [ -93.382813538283614, 44.871789929996361 ], [ -93.382813556186235, 44.871792630574987 ], [ -93.382817354008807, 44.871792617844626 ], [ -93.382817479328537, 44.87181152189504 ], [ -93.382825074976168, 44.871811496433899 ], [ -93.382825092879358, 44.871814197012519 ], [ -93.382832688527316, 44.871814171550859 ], [ -93.382832706430861, 44.871816872129479 ], [ -93.382836504255025, 44.871816859398464 ], [ -93.38283652215874, 44.87181955997707 ], [ -93.382840319983075, 44.871819547245927 ], [ -93.382840337886975, 44.871822247824547 ], [ -93.382847933535984, 44.871822222361871 ], [ -93.382847951440255, 44.871824922940505 ], [ -93.38285174926493, 44.871824910208979 ], [ -93.382851767169356, 44.871827610787584 ], [ -93.382859362819076, 44.871827585324148 ], [ -93.382859380723872, 44.871830285902746 ], [ -93.382866976373933, 44.871830260438806 ], [ -93.382866994279084, 44.871832961017411 ], [ -93.382870792104285, 44.871832948285245 ], [ -93.382870810009621, 44.871835648863836 ], [ -93.382878405660378, 44.871835623399136 ], [ -93.382878423566069, 44.871838323977748 ], [ -93.382882221391625, 44.871838311245199 ], [ -93.382882239297487, 44.87184101182379 ], [ -93.382889834948941, 44.871840986358322 ], [ -93.382889852855172, 44.87184368693692 ], [ -93.382897448506952, 44.871843661470947 ], [ -93.382897466413539, 44.871846362049531 ], [ -93.382901264239607, 44.871846349316343 ], [ -93.382901282146378, 44.871849049894927 ], [ -93.382908877798869, 44.871849024428194 ], [ -93.382908895705995, 44.871851725006785 ], [ -93.382912693532404, 44.871851712273219 ], [ -93.382912711439715, 44.871854412851789 ], [ -93.382920307092903, 44.871854387384303 ], [ -93.382920325000569, 44.871857087962866 ], [ -93.382927920654083, 44.871857062494868 ], [ -93.382927938562105, 44.871859763073424 ], [ -93.382962119004446, 44.871859648461147 ], [ -93.382962101094833, 44.871856947882584 ], [ -93.382984888055219, 44.871856871468722 ], [ -93.382984905965913, 44.871859572047271 ], [ -93.382988703792805, 44.87185955931119 ], [ -93.382988721703668, 44.871862259889745 ], [ -93.382992519530745, 44.871862247153523 ], [ -93.382992537441794, 44.871864947732085 ], [ -93.382996335269041, 44.871864934995735 ], [ -93.38299635318026, 44.871867635574276 ], [ -93.38300394883511, 44.871867610101205 ], [ -93.383003966746685, 44.871870310679739 ], [ -93.383007764574288, 44.871870297943019 ], [ -93.383007782486061, 44.87187299852156 ], [ -93.383011580313834, 44.871872985784705 ], [ -93.383011669873568, 44.871886488677362 ], [ -93.383015467702222, 44.871886475940379 ], [ -93.383015485614365, 44.871889176518913 ], [ -93.38301928344319, 44.871889163781809 ], [ -93.383019337180144, 44.871897265517376 ], [ -93.383053517644328, 44.871897150877665 ], [ -93.383053499730408, 44.871894450299159 ], [ -93.383057297559574, 44.871894437560783 ], [ -93.383057279645485, 44.871891736982263 ], [ -93.383061077474451, 44.871891724243767 ], [ -93.383061059560191, 44.871889023665254 ], [ -93.383068655217798, 44.871888998187863 ], [ -93.38306856564472, 44.871875495295306 ], [ -93.383072363472635, 44.871875482556433 ], [ -93.383072345557835, 44.871872781977906 ], [ -93.383076143385566, 44.871872769238912 ], [ -93.383076125470609, 44.8718700686604 ], [ -93.383083721125715, 44.871870043182021 ], [ -93.383083703210389, 44.871867342603515 ], [ -93.383087501037764, 44.871867329864138 ], [ -93.383087518953261, 44.871870030442643 ], [ -93.383091316780792, 44.871870017703152 ], [ -93.383091334696459, 44.871872718281658 ], [ -93.383095132524176, 44.871872705542032 ], [ -93.383095186271746, 44.871880807277549 ], [ -93.383091388443503, 44.871880820017189 ], [ -93.383091567600417, 44.871907825802197 ], [ -93.383110556750509, 44.871907762102701 ], [ -93.383110574667114, 44.871910462681193 ], [ -93.383121968157667, 44.871910424459983 ], [ -93.383121986074798, 44.871913125038468 ], [ -93.383125783905157, 44.871913112297804 ], [ -93.383125801822473, 44.871915812876288 ], [ -93.383137195314077, 44.871915774653552 ], [ -93.383137213231919, 44.871918475232029 ], [ -93.383141011062619, 44.871918462490861 ], [ -93.383141028980646, 44.871921163069331 ], [ -93.383190400781899, 44.871920997422677 ], [ -93.383190382861571, 44.871918296844221 ], [ -93.383194180692243, 44.871918284101291 ], [ -93.383194198612756, 44.87192098467974 ], [ -93.383201794274441, 44.871920959193488 ], [ -93.383201812195296, 44.871923659771937 ], [ -93.383235992674386, 44.871923545077564 ], [ -93.383235956829438, 44.871918143920681 ], [ -93.383239754660082, 44.871918131176244 ], [ -93.383239736737437, 44.871915430597788 ], [ -93.38324353456791, 44.871915417853209 ], [ -93.383243516645095, 44.871912717274782 ], [ -93.383308079759502, 44.871912500597716 ], [ -93.383308097685344, 44.87191520117613 ], [ -93.383315693346177, 44.871915175682318 ], [ -93.38331571127236, 44.871917876260731 ], [ -93.383323306933534, 44.871917850766408 ], [ -93.383323324860072, 44.871920551344822 ], [ -93.383327122690844, 44.871920538597465 ], [ -93.383327140617567, 44.871923239175878 ], [ -93.383330938448509, 44.871923226428386 ], [ -93.383330956375417, 44.871925927006799 ], [ -93.383327158544304, 44.871925939754291 ], [ -93.383327176471028, 44.871928640332698 ], [ -93.383323378639744, 44.871928653080062 ], [ -93.383323396566311, 44.871931353658475 ], [ -93.383319598734829, 44.871931366405704 ], [ -93.383319616661225, 44.871934066984117 ], [ -93.383315818829558, 44.871934079731226 ], [ -93.38331583675577, 44.871936780309632 ], [ -93.383285454101042, 44.871936882281965 ], [ -93.383285507875414, 44.871944984017212 ], [ -93.383281710043036, 44.87194499676319 ], [ -93.383281727967656, 44.871947697341611 ], [ -93.38327793013508, 44.871947710087461 ], [ -93.383278091455196, 44.871972015293153 ], [ -93.383289484957672, 44.871971977055182 ], [ -93.38328950288269, 44.871974677633588 ], [ -93.383323683391609, 44.871974562912868 ], [ -93.383323665464999, 44.871971862334476 ], [ -93.38333505896739, 44.871971824091958 ], [ -93.383335076894525, 44.871974524670343 ], [ -93.383342672563131, 44.871974499174698 ], [ -93.383342690490622, 44.87197719975309 ], [ -93.383369275331916, 44.871977110514344 ], [ -93.383369293260643, 44.871979811092729 ], [ -93.38337309109528, 44.871979798343837 ], [ -93.383373109024191, 44.8719824989222 ], [ -93.383376906859013, 44.871982486173174 ], [ -93.383376996504524, 44.871995989064999 ], [ -93.383392187847292, 44.87199593806762 ], [ -93.383392205777113, 44.871998638645977 ], [ -93.38340739712055, 44.871998587646566 ], [ -93.383407415051096, 44.872001288224922 ], [ -93.383411212887111, 44.872001275474759 ], [ -93.383411230817842, 44.872003976053108 ], [ -93.383415028654028, 44.872003963302802 ], [ -93.38341506451583, 44.872009364459473 ], [ -93.383418862352386, 44.87200935170906 ], [ -93.383418880283457, 44.872012052287424 ], [ -93.383422678120198, 44.87201203953687 ], [ -93.383422696051454, 44.872014740115205 ], [ -93.383426493888365, 44.872014727364522 ], [ -93.383426511819792, 44.872017427942858 ], [ -93.383430309656887, 44.872017415192047 ], [ -93.383430363451737, 44.872025516927046 ], [ -93.383437959126965, 44.872025491425042 ], [ -93.383437977058946, 44.872028192003377 ], [ -93.383441774896724, 44.87202817925219 ], [ -93.38344179282889, 44.872030879830504 ], [ -93.383445590666852, 44.872030867079189 ], [ -93.383445680328578, 44.872044369970787 ], [ -93.38348745655577, 44.872044229697885 ], [ -93.38348742068716, 44.872038828541278 ], [ -93.38349121852562, 44.872038815788443 ], [ -93.383491200591152, 44.872036115210129 ], [ -93.383494998429441, 44.872036102457159 ], [ -93.383494980494788, 44.872033401878859 ], [ -93.383498778332893, 44.872033389125768 ], [ -93.38349879626773, 44.872036089704075 ], [ -93.383502594105991, 44.872036076950863 ], [ -93.383502612040999, 44.87203877752917 ], [ -93.383506409879473, 44.872038764775823 ], [ -93.383506445749845, 44.872044165932415 ], [ -93.383571009009245, 44.872043949106214 ] ], [ [ -93.383026377547139, 44.871813522108049 ], [ -93.383018781899423, 44.871813547582583 ], [ -93.383018763987195, 44.871810847004021 ], [ -93.383014966163515, 44.871810859741103 ], [ -93.383014948251457, 44.871808159162526 ], [ -93.383011150427933, 44.871808171899467 ], [ -93.38301113251606, 44.871805471320911 ], [ -93.383014930339385, 44.871805458583957 ], [ -93.383014912427342, 44.871802758005394 ], [ -93.383018710250482, 44.871802745268326 ], [ -93.383018692338254, 44.871800044689756 ], [ -93.383026287984194, 44.871800019215236 ], [ -93.383026305896777, 44.871802719793791 ], [ -93.383030103719918, 44.871802707056347 ], [ -93.383030121632686, 44.871805407634909 ], [ -93.383033919455997, 44.871805394897329 ], [ -93.383033937368936, 44.871808095475885 ], [ -93.383030139545454, 44.871808108213457 ], [ -93.383030157458222, 44.871810808792027 ], [ -93.383026359634556, 44.871810821529493 ], [ -93.383026377547139, 44.871813522108049 ] ], [ [ -93.382821026510541, 44.871773701063638 ], [ -93.382817228689206, 44.871773713794148 ], [ -93.382817210786428, 44.871771013215501 ], [ -93.382813412965263, 44.871771025945861 ], [ -93.382813395062655, 44.871768325367206 ], [ -93.382809597241675, 44.871768338097446 ], [ -93.382809543534393, 44.871760236361503 ], [ -93.382813341354847, 44.871760223631277 ], [ -93.38281332345224, 44.871757523052608 ], [ -93.38281712127251, 44.871757510322254 ], [ -93.382817103369732, 44.871754809743599 ], [ -93.382824699009888, 44.871754784282501 ], [ -93.382824716913035, 44.871757484861149 ], [ -93.382828514733291, 44.871757472130412 ], [ -93.382828532636594, 44.871760172709067 ], [ -93.382832330457035, 44.871760159978201 ], [ -93.382832366264012, 44.871765561135497 ], [ -93.38282856844323, 44.871765573866355 ], [ -93.382828586346548, 44.871768274444996 ], [ -93.382824788525568, 44.87176828717574 ], [ -93.382824806428715, 44.871770987754388 ], [ -93.382821008607579, 44.871771000485005 ], [ -93.382821026510541, 44.871773701063638 ] ] ] } },
{ "type": "Feature", "properties": { }, "geometry": { "type": "Polygon", "coordinates": [ [ [ -93.388383524293531, 44.871560473736984 ], [ -93.388383506130566, 44.871557773160006 ], [ -93.388387303935204, 44.871557760244464 ], [ -93.388387285772069, 44.871555059667486 ], [ -93.388402476989896, 44.871555008004052 ], [ -93.388402313515357, 44.871530702811235 ], [ -93.388349144275196, 44.871530883624281 ], [ -93.388349126113852, 44.871528183047289 ], [ -93.388345328311146, 44.871528195961552 ], [ -93.388345310149987, 44.871525495384546 ], [ -93.388311129927075, 44.871525611607282 ], [ -93.388311148086629, 44.871528312184289 ], [ -93.388307350283895, 44.871528325097302 ], [ -93.388307368443279, 44.871531025674308 ], [ -93.388292177231591, 44.871531077325066 ], [ -93.388292159072932, 44.87152837674806 ], [ -93.388276967861913, 44.871528428396807 ], [ -93.38827694970395, 44.87152572781978 ], [ -93.388242769480627, 44.871525844022045 ], [ -93.388242951044376, 44.871552849792373 ], [ -93.388261940066229, 44.871552785236752 ], [ -93.388261958223509, 44.871555485813779 ], [ -93.388265756028048, 44.871555472902266 ], [ -93.388265774185513, 44.871558173479272 ], [ -93.388269571990222, 44.871558160567652 ], [ -93.388269590147857, 44.871560861144665 ], [ -93.388303770391801, 44.8715607449343 ], [ -93.388303752232574, 44.871558044357286 ], [ -93.388307550037268, 44.871558031444401 ], [ -93.388307531877857, 44.871555330867388 ], [ -93.388311329682367, 44.871555317954382 ], [ -93.388311347841949, 44.871558018531388 ], [ -93.388315145646644, 44.871558005618233 ], [ -93.388315163806396, 44.87156070619524 ], [ -93.388383524293531, 44.871560473736984 ] ] ] } },
{ "type": "Feature", "properties": { }, "geometry": { "type": "Polygon", "coordinates": [ [ [ -93.384220751348153, 44.871517841112293 ], [ -93.384220733379877, 44.871515140533965 ], [ -93.384228328987277, 44.871515114979623 ], [ -93.38422831101866, 44.871512414401309 ], [ -93.384232108822175, 44.871512401623946 ], [ -93.384232090853374, 44.871509701045632 ], [ -93.384235888656718, 44.871509688268141 ], [ -93.38423587068776, 44.871506987689813 ], [ -93.384239668490906, 44.871506974912201 ], [ -93.384239650521764, 44.871504274333887 ], [ -93.384243448324739, 44.871504261556154 ], [ -93.384243286600949, 44.871479956351209 ], [ -93.384239488799594, 44.87147996912892 ], [ -93.384239470830465, 44.871477268550592 ], [ -93.384235673029252, 44.871477281328197 ], [ -93.384235655060323, 44.871474580749862 ], [ -93.384228059458266, 44.871474606304666 ], [ -93.384228041489678, 44.871471905726331 ], [ -93.38418246787927, 44.871472059044564 ], [ -93.384182485845727, 44.87147475962292 ], [ -93.384178688044656, 44.871474772398614 ], [ -93.384178706010928, 44.87147747297697 ], [ -93.384174908209687, 44.87147748575255 ], [ -93.384175123803047, 44.871509892692735 ], [ -93.38417892160642, 44.871509879917149 ], [ -93.384178939572735, 44.871512580495484 ], [ -93.384182737376278, 44.871512567719762 ], [ -93.384182755342763, 44.871515268298097 ], [ -93.384186553146492, 44.871515255522255 ], [ -93.384186571113148, 44.871517956100583 ], [ -93.384220751348153, 44.871517841112293 ] ] ] } },
{ "type": "Feature", "properties": { }, "geometry": { "type": "Polygon", "coordinates": [ [ [ -93.378677903005098, 44.871833424798105 ], [ -93.378677885295843, 44.871830724218199 ], [ -93.37868168312275, 44.87183071162535 ], [ -93.378681665413325, 44.87182801104543 ], [ -93.378689261066768, 44.871827985859348 ], [ -93.378689207937441, 44.871819884119589 ], [ -93.378693005763623, 44.871819871526355 ], [ -93.378692988053672, 44.87181717094645 ], [ -93.378696785879683, 44.871817158353089 ], [ -93.378696768169547, 44.871814457773176 ], [ -93.3787043638212, 44.871814432586099 ], [ -93.378704328400261, 44.87180903142626 ], [ -93.378708126225717, 44.871809018832529 ], [ -93.37870810851507, 44.871806318252602 ], [ -93.378711906340357, 44.871806305658744 ], [ -93.378711888629539, 44.871803605078846 ], [ -93.378719484279742, 44.871803579890759 ], [ -93.378719466568555, 44.87180087931084 ], [ -93.378738455693153, 44.871800816338414 ], [ -93.378738437981085, 44.871798115758509 ], [ -93.378746033630549, 44.87179809056866 ], [ -93.378746015918139, 44.871795389988741 ], [ -93.378753611567234, 44.871795364798388 ], [ -93.378753593854469, 44.871792664218475 ], [ -93.378768785151919, 44.87179261383627 ], [ -93.378768767438444, 44.871789913256379 ], [ -93.378772565262608, 44.871789900660502 ], [ -93.378772547548976, 44.87178720008059 ], [ -93.37877634537297, 44.8717871874846 ], [ -93.378776309945323, 44.871781786324782 ], [ -93.378780107768961, 44.871781773728664 ], [ -93.37878009005496, 44.871779073148751 ], [ -93.378783887878413, 44.871779060552512 ], [ -93.378783870164241, 44.871776359972607 ], [ -93.378821848396939, 44.871776234003249 ], [ -93.378821759817242, 44.871762731103743 ], [ -93.378825557639601, 44.871762718506126 ], [ -93.378825539923497, 44.871760017926228 ], [ -93.378829337745685, 44.871760005328483 ], [ -93.378829320029396, 44.871757304748577 ], [ -93.378848309139414, 44.87175724175794 ], [ -93.378848273705074, 44.871751840598129 ], [ -93.378852071526708, 44.871751827999624 ], [ -93.378852053809368, 44.871749127419726 ], [ -93.378855851630831, 44.8717491148211 ], [ -93.378855833913306, 44.871746414241208 ], [ -93.378874823019686, 44.871746351246173 ], [ -93.378874787582873, 44.871740950086377 ], [ -93.378878585403783, 44.87174093748699 ], [ -93.378878567685206, 44.871738236907099 ], [ -93.378882365505945, 44.871738224307592 ], [ -93.378882330068436, 44.871732823147795 ], [ -93.378886127888805, 44.871732810548167 ], [ -93.378886092450969, 44.87172740938837 ], [ -93.378889890270983, 44.871727396788607 ], [ -93.378889854832792, 44.87172199562881 ], [ -93.378893652652451, 44.871721983028941 ], [ -93.378893617213905, 44.87171658186913 ], [ -93.378897415033208, 44.871716569269118 ], [ -93.37889739731375, 44.871713868689213 ], [ -93.378901195132883, 44.871713856089087 ], [ -93.378901159693655, 44.871708454929305 ], [ -93.378904957512404, 44.87170844232903 ], [ -93.37890492207282, 44.871703041169226 ], [ -93.378908719891243, 44.871703028568838 ], [ -93.378908684451304, 44.871697627409041 ], [ -93.378912482269357, 44.871697614808532 ], [ -93.378912446829077, 44.871692213648714 ], [ -93.378916244646774, 44.871692201048084 ], [ -93.378916209206153, 44.871686799888273 ], [ -93.378920007023495, 44.871686787287516 ], [ -93.378919971582533, 44.871681386127712 ], [ -93.378923769399506, 44.871681373526833 ], [ -93.378923733958203, 44.871675972367015 ], [ -93.378927531774821, 44.871675959766023 ], [ -93.378927478612354, 44.871667858026271 ], [ -93.378931276428418, 44.871667845425151 ], [ -93.378931240986432, 44.871662444265318 ], [ -93.378935038802169, 44.871662431664085 ], [ -93.378935021080991, 44.871659731084158 ], [ -93.378938818896529, 44.871659718482789 ], [ -93.378938765732499, 44.871651616743044 ], [ -93.378942563547511, 44.87165160414154 ], [ -93.378942528104488, 44.871646202981708 ], [ -93.378946325919131, 44.871646190380091 ], [ -93.378946272754092, 44.871638088640339 ], [ -93.378950070568209, 44.8716380760386 ], [ -93.378950035124475, 44.871632674878747 ], [ -93.378953832938237, 44.87163266227688 ], [ -93.378953797494191, 44.871627261117034 ], [ -93.378957595307597, 44.87162724851504 ], [ -93.378957542140981, 44.871619146775267 ], [ -93.378961339953847, 44.871619134173159 ], [ -93.378961286786748, 44.871611032433364 ], [ -93.378965084599074, 44.871611019831136 ], [ -93.378965049153976, 44.871605618671289 ], [ -93.378968846965961, 44.871605606068918 ], [ -93.378968793797824, 44.871597504329117 ], [ -93.378972591609255, 44.871597491726632 ], [ -93.378972520717724, 44.871586689406897 ], [ -93.378976318528458, 44.871586676804299 ], [ -93.378976265359299, 44.871578575064461 ], [ -93.378980063169479, 44.871578562461735 ], [ -93.378980009999822, 44.871570460721919 ], [ -93.378983807809476, 44.871570448119073 ], [ -93.378983736915913, 44.871559645799287 ], [ -93.378987534724857, 44.871559633196313 ], [ -93.378987463830626, 44.871548830876506 ], [ -93.378991261638845, 44.871548818273418 ], [ -93.378991173020239, 44.871535315373649 ], [ -93.378994970827577, 44.87153530277044 ], [ -93.378994917655902, 44.871527201030567 ], [ -93.3789987154627, 44.871527188427237 ], [ -93.378998626842403, 44.871513685527425 ], [ -93.37900242464832, 44.871513672923967 ], [ -93.379002353751403, 44.87150287060409 ], [ -93.379006151556609, 44.871502858000525 ], [ -93.37900606293465, 44.871489355100664 ], [ -93.379009860738961, 44.871489342496965 ], [ -93.379009736667072, 44.871470438437107 ], [ -93.379013534470133, 44.871470425833294 ], [ -93.379013428121837, 44.871454222353385 ], [ -93.379017225923846, 44.871454209749452 ], [ -93.379016906876302, 44.871405599309448 ], [ -93.378978928888188, 44.871405725342861 ], [ -93.378978946611255, 44.871408425922873 ], [ -93.378975148812259, 44.871408438525528 ], [ -93.378975166535156, 44.871411139105554 ], [ -93.378971368735975, 44.871411151708074 ], [ -93.378971386458687, 44.871413852288093 ], [ -93.378967588659336, 44.871413864890492 ], [ -93.37896757093678, 44.871411164310466 ], [ -93.378963773137599, 44.871411176912744 ], [ -93.378963755415242, 44.871408476332718 ], [ -93.378959957616232, 44.871408488934847 ], [ -93.378959886727543, 44.871397686614735 ], [ -93.378956088929243, 44.87139769921675 ], [ -93.378956071207242, 44.871394998636703 ], [ -93.378952273409112, 44.871395011238597 ], [ -93.37895225568731, 44.871392310658557 ], [ -93.378948457889351, 44.871392323260324 ], [ -93.3789483515596, 44.871376119780045 ], [ -93.378936958168921, 44.871376157584542 ], [ -93.378936940447844, 44.871373457004495 ], [ -93.378929344854399, 44.871373482206856 ], [ -93.378929327133676, 44.871370781626787 ], [ -93.37891793374402, 44.87137081942938 ], [ -93.378917916023838, 44.871368118849318 ], [ -93.378883735856348, 44.871368232250255 ], [ -93.378883824449346, 44.871381735150599 ], [ -93.378880026652041, 44.871381747750078 ], [ -93.378880327865645, 44.871427657611015 ], [ -93.378884125665948, 44.871427645011515 ], [ -93.378884143384596, 44.871430345591563 ], [ -93.378887941185084, 44.871430332991935 ], [ -93.378887958903903, 44.871433033571982 ], [ -93.378891756704562, 44.871433020972219 ], [ -93.378891792142568, 44.8714384221323 ], [ -93.378895589943582, 44.871438409532409 ], [ -93.37889560766277, 44.871441110112443 ], [ -93.378899405463955, 44.871441097512438 ], [ -93.378899458622072, 44.871449199252524 ], [ -93.378903256423797, 44.871449186652391 ], [ -93.378903274143354, 44.871451887232418 ], [ -93.378907071945235, 44.87145187463215 ], [ -93.378907089664978, 44.871454575212177 ], [ -93.378903291862912, 44.871454587812437 ], [ -93.378903309582469, 44.871457288392456 ], [ -93.378899511780219, 44.871457300992603 ], [ -93.378899529499606, 44.871460001572629 ], [ -93.3788881360923, 44.871460039372309 ], [ -93.378888153811161, 44.871462739952328 ], [ -93.378872962600695, 44.871462790350137 ], [ -93.378872980318846, 44.871465490930163 ], [ -93.378869182516041, 44.871465503529301 ], [ -93.378869271105927, 44.871479006429432 ], [ -93.378865473302227, 44.871479019028442 ], [ -93.378865561891288, 44.871492521928559 ], [ -93.378861764086707, 44.871492534527455 ], [ -93.378861817239638, 44.871500636267513 ], [ -93.378858019434517, 44.871500648866267 ], [ -93.378858072586937, 44.871508750606317 ], [ -93.37885427478129, 44.871508763204972 ], [ -93.378854363367822, 44.871522266105025 ], [ -93.378850565561265, 44.871522278703551 ], [ -93.378850600995548, 44.871527679863568 ], [ -93.378846803188651, 44.871527692461974 ], [ -93.378846820905608, 44.871530393041979 ], [ -93.37884302309854, 44.871530405640264 ], [ -93.378843040815312, 44.871533106220262 ], [ -93.378839243008059, 44.871533118818427 ], [ -93.378839402457658, 44.871557424038436 ], [ -93.378835604648799, 44.871557436636479 ], [ -93.378835675514651, 44.871568238956456 ], [ -93.378831877705068, 44.871568251554379 ], [ -93.378831930853963, 44.871576353294337 ], [ -93.378828133043839, 44.871576365892132 ], [ -93.378828186192209, 44.871584467632097 ], [ -93.37882438838156, 44.871584480229778 ], [ -93.378824423813469, 44.871589881389738 ], [ -93.378820626002465, 44.871589893987291 ], [ -93.37882066143402, 44.871595295147259 ], [ -93.37881686362266, 44.871595307744684 ], [ -93.37881691676948, 44.871603409484642 ], [ -93.378813118957581, 44.87160342208194 ], [ -93.378813172103904, 44.871611523821869 ], [ -93.378809374291464, 44.871611536419046 ], [ -93.378809427437261, 44.871619638158982 ], [ -93.37880562962431, 44.871619650756038 ], [ -93.378805647339405, 44.871622351336022 ], [ -93.378801849526255, 44.871622363932957 ], [ -93.37880188495609, 44.871627765092896 ], [ -93.378798087142584, 44.87162777768971 ], [ -93.378798122572093, 44.871633178849649 ], [ -93.378794324758232, 44.871633191446335 ], [ -93.378794342472801, 44.871635892026312 ], [ -93.378790544658756, 44.871635904622877 ], [ -93.378790580087554, 44.871641305782816 ], [ -93.378786782273167, 44.871641318379247 ], [ -93.378786817701609, 44.871646719539186 ], [ -93.378783019886853, 44.871646732135495 ], [ -93.378783073029027, 44.871654833875411 ], [ -93.378779275213745, 44.8716548464716 ], [ -93.378779328355392, 44.871662948211494 ], [ -93.378775530539571, 44.871662960807555 ], [ -93.378775548253273, 44.871665661387524 ], [ -93.378771750437281, 44.871665673983465 ], [ -93.378771785864359, 44.871671075143404 ], [ -93.378767988047997, 44.871671087739209 ], [ -93.37876802347472, 44.871676488899134 ], [ -93.378764225657989, 44.871676501494832 ], [ -93.378764261084385, 44.871681902654743 ], [ -93.378760463267312, 44.871681915250313 ], [ -93.378760498693353, 44.871687316410231 ], [ -93.378756700875911, 44.871687329005674 ], [ -93.378756736301611, 44.871692730165584 ], [ -93.378752938483814, 44.871692742760914 ], [ -93.378752956196479, 44.871695443340883 ], [ -93.378749158378511, 44.871695455936077 ], [ -93.378749176091006, 44.871698156516018 ], [ -93.378745378272853, 44.871698169111099 ], [ -93.37874543140984, 44.871706270850979 ], [ -93.378741633591147, 44.87170628344591 ], [ -93.378741669015454, 44.87171168460582 ], [ -93.378737871196421, 44.871711697200638 ], [ -93.37873788890839, 44.871714397780593 ], [ -93.378734091089171, 44.87171441037529 ], [ -93.378734126512782, 44.871719811535208 ], [ -93.378730328693194, 44.871719824129784 ], [ -93.378730346404836, 44.871722524709725 ], [ -93.378726548585064, 44.871722537304187 ], [ -93.378726584007993, 44.871727938464076 ], [ -93.378722786187865, 44.871727951058396 ], [ -93.378722821610438, 44.871733352218307 ], [ -93.378719023789955, 44.871733364812506 ], [ -93.378719059212187, 44.871738765972395 ], [ -93.378715261391349, 44.871738778566474 ], [ -93.378715296813226, 44.871744179726377 ], [ -93.378711498992033, 44.871744192320335 ], [ -93.378711516702808, 44.871746892900276 ], [ -93.378707718881429, 44.871746905494106 ], [ -93.37870773659202, 44.87174960607404 ], [ -93.378700140948908, 44.871749631261324 ], [ -93.378700158659143, 44.871752331841272 ], [ -93.378692563015662, 44.871752357028043 ], [ -93.378692580725541, 44.871755057607992 ], [ -93.378681187259772, 44.871755095387208 ], [ -93.378681204969141, 44.871757795967184 ], [ -93.378639428925808, 44.871757934481288 ], [ -93.378639411218401, 44.871755233901311 ], [ -93.378635613396455, 44.871755246492732 ], [ -93.378635595689218, 44.871752545912777 ], [ -93.378631797867428, 44.871752558504085 ], [ -93.378631762453352, 44.871747157344146 ], [ -93.378586188596032, 44.871747308429939 ], [ -93.378586224005858, 44.871752709589899 ], [ -93.378582426184025, 44.871752722179558 ], [ -93.37858246159351, 44.871758123339532 ], [ -93.378578663771336, 44.871758135929078 ], [ -93.378578681475901, 44.871760836509047 ], [ -93.378574883653542, 44.871760849098465 ], [ -93.378574919062331, 44.871766250258418 ], [ -93.378571121239631, 44.871766262847714 ], [ -93.37857113894384, 44.871768963427677 ], [ -93.378567341120956, 44.871768976016845 ], [ -93.378567376529034, 44.871774377176827 ], [ -93.378563578705794, 44.871774389765854 ], [ -93.378563596409663, 44.87177709034583 ], [ -93.378559798586238, 44.87177710293475 ], [ -93.378559833993634, 44.871782504094696 ], [ -93.37855603616984, 44.871782516683488 ], [ -93.378556053873368, 44.871785217263472 ], [ -93.378552256049403, 44.871785229852144 ], [ -93.378552415379616, 44.871809535071868 ], [ -93.378556213205187, 44.871809522483204 ], [ -93.37855624861227, 44.871814923643129 ], [ -93.378563844264107, 44.871814898465388 ], [ -93.378563861968019, 44.871817599045336 ], [ -93.378582851098443, 44.871817536098781 ], [ -93.378582868803235, 44.871820236678722 ], [ -93.378590464455755, 44.871820211499212 ], [ -93.378590482160917, 44.871822912079153 ], [ -93.378601875640186, 44.871822874308947 ], [ -93.378601893345873, 44.871825574888902 ], [ -93.378605691172467, 44.871825562298575 ], [ -93.378605708878339, 44.871828262878509 ], [ -93.378609506705104, 44.871828250288054 ], [ -93.378609524411175, 44.871830950867988 ], [ -93.378643704853616, 44.87183083754821 ], [ -93.378643722561264, 44.871833538128136 ], [ -93.378677903005098, 44.871833424798105 ] ], [ [ -93.378904089245552, 44.871576113912219 ], [ -93.37888510019522, 44.871576176911937 ], [ -93.378885082476444, 44.87157347633196 ], [ -93.378881284666534, 44.871573488931531 ], [ -93.378881266947943, 44.871570788351562 ], [ -93.378877469138217, 44.871570800950998 ], [ -93.378877451419797, 44.871568100371007 ], [ -93.378873653610242, 44.871568112970316 ], [ -93.37887361817377, 44.871562711810355 ], [ -93.378877415982956, 44.871562699211047 ], [ -93.378877362827723, 44.871554597471111 ], [ -93.378881160636382, 44.871554584871689 ], [ -93.378881125199229, 44.8715491837117 ], [ -93.378884923007519, 44.871549171112143 ], [ -93.378884852132501, 44.871538368792201 ], [ -93.378888649940095, 44.871538356192531 ], [ -93.378888632221162, 44.87153565561254 ], [ -93.378892430028571, 44.871535643012741 ], [ -93.378892412309483, 44.871532942432744 ], [ -93.378896210116693, 44.871532929832831 ], [ -93.378896227835966, 44.871535630412822 ], [ -93.378907621258179, 44.87153559261229 ], [ -93.378907638977992, 44.871538293192266 ], [ -93.378915234593123, 44.871538267991276 ], [ -93.378915252313291, 44.871540968571267 ], [ -93.378919050121027, 44.87154095597058 ], [ -93.37891906784138, 44.871543656550557 ], [ -93.378922865649301, 44.871543643949742 ], [ -93.378922883369839, 44.871546344529719 ], [ -93.37892668117793, 44.871546331928776 ], [ -93.378926716619347, 44.871551733088715 ], [ -93.378922918810886, 44.871551745689651 ], [ -93.378922971972514, 44.871559847429573 ], [ -93.378919174163528, 44.871559860030395 ], [ -93.378919209604277, 44.871565261190327 ], [ -93.378915411794935, 44.871565273791013 ], [ -93.378915429515118, 44.87156797437099 ], [ -93.378911631705606, 44.87156798697157 ], [ -93.378911649425618, 44.871570687551525 ], [ -93.378907851615921, 44.87157070015197 ], [ -93.378907869335762, 44.871573400731947 ], [ -93.378904071525895, 44.871573413332257 ], [ -93.378904089245552, 44.871576113912219 ] ] ] } },
{ "type": "Feature", "properties": { }, "geometry": { "type": "Polygon", "coordinates": [ [ [ -93.384326568632829, 44.871439166534593 ], [ -93.384326532686501, 44.871433765377944 ], [ -93.384330330484801, 44.871433752597341 ], [ -93.384330294538131, 44.87142835144067 ], [ -93.384334092336076, 44.871428338659932 ], [ -93.384334056389051, 44.871422937503283 ], [ -93.38433785418664, 44.871422924722424 ], [ -93.38433783621295, 44.871420224144096 ], [ -93.384341634010354, 44.871420211363109 ], [ -93.384341598062647, 44.871414810206446 ], [ -93.384345395859697, 44.871414797425359 ], [ -93.384345341937603, 44.871406695690339 ], [ -93.384349139734127, 44.871406682909125 ], [ -93.384349121759911, 44.87140398233079 ], [ -93.38435291955625, 44.871403969549441 ], [ -93.384352901581877, 44.871401268971091 ], [ -93.384356699378031, 44.871401256189621 ], [ -93.384356681403474, 44.871398555611286 ], [ -93.384360479199444, 44.871398542829681 ], [ -93.38436031742701, 44.871374237624615 ], [ -93.384364115221373, 44.871374224842903 ], [ -93.384364097246504, 44.871371524264553 ], [ -93.384367895040697, 44.871371511482714 ], [ -93.384367679340187, 44.871339104542471 ], [ -93.384363881548126, 44.871339117324304 ], [ -93.384363863573284, 44.87133641674594 ], [ -93.384360065781394, 44.871336429527645 ], [ -93.384360029832067, 44.871331028370911 ], [ -93.384356232040531, 44.87133104115248 ], [ -93.384356214066059, 44.871328340574109 ], [ -93.384352416274695, 44.871328353355558 ], [ -93.384352362351791, 44.871320251620446 ], [ -93.384348564560966, 44.871320264401767 ], [ -93.38434854658685, 44.871317563823375 ], [ -93.384344748796195, 44.871317576604575 ], [ -93.384344730822249, 44.87131487602619 ], [ -93.38434093303178, 44.871314888807241 ], [ -93.384340915058019, 44.871312188228863 ], [ -93.384337117267719, 44.8713122010098 ], [ -93.384337081320567, 44.871306799853045 ], [ -93.384333283530609, 44.87130681263384 ], [ -93.384333247583825, 44.871301411477063 ], [ -93.384329449794237, 44.87130142425773 ], [ -93.384329431821016, 44.871298723679345 ], [ -93.384325634031597, 44.871298736459899 ], [ -93.384325616058561, 44.871296035881507 ], [ -93.384321818269328, 44.871296048661932 ], [ -93.38432178232361, 44.87129064750512 ], [ -93.384317984534718, 44.871290660285418 ], [ -93.384317966562051, 44.871287959707011 ], [ -93.384314168773344, 44.871287972487174 ], [ -93.384314114855869, 44.87127987075197 ], [ -93.384306519279491, 44.871279896311911 ], [ -93.384306501307364, 44.871277195733491 ], [ -93.384302703519353, 44.871277208513277 ], [ -93.384302685547397, 44.871274507934871 ], [ -93.38429888775957, 44.871274520714522 ], [ -93.384298869787798, 44.871271820136108 ], [ -93.384283678637118, 44.871271871253455 ], [ -93.384283660666071, 44.871269170675049 ], [ -93.384245682790976, 44.871269298459552 ], [ -93.38424570076026, 44.871271999037972 ], [ -93.384238105184863, 44.87127202459336 ], [ -93.384238123153793, 44.871274725171801 ], [ -93.384234325365895, 44.8712747379493 ], [ -93.384234343334654, 44.871277438527727 ], [ -93.384230545546586, 44.871277451305104 ], [ -93.384230563515175, 44.87128015188356 ], [ -93.384226765726936, 44.871280164660817 ], [ -93.384226783695325, 44.871282865239245 ], [ -93.384222985906916, 44.871282878016366 ], [ -93.384223003875135, 44.871285578594808 ], [ -93.384219206086527, 44.871285591371809 ], [ -93.384219259990687, 44.871293693107098 ], [ -93.384215462201553, 44.871293705883986 ], [ -93.384215480169431, 44.871296406462427 ], [ -93.384211682380112, 44.871296419239179 ], [ -93.384211736283234, 44.871304520974462 ], [ -93.384207938493375, 44.871304533751101 ], [ -93.384207956460926, 44.871307234329535 ], [ -93.384204158670883, 44.871307247106046 ], [ -93.384204176638249, 44.871309947684452 ], [ -93.38418898547738, 44.871309998789236 ], [ -93.384189057344003, 44.871320801102961 ], [ -93.384185259553078, 44.871320813878846 ], [ -93.384185295486034, 44.871326215035687 ], [ -93.38418149769474, 44.871326227811451 ], [ -93.384181749223373, 44.871364035909281 ], [ -93.38418554701714, 44.871364023133495 ], [ -93.384185618883265, 44.871374825447127 ], [ -93.384189416677742, 44.871374812671213 ], [ -93.384189488544621, 44.871385614984803 ], [ -93.384193286339809, 44.871385602208768 ], [ -93.384193394141249, 44.871401805679106 ], [ -93.384197191937517, 44.87140179290293 ], [ -93.384197245838791, 44.871409894638084 ], [ -93.384208639229158, 44.871409856308794 ], [ -93.384208657196794, 44.871412556887165 ], [ -93.384212454993744, 44.871412544110484 ], [ -93.384212472961565, 44.871415244688869 ], [ -93.384216270758699, 44.87141523191206 ], [ -93.384216288726691, 44.871417932490431 ], [ -93.384220086523996, 44.871417919713501 ], [ -93.384220104492172, 44.871420620291865 ], [ -93.384223902289648, 44.871420607514793 ], [ -93.384223920258009, 44.871423308093163 ], [ -93.384227718055669, 44.871423295315964 ], [ -93.384227736024201, 44.87142599589432 ], [ -93.384231533822032, 44.871425983117 ], [ -93.384231551790748, 44.871428683695363 ], [ -93.384246742982768, 44.871428632584816 ], [ -93.384246760952195, 44.87143133316318 ], [ -93.384250558750367, 44.87143132038522 ], [ -93.384250576719978, 44.871434020963584 ], [ -93.384254374518321, 44.871434008185496 ], [ -93.384254392488117, 44.871436708763845 ], [ -93.384292370473247, 44.871436580976066 ], [ -93.38429238844482, 44.871439281554395 ], [ -93.384326568632829, 44.871439166534593 ] ] ] } },
{ "type": "Feature", "properties": { }, "geometry": { "type": "Polygon", "coordinates": [ [ [ -93.379024077069886, 44.871340760180651 ], [ -93.379023563041983, 44.87126244335893 ], [ -93.378989382937462, 44.871262556791272 ], [ -93.378989418384407, 44.871267957951439 ], [ -93.378985620594634, 44.871267970554399 ], [ -93.378985638317943, 44.871270671134504 ], [ -93.378981840527999, 44.871270683737343 ], [ -93.378981858251109, 44.871273384317433 ], [ -93.378966667090623, 44.87127343472752 ], [ -93.378966684813037, 44.871276135307625 ], [ -93.378962887022723, 44.871276147909818 ], [ -93.378962904744967, 44.871278848489915 ], [ -93.378955309163999, 44.871278873693967 ], [ -93.378955380051536, 44.871289676014314 ], [ -93.378951582260328, 44.871289688616152 ], [ -93.378951759477616, 44.871316694416976 ], [ -93.378955557270586, 44.871316681815124 ], [ -93.37895561043635, 44.871324783555337 ], [ -93.378974599403875, 44.871324720544166 ], [ -93.378974617126687, 44.871327421124235 ], [ -93.378978414920354, 44.871327408521623 ], [ -93.378978432643351, 44.871330109101677 ], [ -93.378982230437188, 44.87133009649893 ], [ -93.378982301329913, 44.87134089881917 ], [ -93.379024077069886, 44.871340760180651 ] ] ] } },
{ "type": "Feature", "properties": { }, "geometry": { "type": "Polygon", "coordinates": [ [ [ -93.381988653280658, 44.871104029137172 ], [ -93.381988563962565, 44.871090526241034 ], [ -93.381992361739321, 44.871090513538242 ], [ -93.381992165237776, 44.87106080716665 ], [ -93.381988367462952, 44.87106081986942 ], [ -93.381988349599368, 44.871058119290176 ], [ -93.381984551824743, 44.871058131992825 ], [ -93.381984498234544, 44.87105003025507 ], [ -93.381980700460431, 44.871050042957592 ], [ -93.381980682597202, 44.871047342378333 ], [ -93.381976884823288, 44.871047355080734 ], [ -93.381976866960244, 44.871044654501468 ], [ -93.381973069186486, 44.871044667203726 ], [ -93.381973051323627, 44.871041966624475 ], [ -93.381969253550039, 44.871041979326606 ], [ -93.381969199962015, 44.871033877588822 ], [ -93.381965402188968, 44.871033890290832 ], [ -93.381965366463987, 44.871028489132293 ], [ -93.381957770918575, 44.871028514535922 ], [ -93.381957753056454, 44.871025813956642 ], [ -93.381923573103634, 44.871025928266675 ], [ -93.381923590964163, 44.871028628845963 ], [ -93.381919793191443, 44.871028641546445 ], [ -93.381919811051802, 44.871031342125725 ], [ -93.381916013278897, 44.871031354826087 ], [ -93.381916031139085, 44.871034055405367 ], [ -93.381912233365995, 44.871034068105608 ], [ -93.381912286946033, 44.871042169843449 ], [ -93.381908489172403, 44.871042182543547 ], [ -93.38190850703225, 44.871044883122828 ], [ -93.381904709258436, 44.87104489582282 ], [ -93.381904727118112, 44.871047596402093 ], [ -93.381900929344127, 44.871047609101943 ], [ -93.381900947203619, 44.87105030968123 ], [ -93.381885756106954, 44.871050360479423 ], [ -93.381885773965749, 44.871053061058703 ], [ -93.381881976191394, 44.871053073757942 ], [ -93.381882136918946, 44.871077378971414 ], [ -93.381885934694907, 44.871077366272175 ], [ -93.381885952553702, 44.871080066851441 ], [ -93.381889750329833, 44.871080054152067 ], [ -93.381889768188813, 44.871082754731326 ], [ -93.381893565965115, 44.871082742031831 ], [ -93.381893619542623, 44.871090843769622 ], [ -93.381927799533969, 44.87109072946842 ], [ -93.38192781739474, 44.871093430047672 ], [ -93.381935412948721, 44.871093404646011 ], [ -93.381935430809847, 44.871096105225249 ], [ -93.381939228587001, 44.871096092524233 ], [ -93.381939246448312, 44.871098793103478 ], [ -93.381943044225636, 44.871098780402335 ], [ -93.381943079948627, 44.87110418156081 ], [ -93.381988653280658, 44.871104029137172 ] ] ] } },
{ "type": "Feature", "properties": { }, "geometry": { "type": "Polygon", "coordinates": [ [ [ -93.384472812862555, 44.871157807849201 ], [ -93.384472776902896, 44.871152406692367 ], [ -93.384476574682623, 44.871152393906947 ], [ -93.384476556702637, 44.871149693328533 ], [ -93.384480354482179, 44.871149680543006 ], [ -93.384480336502008, 44.8711469799646 ], [ -93.384484134281379, 44.871146967178937 ], [ -93.384484116301024, 44.871144266600517 ], [ -93.384487914080225, 44.871144253814734 ], [ -93.384487896099685, 44.871141553236306 ], [ -93.384491693878701, 44.871141540450409 ], [ -93.384491675898005, 44.871138839871989 ], [ -93.384495473676836, 44.87113882708595 ], [ -93.384495455695955, 44.871136126507544 ], [ -93.384506849031894, 44.871136088148688 ], [ -93.384506741143497, 44.871119884678187 ], [ -93.384510538921077, 44.871119871891665 ], [ -93.3845105209395, 44.87111717131323 ], [ -93.384514318716896, 44.87111715852658 ], [ -93.384514300735162, 44.87111445794816 ], [ -93.384521896289584, 44.871114432374469 ], [ -93.384521860325407, 44.871109031217635 ], [ -93.384525658102262, 44.871109018430609 ], [ -93.384525586173197, 44.871098216116906 ], [ -93.384529383949342, 44.871098203329765 ], [ -93.384529347984468, 44.87109280217291 ], [ -93.384533145760258, 44.871092789385635 ], [ -93.384533127777658, 44.8710900888072 ], [ -93.384536925553263, 44.871090076019811 ], [ -93.384536889587693, 44.871084674862949 ], [ -93.384540687362943, 44.871084662075425 ], [ -93.384540669379987, 44.871081961497005 ], [ -93.384544467155052, 44.87108194870936 ], [ -93.384544449171926, 44.871079248130926 ], [ -93.384555842496582, 44.871079209767217 ], [ -93.384555824512915, 44.871076509188789 ], [ -93.384559622287611, 44.87107649640064 ], [ -93.384559604303774, 44.871073795822213 ], [ -93.3845634020783, 44.871073783033928 ], [ -93.384563384094307, 44.871071082455508 ], [ -93.384567181868633, 44.871071069667103 ], [ -93.384567163884455, 44.871068369088675 ], [ -93.384570961658625, 44.871068356300142 ], [ -93.384570943674248, 44.871065655721736 ], [ -93.384574741448233, 44.871065642933083 ], [ -93.3845747234637, 44.871062942354648 ], [ -93.384578521237501, 44.871062929565873 ], [ -93.384578503252783, 44.871060228987446 ], [ -93.384582301026398, 44.871060216198543 ], [ -93.384582283041524, 44.871057515620116 ], [ -93.384586080814969, 44.871057502831079 ], [ -93.384586062829911, 44.871054802252651 ], [ -93.384593658376417, 44.871054776674214 ], [ -93.384593640391003, 44.871052076095793 ], [ -93.384597438164093, 44.871052063306401 ], [ -93.384597420178494, 44.871049362727973 ], [ -93.384601217951399, 44.871049349938438 ], [ -93.384601199965644, 44.871046649360018 ], [ -93.38460879551107, 44.871046623780572 ], [ -93.384608777524946, 44.871043923202166 ], [ -93.384627766387609, 44.871043859251358 ], [ -93.38462755054374, 44.871011452310249 ], [ -93.384612359462139, 44.871011503471074 ], [ -93.384612341475886, 44.871008802892632 ], [ -93.384608543705653, 44.871008815682529 ], [ -93.384608525719571, 44.871006115104095 ], [ -93.384574345789019, 44.871006230207414 ], [ -93.384574363773481, 44.871008930785877 ], [ -93.384570566003234, 44.871008943574495 ], [ -93.384570583987539, 44.871011644152951 ], [ -93.384566786217121, 44.871011656941448 ], [ -93.384566804201242, 44.871014357519897 ], [ -93.384563006430625, 44.871014370308281 ], [ -93.384563024414589, 44.871017070886722 ], [ -93.384559226643802, 44.871017083674985 ], [ -93.384559244627582, 44.871019784253434 ], [ -93.384551649085637, 44.871019809829569 ], [ -93.384551667069061, 44.871022510408011 ], [ -93.384536475984419, 44.871022561558767 ], [ -93.384536458001705, 44.871019860980311 ], [ -93.384532660230704, 44.871019873767679 ], [ -93.384532642248175, 44.871017173189216 ], [ -93.384498462310759, 44.871017288269847 ], [ -93.384498480291697, 44.871019988848332 ], [ -93.384494682520682, 44.871020001634434 ], [ -93.384494700501463, 44.871022702212912 ], [ -93.384490902730263, 44.871022714998887 ], [ -93.384490920710846, 44.871025415577364 ], [ -93.384456740768385, 44.871025530645539 ], [ -93.38445686662142, 44.871044434694873 ], [ -93.384453068848785, 44.871044447479605 ], [ -93.384453086827619, 44.871047148058068 ], [ -93.384449289054785, 44.871047160842679 ], [ -93.384449307033464, 44.871049861421149 ], [ -93.384441711487455, 44.871049886989987 ], [ -93.384441873292332, 44.87107419219619 ], [ -93.384445671066928, 44.871074179411835 ], [ -93.384445689045435, 44.871076879990298 ], [ -93.384441891270654, 44.871076892774667 ], [ -93.384441909248991, 44.87107959335313 ], [ -93.384438111474026, 44.871079606137364 ], [ -93.384438273277539, 44.871103911343475 ], [ -93.384442071054096, 44.871103898559213 ], [ -93.384442107010827, 44.871109299716117 ], [ -93.384445904787739, 44.871109286931741 ], [ -93.384445922766275, 44.871111987510183 ], [ -93.384442124989192, 44.871112000294559 ], [ -93.384442160945923, 44.871117401451443 ], [ -93.384438363168485, 44.871117414235698 ], [ -93.38443838114668, 44.87112011481414 ], [ -93.384434583369057, 44.871120127598275 ], [ -93.384434601347067, 44.871122828176709 ], [ -93.384430803569273, 44.871122840960723 ], [ -93.384430965369944, 44.871147146166663 ], [ -93.384434763149358, 44.871147133382649 ], [ -93.38443478112741, 44.871149833961077 ], [ -93.38443857890698, 44.871149821176935 ], [ -93.38443863284165, 44.871157922912218 ], [ -93.384472812862555, 44.871157807849201 ] ] ] } },
{ "type": "Feature", "properties": { }, "geometry": { "type": "Polygon", "coordinates": [ [ [ -93.388032111979712, 44.871261897362317 ], [ -93.38803209383336, 44.871259196785076 ], [ -93.388035891618529, 44.871259183881286 ], [ -93.388035873472006, 44.871256483304059 ], [ -93.38803967125699, 44.871256470400148 ], [ -93.388039653110297, 44.871253769822914 ], [ -93.388043450895097, 44.871253756918875 ], [ -93.388043432748233, 44.871251056341627 ], [ -93.388058623886707, 44.871251004724201 ], [ -93.388058605739118, 44.871248304146974 ], [ -93.388062403523548, 44.871248291242296 ], [ -93.388062421671307, 44.871250991819522 ], [ -93.388066219455908, 44.87125097891473 ], [ -93.388066237603852, 44.87125367949195 ], [ -93.388119406590562, 44.871253498811491 ], [ -93.388119370289743, 44.871248097657059 ], [ -93.388123168074131, 44.87124808475037 ], [ -93.38812314992353, 44.871245384173157 ], [ -93.388126947707747, 44.87124537126634 ], [ -93.388126929556989, 44.871242670689142 ], [ -93.388145918477122, 44.871242606153153 ], [ -93.388145882173816, 44.871237204998749 ], [ -93.388149679957479, 44.871237192091179 ], [ -93.388149661805656, 44.871234491513974 ], [ -93.388153459589134, 44.871234478606276 ], [ -93.38815344143714, 44.87123177802907 ], [ -93.388187621486765, 44.871231661854111 ], [ -93.388187603333179, 44.871228961276927 ], [ -93.388191401116273, 44.871228948367964 ], [ -93.388191382962518, 44.87122624779078 ], [ -93.388195180745427, 44.871226234881703 ], [ -93.388195162591487, 44.871223534304491 ], [ -93.388240735984226, 44.871223379385668 ], [ -93.388240572579662, 44.871199074190983 ], [ -93.388236774798543, 44.871199087101566 ], [ -93.388236720330937, 44.871190985369971 ], [ -93.388232922550358, 44.871190998280419 ], [ -93.388232722837927, 44.871161291931145 ], [ -93.388228925059295, 44.871161304841451 ], [ -93.388228906903819, 44.871158604264245 ], [ -93.388232704682267, 44.871158591353932 ], [ -93.388232686526607, 44.871155890776699 ], [ -93.388236484304898, 44.871155877866265 ], [ -93.388236248279284, 44.871120770362353 ], [ -93.38823245050331, 44.871120783272779 ], [ -93.388232178169261, 44.871080274614123 ], [ -93.388235975942564, 44.871080261703717 ], [ -93.388235957786804, 44.871077561126455 ], [ -93.388239755559923, 44.871077548215929 ], [ -93.388239737403993, 44.871074847638667 ], [ -93.38824353517694, 44.87107483472802 ], [ -93.388243353615962, 44.87104782895544 ], [ -93.38824715138712, 44.871047816044658 ], [ -93.388247133230863, 44.871045115467396 ], [ -93.388250931001849, 44.871045102556494 ], [ -93.388250912845407, 44.871042401979231 ], [ -93.388254710616209, 44.871042389068201 ], [ -93.388254692459597, 44.871039688490946 ], [ -93.388258490230214, 44.871039675579809 ], [ -93.388258472073431, 44.871036975002546 ], [ -93.388262269843892, 44.871036962091274 ], [ -93.388262251686911, 44.871034261514005 ], [ -93.38828124053822, 44.871034196955755 ], [ -93.388281222380371, 44.8710314963785 ], [ -93.388285020150448, 44.871031483466474 ], [ -93.388284838570328, 44.871004477693809 ], [ -93.388281040802028, 44.87100449060582 ], [ -93.388280913697344, 44.870985586564878 ], [ -93.388284711464394, 44.870985573652874 ], [ -93.388284548042677, 44.8709612684573 ], [ -93.388250368153479, 44.870961384660696 ], [ -93.388250404466191, 44.870966785815291 ], [ -93.388246606700363, 44.870966798726158 ], [ -93.388246624856549, 44.870969499303463 ], [ -93.388242827090536, 44.870969512214209 ], [ -93.388242845246552, 44.8709722127915 ], [ -93.388235249714157, 44.870972238612595 ], [ -93.388235267869817, 44.8709749391899 ], [ -93.388231470103435, 44.870974952100255 ], [ -93.388231687969423, 44.871007359027807 ], [ -93.388235485737937, 44.87100734611743 ], [ -93.38823550389364, 44.871010046694721 ], [ -93.388231706124955, 44.871010059605098 ], [ -93.388231724280459, 44.871012760182388 ], [ -93.388227926511604, 44.871012773092637 ], [ -93.388227944666951, 44.871015473669921 ], [ -93.38821655135979, 44.871015512399907 ], [ -93.388216569514611, 44.871018212977198 ], [ -93.388212771745373, 44.871018225886935 ], [ -93.38821278990001, 44.871020926464233 ], [ -93.3882089921306, 44.871020939373871 ], [ -93.388209010285053, 44.871023639951147 ], [ -93.388201414745879, 44.871023665770018 ], [ -93.38820143289999, 44.871026366347309 ], [ -93.388197635130211, 44.871026379256548 ], [ -93.388197653284138, 44.871029079833839 ], [ -93.388193855514189, 44.871029092742965 ], [ -93.388193873667944, 44.871031793320249 ], [ -93.388140704885814, 44.8710319740347 ], [ -93.388140723037097, 44.871034674612005 ], [ -93.388136925266735, 44.871034687519227 ], [ -93.388136943417848, 44.871037388096532 ], [ -93.388133145647316, 44.871037401003633 ], [ -93.388133163798244, 44.871040101580938 ], [ -93.388110377173959, 44.871040179020923 ], [ -93.388110395323807, 44.871042879598214 ], [ -93.388099002011103, 44.871042918316512 ], [ -93.388099020160425, 44.871045618893824 ], [ -93.388080031304966, 44.871045683421784 ], [ -93.388080013156525, 44.871042982844457 ], [ -93.388076215385595, 44.871042995749676 ], [ -93.388076197237339, 44.871040295172357 ], [ -93.388072399466594, 44.871040308077447 ], [ -93.388072217985851, 44.871013302304142 ], [ -93.388015251450952, 44.871013495865071 ], [ -93.388015269596352, 44.871016196442426 ], [ -93.387992482981176, 44.871016273858842 ], [ -93.387992464836856, 44.871013573281495 ], [ -93.387988667067816, 44.871013586183778 ], [ -93.387988648923667, 44.87101088560641 ], [ -93.387984851154812, 44.87101089850858 ], [ -93.387984796722904, 44.871002796776487 ], [ -93.387916436892695, 44.871003028993812 ], [ -93.387916455033462, 44.871005729571195 ], [ -93.387908859496363, 44.871005755370597 ], [ -93.387908841355951, 44.871003054793213 ], [ -93.387901245819208, 44.871003080592104 ], [ -93.387901227679137, 44.871000380014706 ], [ -93.387889834374533, 44.8710004187121 ], [ -93.387889816235017, 44.870997718134703 ], [ -93.387886018466986, 44.870997731033583 ], [ -93.38788600032764, 44.870995030456172 ], [ -93.38788220255978, 44.870995043354931 ], [ -93.387882184420619, 44.870992342777512 ], [ -93.387821420137413, 44.870992549140304 ], [ -93.387821438273718, 44.87099524971773 ], [ -93.387813842737913, 44.870995275510808 ], [ -93.387813824601949, 44.870992574933389 ], [ -93.387810026834231, 44.870992587829733 ], [ -93.387810008698452, 44.8709898872523 ], [ -93.38776823325523, 44.870990029103787 ], [ -93.387768251389048, 44.870992729681227 ], [ -93.387764453621301, 44.870992742576057 ], [ -93.387764471754949, 44.870995443153518 ], [ -93.387760673987017, 44.870995456048213 ], [ -93.387760692120494, 44.870998156625674 ], [ -93.387756894352378, 44.870998169520249 ], [ -93.387756912485699, 44.871000870097703 ], [ -93.387745519180783, 44.871000908780687 ], [ -93.387745537313563, 44.871003609358141 ], [ -93.387715155165608, 44.871003712507239 ], [ -93.387715263953808, 44.871019915971942 ], [ -93.387711466184243, 44.87101992886501 ], [ -93.387711484315446, 44.871022629442464 ], [ -93.387707686545681, 44.871022642335433 ], [ -93.387707704676714, 44.871025342912866 ], [ -93.387703906906779, 44.871025355805706 ], [ -93.387703979430185, 44.871036158115473 ], [ -93.38770018165954, 44.871036171008193 ], [ -93.387700236051572, 44.871044272740512 ], [ -93.3876964382804, 44.87104428563309 ], [ -93.387696456410907, 44.871046986210537 ], [ -93.387692658639551, 44.871046999103001 ], [ -93.387692676769888, 44.871049699680441 ], [ -93.387650901282811, 44.871049841489153 ], [ -93.387650955667965, 44.871057943221501 ], [ -93.387647157895884, 44.871057956112452 ], [ -93.387647176024089, 44.871060656689899 ], [ -93.387643378251809, 44.871060669580736 ], [ -93.387643396379843, 44.871063370158168 ], [ -93.387639598607379, 44.87106338304887 ], [ -93.387639634863106, 44.871068784203771 ], [ -93.387635837090286, 44.871068797094352 ], [ -93.38763592772878, 44.87108229998158 ], [ -93.387632129955065, 44.871082312872034 ], [ -93.387632184337647, 44.871090414604353 ], [ -93.387628386563406, 44.871090427494678 ], [ -93.387628495327576, 44.871106630959318 ], [ -93.387624697552269, 44.871106643849522 ], [ -93.387624715679465, 44.871109344426955 ], [ -93.387620917903973, 44.871109357317046 ], [ -93.387620936030999, 44.871112057894479 ], [ -93.387617138255322, 44.871112070784442 ], [ -93.387617156382163, 44.871114771361881 ], [ -93.387613358606316, 44.871114784251716 ], [ -93.387613376732986, 44.871117484829149 ], [ -93.38760957895694, 44.871117497718849 ], [ -93.38760959708344, 44.871120198296296 ], [ -93.387602001531022, 44.871120224075341 ], [ -93.387602164666376, 44.871144529272208 ], [ -93.387605962444184, 44.871144516382735 ], [ -93.387606107454999, 44.871166121002069 ], [ -93.387602309675756, 44.871166133891549 ], [ -93.387602345928116, 44.871171535046379 ], [ -93.387598548148532, 44.871171547935738 ], [ -93.387598620652597, 44.871182350245384 ], [ -93.387594822872288, 44.871182363134622 ], [ -93.387594840998148, 44.871185063712012 ], [ -93.387591043217654, 44.87118507660113 ], [ -93.387591061343315, 44.871187777178548 ], [ -93.387587263562651, 44.87118779006753 ], [ -93.387587499194282, 44.871222897573716 ], [ -93.387595094760229, 44.871222871795595 ], [ -93.387595112886103, 44.871225572372978 ], [ -93.387636888500566, 44.871225430584232 ], [ -93.387636870372745, 44.87122273000687 ], [ -93.387648263721545, 44.871222691334566 ], [ -93.38764828184992, 44.871225391911942 ], [ -93.387667270765448, 44.871225327455555 ], [ -93.387667288894704, 44.871228028032938 ], [ -93.387671086677983, 44.871228015141277 ], [ -93.38767110480741, 44.871230715718632 ], [ -93.387674902590874, 44.871230702826857 ], [ -93.387674920720485, 44.871233403404212 ], [ -93.387716696340235, 44.871233261586248 ], [ -93.387716587550813, 44.87121705812217 ], [ -93.387720385333353, 44.871217045228875 ], [ -93.387720367201624, 44.87121434465152 ], [ -93.387724164983979, 44.871214331758104 ], [ -93.387724146852065, 44.871211631180749 ], [ -93.387735540198562, 44.871211592499741 ], [ -93.387735377006692, 44.871187287303556 ], [ -93.387731579226127, 44.871187300197342 ], [ -93.387731561093887, 44.871184599619959 ], [ -93.387727763313492, 44.871184612513623 ], [ -93.387727727049366, 44.871179211358893 ], [ -93.387723929269342, 44.871179224252415 ], [ -93.387723911137456, 44.871176523675061 ], [ -93.387720113357588, 44.871176536568449 ], [ -93.387720095225887, 44.871173835991087 ], [ -93.387723893005585, 44.871173823097685 ], [ -93.387723874873714, 44.871171122520295 ], [ -93.387727672653213, 44.871171109626779 ], [ -93.387727491332868, 44.871144103852998 ], [ -93.38773128911059, 44.871144090959355 ], [ -93.387731270978392, 44.871141390381986 ], [ -93.387735068755944, 44.871141377488215 ], [ -93.387735050623562, 44.871138676910832 ], [ -93.387773028397135, 44.871138547966268 ], [ -93.38777301026299, 44.871135847388899 ], [ -93.387784403594466, 44.871135808703073 ], [ -93.387784294786456, 44.871119605238817 ], [ -93.387788092562531, 44.871119592343312 ], [ -93.387788074427704, 44.871116891765922 ], [ -93.387791872203607, 44.871116878870282 ], [ -93.387791854068595, 44.871114178292892 ], [ -93.387795651844328, 44.871114165397131 ], [ -93.387795633709132, 44.871111464819755 ], [ -93.387799431484694, 44.871111451923859 ], [ -93.387799340807888, 44.871097949036958 ], [ -93.387803138582555, 44.871097936140941 ], [ -93.387803120447018, 44.871095235563558 ], [ -93.3878069182215, 44.871095222667407 ], [ -93.387806773135935, 44.871073618048314 ], [ -93.387810570908997, 44.871073605152056 ], [ -93.387810552773118, 44.871070904574673 ], [ -93.387814350546009, 44.871070891678286 ], [ -93.38781433240996, 44.871068191100896 ], [ -93.387821927955358, 44.871068165307747 ], [ -93.387821909818967, 44.87106546473035 ], [ -93.387825707591475, 44.871065451833594 ], [ -93.387825689454914, 44.871062751256197 ], [ -93.387848476088891, 44.871062673872991 ], [ -93.38784845795125, 44.871059973295615 ], [ -93.387852255723402, 44.871059960397965 ], [ -93.387852219447794, 44.871054559243198 ], [ -93.38785601721959, 44.871054546345434 ], [ -93.387855999081609, 44.871051845768051 ], [ -93.387859796853206, 44.871051832870158 ], [ -93.387859778715068, 44.871049132292768 ], [ -93.387863576486481, 44.871049119394755 ], [ -93.387863558348158, 44.871046418817365 ], [ -93.387878749433114, 44.871046367224039 ], [ -93.387878767572147, 44.871049067801422 ], [ -93.38788256534356, 44.871049054902784 ], [ -93.387882583482778, 44.871051755480167 ], [ -93.387886381254361, 44.871051742581386 ], [ -93.387886490090779, 44.871067946045628 ], [ -93.387897883408712, 44.871067907348525 ], [ -93.387897901548669, 44.871070607925894 ], [ -93.387901699321489, 44.871070595026609 ], [ -93.387901717461617, 44.871073295603964 ], [ -93.387905515234607, 44.87107328270455 ], [ -93.387905533374905, 44.871075983281905 ], [ -93.38790933114808, 44.871075970382357 ], [ -93.387909367429046, 44.871081371537088 ], [ -93.387913165202576, 44.871081358637404 ], [ -93.38791327404661, 44.871097562101525 ], [ -93.387909476272029, 44.871097575001201 ], [ -93.38790949441254, 44.871100275578542 ], [ -93.387905696637759, 44.871100288478104 ], [ -93.387905714778086, 44.871102989055444 ], [ -93.387886725903329, 44.871103053551323 ], [ -93.38788676218222, 44.871108454706032 ], [ -93.387882964406913, 44.871108467604834 ], [ -93.387882982546174, 44.871111168182182 ], [ -93.387879184770682, 44.871111181080856 ], [ -93.387879202909787, 44.871113881658196 ], [ -93.38787160735842, 44.871113907455175 ], [ -93.387871770607234, 44.871138212651296 ], [ -93.387867972829937, 44.871138225549615 ], [ -93.38786799096853, 44.871140926126948 ], [ -93.387864193191078, 44.871140939025139 ], [ -93.387864374575344, 44.871167944798493 ], [ -93.387898554588361, 44.871167828710185 ], [ -93.38789851830829, 44.871162427555554 ], [ -93.38790231608715, 44.871162414656219 ], [ -93.387902297946937, 44.871159714078907 ], [ -93.387906095725626, 44.871159701179451 ], [ -93.387906077585242, 44.871157000602118 ], [ -93.387909875363732, 44.871156987702541 ], [ -93.387909893504286, 44.87115968827986 ], [ -93.387913691282961, 44.87115967538017 ], [ -93.387913709423714, 44.871162375957475 ], [ -93.387917507202559, 44.871162363057636 ], [ -93.387917670470941, 44.871186668253436 ], [ -93.387925266031829, 44.87118664245336 ], [ -93.387925284173122, 44.871189343030657 ], [ -93.387929081953743, 44.871189330130427 ], [ -93.387929100095221, 44.871192030707725 ], [ -93.387932897876013, 44.871192017807374 ], [ -93.387932916017675, 44.871194718384665 ], [ -93.387936713798624, 44.871194705484179 ], [ -93.387936731940471, 44.871197406061484 ], [ -93.387940529721618, 44.871197393160863 ], [ -93.387940547863636, 44.871200093738175 ], [ -93.387974727895383, 44.871199977627008 ], [ -93.387974437597777, 44.871156768390364 ], [ -93.387959246483959, 44.871156819996507 ], [ -93.387959228341089, 44.871154119419216 ], [ -93.387955430562798, 44.871154132320427 ], [ -93.387955412420112, 44.871151431743129 ], [ -93.387951614642006, 44.871151444644219 ], [ -93.387951596499505, 44.871148744066915 ], [ -93.387955394277427, 44.871148731165817 ], [ -93.38795535799207, 44.871143330011186 ], [ -93.38795915576965, 44.871143317109976 ], [ -93.387959137626794, 44.871140616532664 ], [ -93.38796293540419, 44.871140603631332 ], [ -93.387962917261163, 44.871137903054013 ], [ -93.387966715038374, 44.871137890152561 ], [ -93.387966733181585, 44.871140590729858 ], [ -93.387970530958967, 44.871140577828278 ], [ -93.387970549102349, 44.871143278405576 ], [ -93.387997133545255, 44.871143188090883 ], [ -93.387997151689888, 44.871145888668188 ], [ -93.38800094946761, 44.871145875765578 ], [ -93.388000967612427, 44.871148576342875 ], [ -93.388004765390335, 44.871148563440144 ], [ -93.38800485611533, 44.871162066326598 ], [ -93.388008653894104, 44.871162053423731 ], [ -93.388008672039305, 44.871164754001015 ], [ -93.38801246981825, 44.871164741098021 ], [ -93.388012487963621, 44.871167441675304 ], [ -93.388016285742765, 44.871167428772182 ], [ -93.388016303888293, 44.871170129349458 ], [ -93.388012506108993, 44.871170142252573 ], [ -93.388012560545093, 44.871178243984417 ], [ -93.388008762765253, 44.871178256887411 ], [ -93.388008780910454, 44.871180957464681 ], [ -93.388004983130415, 44.871180970367561 ], [ -93.388005001275445, 44.871183670944845 ], [ -93.388001203495236, 44.87118368384759 ], [ -93.388001366798974, 44.871207989043043 ], [ -93.387997569017159, 44.871208001945689 ], [ -93.387997587161848, 44.871210702522951 ], [ -93.387993789379863, 44.871210715425448 ], [ -93.387993807524396, 44.871213416002718 ], [ -93.387990009742211, 44.871213428905101 ], [ -93.387990136752691, 44.871232332945944 ], [ -93.387986338969256, 44.871232345848206 ], [ -93.387986357113448, 44.871235046425468 ], [ -93.387982559329856, 44.871235059327617 ], [ -93.387982577473863, 44.871237759904865 ], [ -93.387974981906311, 44.871237785708772 ], [ -93.38797514519932, 44.871262090904075 ], [ -93.388032111979712, 44.871261897362317 ] ], [ [ -93.388058061313075, 44.871167286829518 ], [ -93.388046667975743, 44.871167325542672 ], [ -93.38804664982878, 44.871164624965402 ], [ -93.38804285204985, 44.871164637869519 ], [ -93.388042833903071, 44.871161937292257 ], [ -93.388039036124312, 44.87116195019626 ], [ -93.38803887280497, 44.871137645000729 ], [ -93.388035075027801, 44.871137657904583 ], [ -93.388034875417532, 44.871107951554322 ], [ -93.388038673192753, 44.871107938650468 ], [ -93.388038655046202, 44.87110523807317 ], [ -93.388042452821225, 44.871105225169188 ], [ -93.388042434674503, 44.871102524591883 ], [ -93.388053827999059, 44.871102485879206 ], [ -93.388053809851797, 44.871099785301908 ], [ -93.388057607626465, 44.871099772397436 ], [ -93.388057589479033, 44.871097071820131 ], [ -93.388065185028012, 44.871097046010796 ], [ -93.388065112436877, 44.87108624370159 ], [ -93.388068910210649, 44.871086230796728 ], [ -93.388068892062705, 44.871083530219437 ], [ -93.388072689836292, 44.87108351731446 ], [ -93.388072671688164, 44.871080816737148 ], [ -93.388076469461581, 44.871080803832051 ], [ -93.388076487609894, 44.871083504409356 ], [ -93.388080285383467, 44.871083491504123 ], [ -93.38808030353195, 44.871086192081414 ], [ -93.388084101305722, 44.871086179176068 ], [ -93.388084155751727, 44.871094280907947 ], [ -93.388087953526011, 44.871094268002466 ], [ -93.388088171312376, 44.871126674929876 ], [ -93.388091969088791, 44.871126662024253 ], [ -93.388091987237857, 44.871129362601536 ], [ -93.388095785014443, 44.871129349695771 ], [ -93.388095893909906, 44.871145553159394 ], [ -93.388099691687572, 44.871145540253508 ], [ -93.388099709837007, 44.87114824083077 ], [ -93.388103507614829, 44.871148227924756 ], [ -93.38810352576445, 44.871150928502011 ], [ -93.388107323542457, 44.871150915595869 ], [ -93.388107341692248, 44.871153616173132 ], [ -93.388103543914056, 44.871153629079274 ], [ -93.388103562063677, 44.871156329656529 ], [ -93.388099764285315, 44.87115634256255 ], [ -93.38809978243475, 44.871159043139819 ], [ -93.388065602427744, 44.871159159288318 ], [ -93.388065620575574, 44.871161859865595 ], [ -93.388061822796828, 44.871161872770358 ], [ -93.388061840944502, 44.871164573347606 ], [ -93.388058043165586, 44.871164586252256 ], [ -93.388058061313075, 44.871167286829518 ] ] ] } },
{ "type": "Feature", "properties": { }, "geometry": { "type": "Polygon", "coordinates": [ [ [ -93.382558296987696, 44.871671957178854 ], [ -93.382558261206455, 44.871666556021303 ], [ -93.382562059020856, 44.87166654329944 ], [ -93.382562023239274, 44.871661142141896 ], [ -93.382565821053319, 44.87166112941992 ], [ -93.382565785271396, 44.871655728262354 ], [ -93.382569583085072, 44.87165571554025 ], [ -93.382569547302793, 44.871650314382698 ], [ -93.382573345116128, 44.871650301660473 ], [ -93.382573291442199, 44.871642199924118 ], [ -93.382577089254994, 44.871642187201758 ], [ -93.382577053472033, 44.871636786044199 ], [ -93.382580851284473, 44.871636773321733 ], [ -93.382580815501171, 44.87163137216416 ], [ -93.382584613313242, 44.871631359441558 ], [ -93.38258441650332, 44.87160165307484 ], [ -93.382576820883088, 44.871601678519873 ], [ -93.38257680299165, 44.871598977941083 ], [ -93.382573005181698, 44.871598990663422 ], [ -93.382572987290445, 44.871596290084618 ], [ -93.382569189480677, 44.871596302806822 ], [ -93.382569171589594, 44.871593602228018 ], [ -93.382565373779997, 44.871593614950086 ], [ -93.382565355889099, 44.871590914371275 ], [ -93.382569153698512, 44.871590901649199 ], [ -93.382569135807444, 44.871588201070388 ], [ -93.382572933616672, 44.871588188348177 ], [ -93.382572915725433, 44.87158548776938 ], [ -93.382576713534476, 44.871585475047056 ], [ -93.38257655251175, 44.871561169837712 ], [ -93.382542372244529, 44.871561284334014 ], [ -93.382542461693589, 44.871574787228155 ], [ -93.382538663885228, 44.871574799949336 ], [ -93.382538681774861, 44.871577500528161 ], [ -93.382534883966315, 44.871577513249221 ], [ -93.382534901855777, 44.871580213828054 ], [ -93.382531104047047, 44.871580226548993 ], [ -93.382531086157769, 44.871577525970153 ], [ -93.382527288349209, 44.871577538690957 ], [ -93.382527270460088, 44.871574838112139 ], [ -93.382523472651712, 44.871574850832815 ], [ -93.38252345476279, 44.871572150253982 ], [ -93.382519656954585, 44.87157216297453 ], [ -93.382519639065848, 44.871569462395705 ], [ -93.382515841257813, 44.871569475116132 ], [ -93.382515823369232, 44.871566774537285 ], [ -93.382519621177096, 44.871566761816858 ], [ -93.382519603288344, 44.871564061238026 ], [ -93.382523401096023, 44.871564048517484 ], [ -93.382523383207101, 44.871561347938645 ], [ -93.382530978822089, 44.871561322497172 ], [ -93.382530817818733, 44.871537017287601 ], [ -93.38252702001283, 44.871537030008376 ], [ -93.382527002123766, 44.871534329429544 ], [ -93.382523204318048, 44.871534342150198 ], [ -93.382523186429168, 44.871531641571352 ], [ -93.382515590818088, 44.871531667012299 ], [ -93.382515572929549, 44.871528966433445 ], [ -93.382511775124172, 44.871528979153723 ], [ -93.382511757235818, 44.871526278574855 ], [ -93.38247757698899, 44.871526393051681 ], [ -93.382477630649262, 44.871534494788293 ], [ -93.38247383284353, 44.87153450750732 ], [ -93.382473850730108, 44.871537208086181 ], [ -93.382470052924177, 44.871537220805067 ], [ -93.382470070810584, 44.871539921383942 ], [ -93.382466273004482, 44.871539934102714 ], [ -93.382466255118246, 44.871537233523838 ], [ -93.382462457312329, 44.871537246242482 ], [ -93.382462439426263, 44.871534545663621 ], [ -93.382454843814742, 44.871534571100526 ], [ -93.382454825929045, 44.871531870521657 ], [ -93.382416847873088, 44.871531997698582 ], [ -93.382416865756994, 44.871534698277458 ], [ -93.382413067951205, 44.871534710994467 ], [ -93.382413085834955, 44.87153741157335 ], [ -93.382394096805086, 44.871537475156458 ], [ -93.382394078922232, 44.871534774577576 ], [ -93.382390281116429, 44.871534787293825 ], [ -93.382390263233745, 44.871532086714929 ], [ -93.382386465428127, 44.871532099431043 ], [ -93.382386447545628, 44.871529398852147 ], [ -93.382371256323793, 44.871529449715332 ], [ -93.382371238442019, 44.871526749136429 ], [ -93.382344653804964, 44.871526838142145 ], [ -93.382344635924426, 44.871524137563227 ], [ -93.382340838119305, 44.871524150277835 ], [ -93.382340820238937, 44.871521449698911 ], [ -93.382337022434001, 44.871521462413376 ], [ -93.382337004553818, 44.871518761834466 ], [ -93.382333206749038, 44.871518774548811 ], [ -93.382333170989057, 44.871513373390968 ], [ -93.382336968793481, 44.871513360676616 ], [ -93.382336879392668, 44.871499857782013 ], [ -93.382340677196197, 44.871499845067547 ], [ -93.382340516273274, 44.871475539857187 ], [ -93.382344314075212, 44.871475527142621 ], [ -93.382344296194717, 44.871472826563675 ], [ -93.382348093996455, 44.871472813848968 ], [ -93.382348076115804, 44.871470113270043 ], [ -93.382363267322063, 44.871470062409983 ], [ -93.382363106389803, 44.871445757199545 ], [ -93.382359308589855, 44.871445769914729 ], [ -93.382359290708678, 44.871443069335797 ], [ -93.382351695109094, 44.871443094765802 ], [ -93.382351677228286, 44.871440394186848 ], [ -93.382347879428679, 44.871440406901662 ], [ -93.382347861548041, 44.871437706322709 ], [ -93.382340265949153, 44.871437731751946 ], [ -93.382340248068871, 44.871435031172993 ], [ -93.382336450269605, 44.871435043887423 ], [ -93.382336432389522, 44.871432343308463 ], [ -93.382332634590412, 44.871432356022765 ], [ -93.382332616710514, 44.871429655443805 ], [ -93.382325021112678, 44.871429680872033 ], [ -93.382325003233106, 44.871426980293073 ], [ -93.382321205434366, 44.871426993006999 ], [ -93.382321187554993, 44.871424292428031 ], [ -93.382317389756423, 44.871424305141829 ], [ -93.382317371877221, 44.871421604562855 ], [ -93.382309776280422, 44.87142162999006 ], [ -93.38230975840159, 44.871418929411092 ], [ -93.382305960603361, 44.871418942124492 ], [ -93.382305942724713, 44.871416241545525 ], [ -93.382302144926655, 44.871416254258804 ], [ -93.382302127048177, 44.87141355367983 ], [ -93.38229453145243, 44.871413579106019 ], [ -93.382294513574308, 44.871410878527051 ], [ -93.382290715776605, 44.87141089123994 ], [ -93.382290697898668, 44.871408190660958 ], [ -93.38228690010115, 44.87140820337374 ], [ -93.382286882223383, 44.871405502794744 ], [ -93.382283084426035, 44.871405515507398 ], [ -93.382283066548453, 44.871402814928395 ], [ -93.382279268751276, 44.871402827640921 ], [ -93.382279250873879, 44.871400127061939 ], [ -93.382271655279879, 44.871400152486601 ], [ -93.382271637402823, 44.871397451907598 ], [ -93.382267839606001, 44.871397464619747 ], [ -93.382267821729144, 44.871394764040758 ], [ -93.382264023932493, 44.871394776752773 ], [ -93.382264006055806, 44.87139207617377 ], [ -93.382260208259339, 44.871392088885649 ], [ -93.382260190382823, 44.871389388306646 ], [ -93.382252594790216, 44.871389413730036 ], [ -93.38225257691407, 44.87138671315104 ], [ -93.382248779117944, 44.871386725862536 ], [ -93.382248761241982, 44.871384025283525 ], [ -93.382244963446027, 44.8713840379949 ], [ -93.382244945570235, 44.87138133741589 ], [ -93.382241147774465, 44.871381350127137 ], [ -93.382241129898858, 44.871378649548127 ], [ -93.382233534307645, 44.871378674970245 ], [ -93.382233516432393, 44.871375974391235 ], [ -93.382229718636964, 44.871375987102098 ], [ -93.382229700761897, 44.871373286523081 ], [ -93.382225902966653, 44.871373299233824 ], [ -93.382225885091756, 44.871370598654792 ], [ -93.382222087296668, 44.8713706113654 ], [ -93.382222069421971, 44.871367910786383 ], [ -93.382214473832164, 44.871367936207228 ], [ -93.382214455957808, 44.87136523562819 ], [ -93.382210658163075, 44.871365248338428 ], [ -93.382210640288903, 44.871362547759404 ], [ -93.382206842494341, 44.871362560469507 ], [ -93.382206824620354, 44.871359859890468 ], [ -93.382203026825977, 44.871359872600443 ], [ -93.382203008952175, 44.871357172021412 ], [ -93.382199211157953, 44.871357184731266 ], [ -93.382199193284336, 44.871354484152235 ], [ -93.382195395490285, 44.871354496861954 ], [ -93.382195377616853, 44.871351796282902 ], [ -93.382187782029121, 44.871351821701971 ], [ -93.382187764156043, 44.871349121122925 ], [ -93.382183966362348, 44.871349133832261 ], [ -93.382183948489441, 44.871346433253215 ], [ -93.38218015069593, 44.87134644596243 ], [ -93.382180132823194, 44.871343745383385 ], [ -93.382172537236514, 44.871343770801431 ], [ -93.382172519364147, 44.871341070222385 ], [ -93.382168721570991, 44.87134108293121 ], [ -93.382168703698795, 44.871338382352157 ], [ -93.382164905905796, 44.87133839506086 ], [ -93.382164888033799, 44.871335694481793 ], [ -93.38216109024097, 44.871335707190383 ], [ -93.382161072369144, 44.871333006611316 ], [ -93.38215347678387, 44.871333032028083 ], [ -93.382153458912398, 44.871330331449016 ], [ -93.382145863327466, 44.871330356865286 ], [ -93.38214584545635, 44.871327656286226 ], [ -93.382142047664047, 44.871327668994169 ], [ -93.382142029793116, 44.871324968415102 ], [ -93.382138232000997, 44.871324981122903 ], [ -93.382138214130251, 44.871322280543836 ], [ -93.382134416338289, 44.871322293251524 ], [ -93.382134398467727, 44.871319592672442 ], [ -93.38213060067595, 44.871319605380002 ], [ -93.382130582805559, 44.871316904800935 ], [ -93.38212298722236, 44.871316930215663 ], [ -93.382122969352338, 44.871314229636596 ], [ -93.382119171560916, 44.871314242343765 ], [ -93.38211915369105, 44.871311541764683 ], [ -93.382115355899799, 44.871311554471731 ], [ -93.382115338030118, 44.87130885389265 ], [ -93.382111540239066, 44.87130886659957 ], [ -93.382111522369556, 44.871306166020474 ], [ -93.38210772457866, 44.871306178727274 ], [ -93.382107706709348, 44.871303478148185 ], [ -93.382100111127912, 44.871303503561407 ], [ -93.382100093258941, 44.871300802982311 ], [ -93.382096295468401, 44.871300815688713 ], [ -93.382096277599615, 44.87129811510961 ], [ -93.382092479809245, 44.871298127815905 ], [ -93.382092461940644, 44.871295427236809 ], [ -93.382088664150444, 44.871295439942969 ], [ -93.382088646282028, 44.871292739363859 ], [ -93.382084848491999, 44.871292752069898 ], [ -93.382084830623768, 44.871290051490796 ], [ -93.382077235044065, 44.871290076902476 ], [ -93.382077217176189, 44.871287376323373 ], [ -93.382073419386515, 44.871287389029028 ], [ -93.382073401518809, 44.871284688449904 ], [ -93.382069603729306, 44.871284701155417 ], [ -93.382069585861785, 44.871282000576315 ], [ -93.382065788072467, 44.871282013281714 ], [ -93.382065770205116, 44.871279312702598 ], [ -93.382061972415968, 44.871279325407855 ], [ -93.382061954548803, 44.871276624828745 ], [ -93.38205815675984, 44.871276637533896 ], [ -93.382058138892859, 44.871273936954779 ], [ -93.382050543315259, 44.871273962364675 ], [ -93.382050525448633, 44.871271261785544 ], [ -93.382046727659997, 44.871271274490304 ], [ -93.382046709793556, 44.871268573911173 ], [ -93.382042912005105, 44.871268586615805 ], [ -93.382042894138849, 44.871265886036674 ], [ -93.382039096350567, 44.871265898741186 ], [ -93.382039078484482, 44.871263198162055 ], [ -93.382035280696385, 44.871263210866424 ], [ -93.382035262830485, 44.871260510287307 ], [ -93.382031465042544, 44.871260522991555 ], [ -93.382031447176828, 44.87125782241241 ], [ -93.382027649389073, 44.871257835116531 ], [ -93.382027631523528, 44.871255134537392 ], [ -93.382020035948372, 44.871255159945257 ], [ -93.382020018083182, 44.871252459366119 ], [ -93.382016220295796, 44.871252472069848 ], [ -93.382016202430776, 44.87124977149071 ], [ -93.382008606856331, 44.871249796897821 ], [ -93.382008588991681, 44.871247096318669 ], [ -93.382004791204622, 44.871247109022022 ], [ -93.382004773340157, 44.871244408442863 ], [ -93.382000975553268, 44.871244421146088 ], [ -93.382000957688987, 44.871241720566942 ], [ -93.381997159902269, 44.871241733270054 ], [ -93.381997142038173, 44.871239032690902 ], [ -93.381989546465107, 44.871239058096734 ], [ -93.381989528601352, 44.871236357517567 ], [ -93.381985730815003, 44.871236370220295 ], [ -93.381985712951419, 44.871233669641121 ], [ -93.381981915165255, 44.871233682343728 ], [ -93.381981897301856, 44.871230981764555 ], [ -93.381978099515848, 44.871230994467027 ], [ -93.381978081652633, 44.87122829388786 ], [ -93.381974283866811, 44.871228306590197 ], [ -93.38197426600378, 44.871225606011031 ], [ -93.381970468218114, 44.87122561871324 ], [ -93.381970450355269, 44.871222918134073 ], [ -93.381966652569787, 44.871222930836154 ], [ -93.381966634707126, 44.871220230256995 ], [ -93.381962836921815, 44.871220242958955 ], [ -93.381962819059325, 44.871217542379746 ], [ -93.381959021274184, 44.871217555081586 ], [ -93.381959003411879, 44.871214854502426 ], [ -93.381951407841967, 44.871214879905686 ], [ -93.381951389980003, 44.871212179326513 ], [ -93.381947592195232, 44.871212192027961 ], [ -93.381947574333452, 44.871209491448781 ], [ -93.381943776548837, 44.871209504150102 ], [ -93.381943758687257, 44.871206803570921 ], [ -93.381936163118382, 44.871206828973179 ], [ -93.381936145257143, 44.871204128393984 ], [ -93.381932347472883, 44.871204141094921 ], [ -93.381932329611828, 44.871201440515719 ], [ -93.381928531827739, 44.871201453216536 ], [ -93.381928513966869, 44.871198752637348 ], [ -93.381924716182951, 44.871198765338036 ], [ -93.381924698322265, 44.871196064758834 ], [ -93.381917102754798, 44.871196090159827 ], [ -93.381917084894454, 44.871193389580625 ], [ -93.381913287110891, 44.87119340228093 ], [ -93.381913269250731, 44.871190701701721 ], [ -93.381909471467338, 44.871190714401898 ], [ -93.381909453607378, 44.871188013822689 ], [ -93.381905655824156, 44.871188026522738 ], [ -93.381905637964365, 44.871185325943522 ], [ -93.381901840181314, 44.871185338643457 ], [ -93.381901822321709, 44.871182638064248 ], [ -93.381898024538842, 44.871182650764041 ], [ -93.381898006679407, 44.871179950184825 ], [ -93.381894208896725, 44.871179962884497 ], [ -93.38189419103746, 44.871177262305267 ], [ -93.381890393254949, 44.871177275004811 ], [ -93.381890375395884, 44.871174574425581 ], [ -93.381886577613528, 44.871174587124997 ], [ -93.381886559754648, 44.871171886545774 ], [ -93.381882761972477, 44.871171899245063 ], [ -93.381882744113767, 44.871169198665839 ], [ -93.381878946331767, 44.871169211365 ], [ -93.381878928473242, 44.87116651078577 ], [ -93.381871332909611, 44.871166536183701 ], [ -93.381871315051427, 44.871163835604463 ], [ -93.381867517269797, 44.87116384830324 ], [ -93.381867499411797, 44.871161147724003 ], [ -93.381863701630337, 44.871161160422659 ], [ -93.381863683772508, 44.871158459843429 ], [ -93.381859885991233, 44.87115847254195 ], [ -93.381859868133589, 44.871155771962712 ], [ -93.381852272571351, 44.871155797359371 ], [ -93.381852254714076, 44.871153096780141 ], [ -93.381848456933128, 44.871153109478264 ], [ -93.381848439076023, 44.87115040889902 ], [ -93.38184464129526, 44.871150421597029 ], [ -93.38184462343834, 44.871147721017792 ], [ -93.381840825657747, 44.871147733715674 ], [ -93.381840807801012, 44.871145033136422 ], [ -93.38183701002059, 44.871145045834183 ], [ -93.38183699216404, 44.871142345254938 ], [ -93.38182939660355, 44.871142370650063 ], [ -93.381829378747341, 44.871139670070811 ], [ -93.381825580967273, 44.871139682768188 ], [ -93.381825563111263, 44.871136982188929 ], [ -93.381821765331367, 44.871136994886179 ], [ -93.381821747475513, 44.871134294306898 ], [ -93.381817949695801, 44.871134307004027 ], [ -93.381817931840146, 44.871131606424775 ], [ -93.381814134060605, 44.871131619121762 ], [ -93.381814116205121, 44.871128918542503 ], [ -93.38181031842575, 44.871128931239369 ], [ -93.38181030057045, 44.871126230660096 ], [ -93.38180650279125, 44.871126243356841 ], [ -93.381806484936135, 44.871123542777561 ], [ -93.381802687157119, 44.871123555474178 ], [ -93.381802669302175, 44.871120854894912 ], [ -93.38179887152333, 44.871120867591394 ], [ -93.38179885366857, 44.871118167012121 ], [ -93.381791258111221, 44.871118192404708 ], [ -93.381791240256831, 44.871115491825414 ], [ -93.381787442478327, 44.871115504521519 ], [ -93.381787424624108, 44.871112803942239 ], [ -93.381783626845788, 44.871112816638217 ], [ -93.381783608991739, 44.871110116058929 ], [ -93.38177981121359, 44.871110128754779 ], [ -93.381779793359726, 44.871107428175499 ], [ -93.381775995581762, 44.871107440871214 ], [ -93.381775977728083, 44.871104740291926 ], [ -93.381772179950275, 44.871104752987527 ], [ -93.38177216209678, 44.871102052408226 ], [ -93.381768364319157, 44.871102065103685 ], [ -93.381768346465833, 44.871099364524397 ], [ -93.381764548688381, 44.871099377219728 ], [ -93.381764530835241, 44.871096676640427 ], [ -93.381760733057973, 44.871096689335651 ], [ -93.381760715205019, 44.87109398875635 ], [ -93.381756917427921, 44.871094001451432 ], [ -93.381756899575137, 44.871091300872138 ], [ -93.381753101798225, 44.871091313567085 ], [ -93.381753083945611, 44.871088612987784 ], [ -93.381745488392113, 44.871088638377316 ], [ -93.381745470539883, 44.871085937798007 ], [ -93.381741672763297, 44.871085950492585 ], [ -93.381741654911238, 44.871083249913262 ], [ -93.381737857134851, 44.871083262607712 ], [ -93.381737821431074, 44.871077861449095 ], [ -93.381734023655042, 44.871077874143396 ], [ -93.381734005803338, 44.871075173564094 ], [ -93.381730208027463, 44.871075186258281 ], [ -93.381730190175944, 44.871072485678951 ], [ -93.381726392400239, 44.871072498373032 ], [ -93.381726374548904, 44.871069797793702 ], [ -93.38171877899785, 44.87106982318145 ], [ -93.381718761146885, 44.871067122602113 ], [ -93.381695974494761, 44.871067198762319 ], [ -93.381695956644833, 44.871064498182982 ], [ -93.381692158869654, 44.871064510875897 ], [ -93.381692141019926, 44.871061810296567 ], [ -93.381688343244917, 44.871061822989368 ], [ -93.381688236147625, 44.871045619513318 ], [ -93.381684438373668, 44.871045632205984 ], [ -93.381684420524309, 44.871042931626626 ], [ -93.381680622750537, 44.871042944319171 ], [ -93.381680604901362, 44.871040243739813 ], [ -93.381676807127761, 44.871040256432217 ], [ -93.381676789278757, 44.871037555852872 ], [ -93.381672991505326, 44.871037568545148 ], [ -93.381672973656521, 44.871034867965797 ], [ -93.381665378110014, 44.871034893349972 ], [ -93.38166536026155, 44.871032192770613 ], [ -93.381661562488489, 44.871032205462512 ], [ -93.381661544640195, 44.871029504883154 ], [ -93.38165774686729, 44.871029517574918 ], [ -93.381657711171087, 44.871024116416194 ], [ -93.381642520080888, 44.871024167182007 ], [ -93.381642502233504, 44.871021466602635 ], [ -93.38163870446111, 44.87102147929378 ], [ -93.381638686613911, 44.871018778714401 ], [ -93.381634888841702, 44.871018791405412 ], [ -93.381634799606587, 44.87100528850852 ], [ -93.381631001835274, 44.871005301199403 ], [ -93.38163098398843, 44.871002600620002 ], [ -93.381593006276887, 44.871002727521812 ], [ -93.381593095502225, 44.871016230418782 ], [ -93.381589297730159, 44.871016243108272 ], [ -93.381589315575056, 44.871018943687666 ], [ -93.381585517802833, 44.871018956377036 ], [ -93.381585535647545, 44.871021656956415 ], [ -93.381570344557858, 44.871021707712629 ], [ -93.381570362401888, 44.871024408292016 ], [ -93.381566564629281, 44.87102442098076 ], [ -93.381566600316958, 44.87102982213954 ], [ -93.38157039808992, 44.871029809450803 ], [ -93.381570415933936, 44.87103251003019 ], [ -93.381566618160804, 44.871032522718934 ], [ -93.381566636004649, 44.871035223298335 ], [ -93.381562838231332, 44.871035235986952 ], [ -93.381562856075007, 44.871037936566331 ], [ -93.381559058301505, 44.87103794925482 ], [ -93.381559040458015, 44.871035248675433 ], [ -93.381555242684684, 44.871035261363794 ], [ -93.381555224841378, 44.8710325607844 ], [ -93.381551427068217, 44.87103257347264 ], [ -93.381551409225096, 44.871029872893246 ], [ -93.381555206998058, 44.871029860205013 ], [ -93.381555189154753, 44.871027159625598 ], [ -93.381558986927544, 44.871027146937244 ], [ -93.381558951240578, 44.871021745778457 ], [ -93.381555153468142, 44.871021758466817 ], [ -93.38155499287852, 44.87099745325218 ], [ -93.38155119510769, 44.870997465940391 ], [ -93.381551177264583, 44.870994765360983 ], [ -93.381547379493909, 44.870994778049074 ], [ -93.381547361651002, 44.870992077469658 ], [ -93.381543563880513, 44.870992090157635 ], [ -93.381543546037761, 44.870989389578199 ], [ -93.381539748267457, 44.870989402266041 ], [ -93.381539712582338, 44.870984001107217 ], [ -93.381535914812375, 44.870984013794917 ], [ -93.381535896969993, 44.870981313215488 ], [ -93.381532099200214, 44.870981325903074 ], [ -93.38153206351582, 44.870975924744208 ], [ -93.381528265746397, 44.870975937431673 ], [ -93.38152824790437, 44.870973236852251 ], [ -93.381513056827316, 44.870973287600783 ], [ -93.381513038986029, 44.870970587021361 ], [ -93.381509241216932, 44.870970599708173 ], [ -93.381509223375801, 44.870967899128736 ], [ -93.381505425606889, 44.870967911815434 ], [ -93.38150538992501, 44.87096251065654 ], [ -93.381497794387883, 44.870962536029538 ], [ -93.381497776547306, 44.870959835450101 ], [ -93.38149397877892, 44.870959848136408 ], [ -93.381493960938514, 44.870957147556965 ], [ -93.381490163170298, 44.870957160243144 ], [ -93.381490145330076, 44.870954459663707 ], [ -93.381486347562031, 44.870954472349766 ], [ -93.381486222681801, 44.870935568293554 ], [ -93.381490020448595, 44.870935555607502 ], [ -93.381490002608388, 44.870932855028045 ], [ -93.381493800374997, 44.87093284234188 ], [ -93.381493782534619, 44.870930141762415 ], [ -93.381508973600361, 44.870930091016469 ], [ -93.381508795189617, 44.87090308522184 ], [ -93.381504997424969, 44.870903097908496 ], [ -93.381504979584079, 44.870900397329031 ], [ -93.381501181819615, 44.870900410015565 ], [ -93.381501163978896, 44.8708977094361 ], [ -93.381497366214603, 44.870897722122493 ], [ -93.381497348374083, 44.870895021543014 ], [ -93.381493550609946, 44.870895034229292 ], [ -93.381493514929275, 44.870889633070341 ], [ -93.381489717165493, 44.870889645756492 ], [ -93.381489699325343, 44.87088694517702 ], [ -93.381485901561732, 44.870886957863043 ], [ -93.381485883721766, 44.870884257283556 ], [ -93.381482085958339, 44.870884269969459 ], [ -93.381482050278748, 44.870878868810458 ], [ -93.381478252515677, 44.870878881496232 ], [ -93.381478234676052, 44.870876180916746 ], [ -93.381474436913152, 44.870876193602392 ], [ -93.381474419073726, 44.870873493022899 ], [ -93.381470621310996, 44.870873505708417 ], [ -93.381470585632485, 44.870868104549416 ], [ -93.38146678787011, 44.870868117234792 ], [ -93.381466770031039, 44.870865416655306 ], [ -93.381462972268849, 44.870865429340554 ], [ -93.381462954429949, 44.870862728761061 ], [ -93.381459156667944, 44.870862741446196 ], [ -93.381459138829229, 44.870860040866688 ], [ -93.38145534106738, 44.870860053551688 ], [ -93.381455305390318, 44.870854652392659 ], [ -93.381451507628825, 44.870854665077538 ], [ -93.381451489790464, 44.87085196449803 ], [ -93.381447692029141, 44.870851977182781 ], [ -93.381447656352819, 44.870846576023752 ], [ -93.381443858591851, 44.870846588708368 ], [ -93.38144384075386, 44.870843888128839 ], [ -93.381440042993077, 44.870843900813327 ], [ -93.381440025155257, 44.870841200233819 ], [ -93.381436227394659, 44.870841212918172 ], [ -93.381436209557023, 44.870838512338651 ], [ -93.381432411796581, 44.870838525022897 ], [ -93.381432376121694, 44.870833123863839 ], [ -93.381428578361607, 44.870833136547951 ], [ -93.381428560524341, 44.870830435968422 ], [ -93.381424762764425, 44.870830448652406 ], [ -93.381424727090277, 44.870825047493334 ], [ -93.381420929330716, 44.870825060177197 ], [ -93.381420911493805, 44.870822359597661 ], [ -93.381417113734415, 44.870822372281381 ], [ -93.381417095897703, 44.870819671701838 ], [ -93.381413298138483, 44.870819684385438 ], [ -93.381413262465415, 44.870814283226352 ], [ -93.38140946470655, 44.870814295909824 ], [ -93.381409446870194, 44.870811595330281 ], [ -93.381405649111514, 44.870811608013611 ], [ -93.381405613439156, 44.870806206854525 ], [ -93.38137143361412, 44.870806320998881 ], [ -93.381371647629237, 44.87083872795349 ], [ -93.381375445389708, 44.870838715271276 ], [ -93.381375534563659, 44.870852218168977 ], [ -93.381379332325025, 44.870852205486621 ], [ -93.381379350160003, 44.870854906066157 ], [ -93.381383147921539, 44.870854893383687 ], [ -93.381383165756702, 44.870857593963208 ], [ -93.381386963518409, 44.870857581280625 ], [ -93.38138699918909, 44.870862982439675 ], [ -93.381390796951166, 44.870862969756942 ], [ -93.38139085045772, 44.8708710714955 ], [ -93.381394648220322, 44.870871058812661 ], [ -93.381394666056025, 44.870873759392175 ], [ -93.381398463818797, 44.870873746709194 ], [ -93.381398481654671, 44.870876447288708 ], [ -93.381402279417628, 44.870876434605584 ], [ -93.381402297253686, 44.870879135185106 ], [ -93.381421286069283, 44.870879071767625 ], [ -93.381421303906237, 44.870881772347126 ], [ -93.381425101669521, 44.870881759663249 ], [ -93.381425119506659, 44.870884460242763 ], [ -93.381428917270114, 44.870884447558765 ], [ -93.381428970782068, 44.870892549297253 ], [ -93.381432768546077, 44.870892536613127 ], [ -93.38143278638357, 44.87089523719262 ], [ -93.381436584147735, 44.870895224508359 ], [ -93.381436601985413, 44.87089792508786 ], [ -93.381440399749764, 44.870897912403471 ], [ -93.381440417587612, 44.870900612982972 ], [ -93.381444215352147, 44.870900600298455 ], [ -93.38144423319018, 44.870903300877941 ], [ -93.381448030954871, 44.870903288193304 ], [ -93.381448173660715, 44.870924892829173 ], [ -93.381451971426827, 44.870924880144393 ], [ -93.381452007103661, 44.870930281303337 ], [ -93.381455804870114, 44.870930268618437 ], [ -93.381455840547332, 44.870935669777374 ], [ -93.381452042780509, 44.870935682462289 ], [ -93.38145216764957, 44.870954586518572 ], [ -93.381448369881497, 44.870954599203358 ], [ -93.381448387719757, 44.870957299782816 ], [ -93.381444589951528, 44.870957312467475 ], [ -93.381444607789618, 44.870960013046947 ], [ -93.381437012252761, 44.870960038415902 ], [ -93.38143703009051, 44.870962738995352 ], [ -93.381433232321896, 44.870962751679656 ], [ -93.381433285834603, 44.870970853418051 ], [ -93.381429488065464, 44.870970866102212 ], [ -93.381429505902858, 44.870973566681677 ], [ -93.381425708133534, 44.870973579365717 ], [ -93.381425725970743, 44.870976279945175 ], [ -93.38141813043174, 44.870976305312887 ], [ -93.381418148268608, 44.870979005892366 ], [ -93.381414350498915, 44.87097901857603 ], [ -93.381414368335612, 44.870981719155488 ], [ -93.381410570565748, 44.870981731839031 ], [ -93.381410731094491, 44.871006037054151 ], [ -93.38141452886596, 44.871006024370594 ], [ -93.381414546702686, 44.871008724950052 ], [ -93.381418344474312, 44.871008712266374 ], [ -93.381418362311223, 44.87101141284581 ], [ -93.381422160083034, 44.871011400161997 ], [ -93.381422177920101, 44.871014100741448 ], [ -93.381425975692096, 44.8710140880575 ], [ -93.381425993529362, 44.87101678863695 ], [ -93.381429791301528, 44.871016775952889 ], [ -93.381429826976401, 44.871022177111783 ], [ -93.381433624748922, 44.871022164427586 ], [ -93.381433642586543, 44.871024865007023 ], [ -93.381437440359235, 44.871024852322698 ], [ -93.381437458197027, 44.871027552902135 ], [ -93.381441255969904, 44.871027540217689 ], [ -93.381441273807894, 44.871030240797111 ], [ -93.381445071580927, 44.871030228112545 ], [ -93.381445089419088, 44.871032928691974 ], [ -93.381448887192306, 44.87103291600728 ], [ -93.381448905030638, 44.871035616586703 ], [ -93.38145270280404, 44.871035603901881 ], [ -93.381452720642557, 44.871038304481296 ], [ -93.38145651841613, 44.871038291796339 ], [ -93.381456536254831, 44.871040992375761 ], [ -93.381460334028574, 44.871040979690676 ], [ -93.381460351867446, 44.871043680270091 ], [ -93.381467947415288, 44.871043654899559 ], [ -93.381467965254529, 44.871046355478981 ], [ -93.381498347447177, 44.871046253991736 ], [ -93.38149836528784, 44.871048954571123 ], [ -93.381528747481752, 44.871048853075777 ], [ -93.381528765323836, 44.871051553655185 ], [ -93.381532563098247, 44.871051540967699 ], [ -93.381532580940501, 44.8710542415471 ], [ -93.381536378715097, 44.871054228859471 ], [ -93.381536432242441, 44.871062330597638 ], [ -93.381540230017549, 44.871062317909896 ], [ -93.381540247860187, 44.871065018489269 ], [ -93.381547843410758, 44.8710649931134 ], [ -93.381547861253736, 44.87106769369278 ], [ -93.381551659029199, 44.871067681004668 ], [ -93.381551676872377, 44.871070381584047 ], [ -93.381574463526135, 44.871070305452633 ], [ -93.381574481370365, 44.871073006032013 ], [ -93.381582076921958, 44.87107298065385 ], [ -93.381582094766543, 44.871075681233215 ], [ -93.381585892542518, 44.871075668543945 ], [ -93.381585910387287, 44.87107836912331 ], [ -93.381620090372493, 44.871078254914224 ], [ -93.381619929755217, 44.871053949700013 ], [ -93.381623727529742, 44.871053937009499 ], [ -93.381623709683225, 44.871051236430127 ], [ -93.381627507457566, 44.871051223739478 ], [ -93.381627489610864, 44.87104852316012 ], [ -93.381631287385034, 44.87104851046935 ], [ -93.381631305231906, 44.871051211048709 ], [ -93.381635103006246, 44.871051198357826 ], [ -93.381635120853304, 44.871053898937184 ], [ -93.381638918627829, 44.871053886246159 ], [ -93.38163897216954, 44.87106198798422 ], [ -93.381646567719628, 44.871061962601786 ], [ -93.381646585567225, 44.87106466318113 ], [ -93.381650383342446, 44.871064650489728 ], [ -93.381650401190228, 44.87106735106908 ], [ -93.38165419896562, 44.871067338377543 ], [ -93.381654216813587, 44.871070038956887 ], [ -93.381677003466933, 44.871069962805024 ], [ -93.381677021315966, 44.871072663384354 ], [ -93.381680819091699, 44.871072650691936 ], [ -93.381680836940916, 44.871075351271266 ], [ -93.381684634716819, 44.871075338578713 ], [ -93.381684741813203, 44.871091542054693 ], [ -93.381692337367141, 44.871091516669203 ], [ -93.381692355216913, 44.871094217248526 ], [ -93.381696152994039, 44.871094204555597 ], [ -93.381696170843981, 44.871096905134905 ], [ -93.381699968621291, 44.871096892441841 ], [ -93.381699986471418, 44.87109959302115 ], [ -93.381703784248899, 44.871099580327964 ], [ -93.38170380209921, 44.871102280907287 ], [ -93.381707599876876, 44.871102268213967 ], [ -93.381707617727358, 44.871104968793276 ], [ -93.381711415505194, 44.871104956099828 ], [ -93.381711433355861, 44.871107656679143 ], [ -93.381707635577854, 44.871107669372584 ], [ -93.381707653428336, 44.8711103699519 ], [ -93.38170385565013, 44.871110382645213 ], [ -93.381703873500442, 44.871113083224522 ], [ -93.381692480165313, 44.87111312130375 ], [ -93.381692462315542, 44.87111042072442 ], [ -93.381688664537322, 44.871110433417243 ], [ -93.381688646687721, 44.871107732837928 ], [ -93.381654466685347, 44.871107847067591 ], [ -93.381654627317459, 44.871132152281483 ], [ -93.381658425097115, 44.871132139589783 ], [ -93.381658442945309, 44.871134840169105 ], [ -93.381662240725134, 44.871134827477285 ], [ -93.381662276421892, 44.871140228635909 ], [ -93.381666074202073, 44.871140215943953 ], [ -93.381666270536428, 44.871169922316263 ], [ -93.381670068318556, 44.871169909624186 ], [ -93.381670086167333, 44.871172610203473 ], [ -93.381673883949631, 44.871172597511269 ], [ -93.381673901798578, 44.871175298090542 ], [ -93.381677699581061, 44.871175285398202 ], [ -93.381677753128457, 44.871183387136071 ], [ -93.381696742043474, 44.871183323672447 ], [ -93.381696759893501, 44.871186024251735 ], [ -93.38170055767668, 44.871186011558621 ], [ -93.381700575526892, 44.871188712137894 ], [ -93.381704373310242, 44.871188699444673 ], [ -93.381704391160625, 44.871191400023939 ], [ -93.38170059337709, 44.871191412717174 ], [ -93.381700754029083, 44.871215717930575 ], [ -93.381738731880219, 44.871215590992463 ], [ -93.381738749732222, 44.871218291571701 ], [ -93.381742547517518, 44.871218278877201 ], [ -93.381742565369706, 44.871220979456467 ], [ -93.381750160940598, 44.87122095406707 ], [ -93.381750178793141, 44.871223654646307 ], [ -93.381753976578779, 44.871223641951417 ], [ -93.381753994431506, 44.871226342530662 ], [ -93.3817577922173, 44.871226329835643 ], [ -93.381757952893551, 44.871250635048725 ], [ -93.381761750680951, 44.871250622353578 ], [ -93.381761768534062, 44.871253322932802 ], [ -93.381795948622113, 44.871253208670737 ], [ -93.38179593076741, 44.871250508091528 ], [ -93.381803526342154, 44.871250482698578 ], [ -93.381803544197211, 44.871253183277787 ], [ -93.381807341984754, 44.871253170581106 ], [ -93.381807359839996, 44.871255871160322 ], [ -93.381811157627709, 44.87125585846352 ], [ -93.381811336182039, 44.871282864255519 ], [ -93.381815133971529, 44.871282851558604 ], [ -93.381815151827155, 44.871285552137792 ], [ -93.381818949616829, 44.871285539440727 ], [ -93.381818967472626, 44.871288240019929 ], [ -93.38182276526247, 44.871288227322744 ], [ -93.381822783118466, 44.871290927901924 ], [ -93.381830378698481, 44.871290902507177 ], [ -93.381830396554832, 44.871293603086343 ], [ -93.381834194345032, 44.871293590388774 ], [ -93.381834212201539, 44.871296290967948 ], [ -93.381849403362978, 44.871296240176413 ], [ -93.381849421220224, 44.871298940755587 ], [ -93.381853219010765, 44.871298928057371 ], [ -93.381853236868182, 44.871301628636552 ], [ -93.381857034658879, 44.871301615938222 ], [ -93.381857088231669, 44.871309717675722 ], [ -93.381860886022906, 44.871309704977257 ], [ -93.381860903880693, 44.871312405556424 ], [ -93.3818647016721, 44.871312392857845 ], [ -93.381864719530057, 44.871315093437005 ], [ -93.381868517321664, 44.871315080738292 ], [ -93.381868535179805, 44.871317781317451 ], [ -93.381872332971554, 44.87131776861861 ], [ -93.38187235082988, 44.871320469197755 ], [ -93.381876148621814, 44.871320456498779 ], [ -93.381876166480311, 44.871323157077939 ], [ -93.381883762064533, 44.871323131679617 ], [ -93.381883779923399, 44.871325832258776 ], [ -93.381887577715688, 44.871325819559416 ], [ -93.381887595574725, 44.871328520138569 ], [ -93.381891393367184, 44.871328507439102 ], [ -93.381891411226405, 44.87133120801824 ], [ -93.381895209019035, 44.871331195318625 ], [ -93.381895226878441, 44.871333895897763 ], [ -93.381902822464056, 44.871333870498177 ], [ -93.381902840323818, 44.871336571077315 ], [ -93.381906638116789, 44.87133655837733 ], [ -93.381906655976735, 44.871339258956468 ], [ -93.381910453769891, 44.871339246256348 ], [ -93.381910471630022, 44.871341946835486 ], [ -93.381914269423348, 44.871341934135245 ], [ -93.381914287283649, 44.871344634714369 ], [ -93.381937074044657, 44.871344558510245 ], [ -93.381937091906025, 44.871347259089376 ], [ -93.381940889699692, 44.87134724638824 ], [ -93.381940907561244, 44.871349946967364 ], [ -93.381944705355096, 44.871349934266107 ], [ -93.381944776802001, 44.871360736582581 ], [ -93.381948574596549, 44.871360723881189 ], [ -93.381948592458471, 44.871363424460299 ], [ -93.38195239025319, 44.8713634117588 ], [ -93.381952408115296, 44.871366112337903 ], [ -93.3819562059102, 44.871366099636255 ], [ -93.381956223772477, 44.871368800215365 ], [ -93.381963819362625, 44.8713687748117 ], [ -93.381963837225257, 44.871371475390795 ], [ -93.381967635020516, 44.871371462688771 ], [ -93.381967652883318, 44.87137416326788 ], [ -93.381971450678748, 44.871374150565728 ], [ -93.381971468541735, 44.871376851144824 ], [ -93.381975266337335, 44.871376838442558 ], [ -93.381975284200522, 44.871379539021639 ], [ -93.381979081996292, 44.871379526319231 ], [ -93.381979099859635, 44.871382226898326 ], [ -93.381986695451545, 44.871382201493134 ], [ -93.381986713315257, 44.871384902072222 ], [ -93.381990511111383, 44.871384889369438 ], [ -93.381990528975265, 44.871387589948533 ], [ -93.381994326771562, 44.871387577245606 ], [ -93.381994344635629, 44.871390277824702 ], [ -93.38199814243211, 44.871390265121654 ], [ -93.381998160296362, 44.871392965700736 ], [ -93.382001958093014, 44.871392952997567 ], [ -93.382001975957451, 44.871395653576641 ], [ -93.382005773754273, 44.871395640873345 ], [ -93.382005791618866, 44.871398341452426 ], [ -93.382009589415873, 44.871398328748988 ], [ -93.382009607280665, 44.871401029328077 ], [ -93.382017202875019, 44.871401003920845 ], [ -93.382017220740167, 44.871403704499905 ], [ -93.382021018537515, 44.871403691796097 ], [ -93.382021036402847, 44.871406392375171 ], [ -93.382024834200365, 44.871406379671249 ], [ -93.382024852065868, 44.871409080250316 ], [ -93.382028649863557, 44.871409067546246 ], [ -93.382028667729259, 44.87141176812532 ], [ -93.382036263324991, 44.871411742716816 ], [ -93.382036281191048, 44.871414443295869 ], [ -93.382040078989093, 44.871414430591429 ], [ -93.382040096855306, 44.871417131170489 ], [ -93.382043894653535, 44.871417118465914 ], [ -93.382043912519947, 44.871419819044959 ], [ -93.382047710318332, 44.87141980634027 ], [ -93.382047728184929, 44.87142250691933 ], [ -93.382074312774876, 44.871422417982892 ], [ -93.382074330642709, 44.871425118561945 ], [ -93.382078128441435, 44.87142510585624 ], [ -93.382078146309439, 44.871427806435278 ], [ -93.382093337505054, 44.871427755611158 ], [ -93.382093355373783, 44.87143045619019 ], [ -93.38209715317285, 44.871430443483845 ], [ -93.382097171041764, 44.871433144062877 ], [ -93.382100968841002, 44.871433131356412 ], [ -93.382101093924646, 44.871452035409604 ], [ -93.382104891725135, 44.871452022702996 ], [ -93.382104909594418, 44.871454723282007 ], [ -93.382112505195735, 44.871454697868408 ], [ -93.382112523065388, 44.871457398447426 ], [ -93.382116320866217, 44.871457385740442 ], [ -93.38211633873604, 44.871460086319459 ], [ -93.38212013653704, 44.87146007361234 ], [ -93.382120154407048, 44.871462774191357 ], [ -93.382123952208232, 44.871462761484125 ], [ -93.38212397007841, 44.871465462063128 ], [ -93.382131565681135, 44.871465436648258 ], [ -93.382131583551669, 44.871468137227261 ], [ -93.382180954971432, 44.871467972018294 ], [ -93.382180937098582, 44.871465271439305 ], [ -93.382184734899909, 44.871465258730041 ], [ -93.382184717026888, 44.871462558151059 ], [ -93.38218851482803, 44.871462545441659 ], [ -93.382188532701221, 44.871465246020655 ], [ -93.382192330502548, 44.87146523331112 ], [ -93.382192348375924, 44.871467933890116 ], [ -93.382196146177421, 44.871467921180468 ], [ -93.382196307039521, 44.87149222639129 ], [ -93.382203902645713, 44.871492200971588 ], [ -93.382203920519629, 44.871494901550562 ], [ -93.382207718322903, 44.87149488884053 ], [ -93.382207736197017, 44.871497589419491 ], [ -93.382211534000461, 44.871497576709331 ], [ -93.382211605497645, 44.871508379025194 ], [ -93.382230594518361, 44.871508315472447 ], [ -93.382230612393542, 44.8715110160514 ], [ -93.382234410197867, 44.871511003340473 ], [ -93.382234428073232, 44.871513703919426 ], [ -93.382238225877728, 44.871513691208385 ], [ -93.382238315255506, 44.871527194103109 ], [ -93.38224591086626, 44.871527168680615 ], [ -93.382245928742165, 44.871529869259561 ], [ -93.38227251338094, 44.871529780276823 ], [ -93.382272531258096, 44.871532480855755 ], [ -93.382276329063799, 44.871532468143428 ], [ -93.382276346941154, 44.871535168722353 ], [ -93.382280144747028, 44.871535156009891 ], [ -93.382280180502093, 44.871540557167748 ], [ -93.382283978308323, 44.871540544455165 ], [ -93.382283996186018, 44.871543245034104 ], [ -93.382325772056362, 44.871543105187342 ], [ -93.382325789936033, 44.871545805766253 ], [ -93.382329587742589, 44.871545793052157 ], [ -93.382329605622431, 44.871548493631046 ], [ -93.382333403429172, 44.871548480916822 ], [ -93.382333457069251, 44.871556582653533 ], [ -93.38234864829829, 44.871556531795349 ], [ -93.382348666179027, 44.871559232374246 ], [ -93.382352463986464, 44.871559219659382 ], [ -93.382352481867386, 44.871561920238264 ], [ -93.382360077482588, 44.87156189480816 ], [ -93.382360095363865, 44.871564595387035 ], [ -93.382363893171643, 44.871564582671809 ], [ -93.382363911053105, 44.871567283250677 ], [ -93.382367708861068, 44.871567270535316 ], [ -93.3823677267427, 44.871569971114198 ], [ -93.382379120167073, 44.871569932967326 ], [ -93.382379138049259, 44.871572633546194 ], [ -93.382382935857549, 44.871572620830314 ], [ -93.382382953739921, 44.871575321409196 ], [ -93.382386751548381, 44.871575308693188 ], [ -93.382386787313465, 44.871580709850932 ], [ -93.38239058512228, 44.871580697134796 ], [ -93.382390603005007, 44.871583397713671 ], [ -93.382394400814007, 44.8715833849974 ], [ -93.382394436579816, 44.871588786155137 ], [ -93.382405830007869, 44.871588748005578 ], [ -93.382405847891292, 44.871591448584439 ], [ -93.382409645700818, 44.871591435867664 ], [ -93.38240966358444, 44.871594136446525 ], [ -93.382451439490978, 44.871593996553699 ], [ -93.382451457376561, 44.871596697132532 ], [ -93.3824552551864, 44.871596684414243 ], [ -93.382455273072168, 44.87159938499309 ], [ -93.382459070882177, 44.871599372274673 ], [ -93.38245917819782, 44.871615575747683 ], [ -93.38246297600891, 44.871615563029138 ], [ -93.38246306543958, 44.871629065923273 ], [ -93.382466863251551, 44.871629053204593 ], [ -93.382466881137859, 44.871631753783412 ], [ -93.382470678950014, 44.871631741064604 ], [ -93.382470768382518, 44.871645243958696 ], [ -93.382474566195555, 44.871645231239754 ], [ -93.382474584082246, 44.871647931818565 ], [ -93.382478381895453, 44.871647919099495 ], [ -93.382478399782329, 44.871650619678306 ], [ -93.382485995409084, 44.871650594239782 ], [ -93.382486013296315, 44.871653294818579 ], [ -93.382489811109863, 44.871653282099139 ], [ -93.382489828997279, 44.871655982677943 ], [ -93.382493626810998, 44.871655969958368 ], [ -93.382493644698584, 44.871658670537172 ], [ -93.382501240326391, 44.871658645097625 ], [ -93.382501258214333, 44.871661345676422 ], [ -93.382505056028421, 44.871661332956464 ], [ -93.382505073916533, 44.871664033535268 ], [ -93.382512669545051, 44.871664008094953 ], [ -93.382512687433533, 44.871666708673743 ], [ -93.382516485247947, 44.871666695953408 ], [ -93.3825165031366, 44.871669396532184 ], [ -93.382520300951214, 44.871669383811728 ], [ -93.382520318840051, 44.871672084390504 ], [ -93.382558296987696, 44.871671957178854 ] ], [ [ -93.381829968003316, 44.871228789185565 ], [ -93.38182617021738, 44.871228801882992 ], [ -93.381826152361285, 44.871226101303776 ], [ -93.381822354575519, 44.871226114001068 ], [ -93.381822336719608, 44.871223413421852 ], [ -93.381818538934013, 44.871223426119016 ], [ -93.381818467511067, 44.871212623802109 ], [ -93.381822265295924, 44.871212611104951 ], [ -93.381822247440027, 44.871209910525735 ], [ -93.381826045224713, 44.871209897828464 ], [ -93.381826027368618, 44.871207197249234 ], [ -93.381829825153133, 44.871207184551828 ], [ -93.381829843009399, 44.871209885131044 ], [ -93.381833640794085, 44.871209872433511 ], [ -93.381833658650521, 44.871212573012727 ], [ -93.381837456435392, 44.87121256031508 ], [ -93.38183752786189, 44.871223362631945 ], [ -93.381833730076323, 44.871223375329613 ], [ -93.381833747932788, 44.871226075908815 ], [ -93.381829950147036, 44.871226088606363 ], [ -93.381829968003316, 44.871228789185565 ] ] ] } },
{ "type": "Feature", "properties": { }, "geometry": { "type": "Polygon", "coordinates": [ [ [ -93.382769259115491, 44.870839453528639 ], [ -93.382769241215513, 44.870836752949529 ], [ -93.382773038975245, 44.870836740220838 ], [ -93.38277302107511, 44.870834039641736 ], [ -93.382776818834657, 44.870834026912924 ], [ -93.382776800934337, 44.870831326333821 ], [ -93.382791991971814, 44.870831275417316 ], [ -93.382791974070784, 44.870828574838207 ], [ -93.382795771829976, 44.870828562108755 ], [ -93.382795753928775, 44.87082586152966 ], [ -93.38281094496476, 44.870825810610626 ], [ -93.382810927062863, 44.870823110031516 ], [ -93.382814724821685, 44.870823097301447 ], [ -93.382814706919604, 44.870820396722351 ], [ -93.382818504678227, 44.870820383992154 ], [ -93.38281837936249, 44.870801479938443 ], [ -93.382822177119891, 44.870801467208132 ], [ -93.382822159217469, 44.870798766629029 ], [ -93.382825956974685, 44.870798753898583 ], [ -93.382825939072092, 44.870796053319481 ], [ -93.382852523371241, 44.870795964202877 ], [ -93.382852487563568, 44.870790563044665 ], [ -93.38285628532023, 44.870790550313217 ], [ -93.382856106280315, 44.870763544522163 ], [ -93.382848510770557, 44.870763569984909 ], [ -93.382848492866927, 44.8707608694058 ], [ -93.382844695112226, 44.870760882136977 ], [ -93.38284467720878, 44.870758181557861 ], [ -93.38284087945425, 44.870758194288925 ], [ -93.382840843647728, 44.870752793130684 ], [ -93.382837045893552, 44.870752805861606 ], [ -93.382837027990462, 44.870750105282482 ], [ -93.382833230236457, 44.870750118013277 ], [ -93.382833122819108, 44.870733914538505 ], [ -93.382836920572032, 44.870733901807718 ], [ -93.38283690266897, 44.870731201228587 ], [ -93.382840700421738, 44.870731188497665 ], [ -93.382840682518506, 44.870728487918527 ], [ -93.382844480271075, 44.870728475187491 ], [ -93.382844229623529, 44.870690667079515 ], [ -93.382783465621742, 44.870690870760761 ], [ -93.382783537223915, 44.870701673077413 ], [ -93.382779739473079, 44.870701685806424 ], [ -93.382779775273818, 44.870707086964757 ], [ -93.382775977522613, 44.870707099693647 ], [ -93.382776174424947, 44.870736806064379 ], [ -93.382779972178085, 44.87073679333546 ], [ -93.38277999007849, 44.87073949391462 ], [ -93.382783787831826, 44.870739481185588 ], [ -93.382783823632991, 44.870744882343892 ], [ -93.382780025879313, 44.870744895072917 ], [ -93.382780043779718, 44.870747595652048 ], [ -93.382776246025855, 44.870747608380952 ], [ -93.38277626392609, 44.870750308960098 ], [ -93.382772466172057, 44.870750321688888 ], [ -93.38277248407212, 44.870753022268012 ], [ -93.382749697546714, 44.870753098638033 ], [ -93.382749840738782, 44.870774703271202 ], [ -93.382746042983115, 44.870774715999111 ], [ -93.382746060881956, 44.870777416578257 ], [ -93.382742263126119, 44.870777429306038 ], [ -93.38274228102479, 44.870780129885176 ], [ -93.382719494488612, 44.870780206249215 ], [ -93.382719512386217, 44.870782906828353 ], [ -93.382711916873788, 44.870782932282019 ], [ -93.382711934771038, 44.870785632861164 ], [ -93.382700541501848, 44.870785671040728 ], [ -93.382700559398558, 44.870788371619874 ], [ -93.382689166128813, 44.870788409798308 ], [ -93.382689362987037, 44.870818116168913 ], [ -93.382693160745575, 44.870818103442886 ], [ -93.382693196538355, 44.870823504601148 ], [ -93.382704589815035, 44.870823466422294 ], [ -93.382704607711972, 44.870826167001425 ], [ -93.382708405471035, 44.870826154274887 ], [ -93.382708423368143, 44.870828854854025 ], [ -93.382716018886612, 44.870828829400565 ], [ -93.382716036784089, 44.870831529979689 ], [ -93.382723632302913, 44.870831504525718 ], [ -93.382723650200731, 44.870834205104842 ], [ -93.382727447960306, 44.870834192377671 ], [ -93.382727465858324, 44.870836892956774 ], [ -93.382735061377844, 44.870836867502049 ], [ -93.382735079276202, 44.870839568081173 ], [ -93.382769259115491, 44.870839453528639 ] ] ] } },
{ "type": "Feature", "properties": { }, "geometry": { "type": "Polygon", "coordinates": [ [ [ -93.38483808406643, 44.87068936701165 ], [ -93.384838012079996, 44.870678564697556 ], [ -93.384841809828387, 44.870678551900099 ], [ -93.384841791831604, 44.870675851321579 ], [ -93.384845589579825, 44.870675838524008 ], [ -93.384845571582886, 44.870673137945495 ], [ -93.384860762575059, 44.870673086753939 ], [ -93.384860600596156, 44.870648781547196 ], [ -93.384822623131626, 44.870648909522188 ], [ -93.384822677119246, 44.870657011257812 ], [ -93.384818879372233, 44.870657024054623 ], [ -93.384818897367936, 44.870659724633164 ], [ -93.384815099620766, 44.87065973742984 ], [ -93.384815117616284, 44.870662438008381 ], [ -93.384803724374208, 44.870662476397676 ], [ -93.384803904324272, 44.870689482183046 ], [ -93.38483808406643, 44.87068936701165 ] ] ] } },
{ "type": "Feature", "properties": { }, "geometry": { "type": "Polygon", "coordinates": [ [ [ -93.379025907369936, 44.871040983184081 ], [ -93.37902397535575, 44.87074661993654 ], [ -93.379027773111204, 44.870746607332414 ], [ -93.37902717046461, 44.870654787600742 ], [ -93.37897779972198, 44.87065495144401 ], [ -93.378977817444536, 44.870657652024384 ], [ -93.378970221945281, 44.870657677229154 ], [ -93.37897020422308, 44.87065497664878 ], [ -93.378947417726309, 44.870655052260041 ], [ -93.378947400005188, 44.870652351679645 ], [ -93.378943602255887, 44.870652364281071 ], [ -93.378943584534952, 44.870649663700682 ], [ -93.378939786785836, 44.870649676301987 ], [ -93.37893976906507, 44.870646975721591 ], [ -93.37893597131611, 44.870646988322768 ], [ -93.378935935874949, 44.87064158716197 ], [ -93.378928340377769, 44.870641612363947 ], [ -93.378928322657544, 44.870638911783544 ], [ -93.378894142921695, 44.870639025186151 ], [ -93.378894461857385, 44.870687635633409 ], [ -93.378898259609016, 44.870687623033589 ], [ -93.378898330484432, 44.870698425355151 ], [ -93.37889453273209, 44.87069843795495 ], [ -93.378895241481345, 44.87080646116938 ], [ -93.378891443721898, 44.870806473769115 ], [ -93.378891461440503, 44.870809174349453 ], [ -93.378887663680885, 44.870809186949046 ], [ -93.378887752273059, 44.870822689850719 ], [ -93.378883954512531, 44.870822702450205 ], [ -93.378884167131886, 44.870855109414066 ], [ -93.378895560419835, 44.870855071615189 ], [ -93.378895578138668, 44.870857772195507 ], [ -93.378899375901483, 44.870857759595623 ], [ -93.378899393620486, 44.870860460175926 ], [ -93.378903191383486, 44.870860447575922 ], [ -93.378903209102674, 44.870863148156225 ], [ -93.378907006865845, 44.870863135556093 ], [ -93.378907024585217, 44.870865836136389 ], [ -93.378910822348558, 44.870865823536128 ], [ -93.378910840068116, 44.870868524116432 ], [ -93.378914637831627, 44.870868511516036 ], [ -93.37891465555137, 44.87087121209634 ], [ -93.378918453315066, 44.870871199495809 ], [ -93.378918541914629, 44.870884702397284 ], [ -93.378914744150038, 44.870884714997814 ], [ -93.37891476186978, 44.870887415578096 ], [ -93.378910964105003, 44.870887428178492 ], [ -93.378910981824575, 44.870890128758781 ], [ -93.378907184059642, 44.870890141359062 ], [ -93.378907201779029, 44.870892841939366 ], [ -93.37888821295337, 44.870892904938849 ], [ -93.378888372420036, 44.870917210161437 ], [ -93.378884574653299, 44.870917222760966 ], [ -93.378884875865637, 44.870963132625647 ], [ -93.378919055793332, 44.870963019225165 ], [ -93.37891907351333, 44.870965719805405 ], [ -93.378922871283237, 44.870965707204718 ], [ -93.378922889003405, 44.870968407784972 ], [ -93.378926686773511, 44.870968395184164 ], [ -93.37892670449385, 44.870971095764396 ], [ -93.378930502264112, 44.870971083163454 ], [ -93.37893051998465, 44.870973783743707 ], [ -93.378934317755082, 44.870973771142644 ], [ -93.378934424079404, 44.870989974624074 ], [ -93.378938221850902, 44.870989962022875 ], [ -93.378938239571809, 44.870992662603108 ], [ -93.378945835115161, 44.870992637400327 ], [ -93.378945852836424, 44.870995337980546 ], [ -93.378953448380102, 44.870995312777254 ], [ -93.37895346610172, 44.870998013357479 ], [ -93.378961061645754, 44.870997988153675 ], [ -93.378961079367741, 44.871000688733922 ], [ -93.378964877139936, 44.871000676131814 ], [ -93.378964894862094, 44.871003376712032 ], [ -93.378968692634459, 44.871003364109825 ], [ -93.378968710356801, 44.871006064690036 ], [ -93.378972508129351, 44.871006052087687 ], [ -93.378972525851864, 44.871008752667905 ], [ -93.378976323624585, 44.871008740065427 ], [ -93.378976376792679, 44.87101684180606 ], [ -93.378980174565939, 44.871016829203469 ], [ -93.378980210011704, 44.87102223036387 ], [ -93.378984007785306, 44.87102221776113 ], [ -93.378984096400657, 44.87103572066215 ], [ -93.37898789417514, 44.871035708059289 ], [ -93.378987911898406, 44.871038408639485 ], [ -93.378991709673073, 44.871038396036496 ], [ -93.37899172739651, 44.871041096616686 ], [ -93.379025907369936, 44.871040983184081 ] ] ] } },
{ "type": "Feature", "properties": { }, "geometry": { "type": "Polygon", "coordinates": [ [ [ -93.387773489501626, 44.87064162881299 ], [ -93.387773217494072, 44.87060112014872 ], [ -93.387769419752061, 44.870601133043635 ], [ -93.387769401618428, 44.870598432466004 ], [ -93.387765603876602, 44.870598445360791 ], [ -93.387765585743153, 44.870595744783159 ], [ -93.387761788001484, 44.870595757677812 ], [ -93.38776176986822, 44.870593057100187 ], [ -93.387723792453329, 44.870593186039791 ], [ -93.387724028163063, 44.870628293549082 ], [ -93.387727825906879, 44.870628280655673 ], [ -93.387727844038579, 44.87063098123329 ], [ -93.387731641782565, 44.870630968339775 ], [ -93.387731659914465, 44.870633668917392 ], [ -93.387735457658621, 44.870633656023742 ], [ -93.387735512054846, 44.870641757756594 ], [ -93.387773489501626, 44.87064162881299 ] ] ] } },
{ "type": "Feature", "properties": { }, "geometry": { "type": "Polygon", "coordinates": [ [ [ -93.384666915524434, 44.870649434087589 ], [ -93.384666897535837, 44.870646733509005 ], [ -93.384670695282225, 44.870646720717247 ], [ -93.384670677293471, 44.870644020138656 ], [ -93.384682070532094, 44.870643981762655 ], [ -93.384681782703723, 44.870600772505014 ], [ -93.384677984960362, 44.870600785297128 ], [ -93.384677966971296, 44.870598084718509 ], [ -93.384674169228106, 44.870598097510502 ], [ -93.38467415123921, 44.87059539693189 ], [ -93.384639971551991, 44.870595512054031 ], [ -93.384639953564701, 44.870592811475404 ], [ -93.384636155821838, 44.870592824266119 ], [ -93.384636137834732, 44.870590123687499 ], [ -93.38463234009204, 44.870590136478086 ], [ -93.384632214183583, 44.870571232427622 ], [ -93.384582843544621, 44.870571398693684 ], [ -93.38458304137545, 44.870601105058832 ], [ -93.384586839118882, 44.870601092269872 ], [ -93.384587054936802, 44.87063349921349 ], [ -93.384590852682379, 44.870633486424403 ], [ -93.384590870667395, 44.870636187003022 ], [ -93.384594668413129, 44.870636174213807 ], [ -93.384594740353933, 44.870646976528278 ], [ -93.384632717818221, 44.870646848629072 ], [ -93.384632735805198, 44.870649549207684 ], [ -93.384666915524434, 44.870649434087589 ] ] ] } },
{ "type": "Feature", "properties": { }, "geometry": { "type": "Polygon", "coordinates": [ [ [ -93.382181919790241, 44.870466031706549 ], [ -93.382181901917974, 44.870463331127077 ], [ -93.382189497388822, 44.870463305708803 ], [ -93.382189318662753, 44.870436299914097 ], [ -93.382193116396422, 44.870436287204775 ], [ -93.382192937668819, 44.870409281409955 ], [ -93.382154960349951, 44.870409408497324 ], [ -93.382155013962873, 44.870417510235804 ], [ -93.382151216230426, 44.870417522943853 ], [ -93.382151234101244, 44.870420223523347 ], [ -93.382147436368626, 44.870420236231261 ], [ -93.382147454239245, 44.87042293681079 ], [ -93.382143656506457, 44.870422949518584 ], [ -93.382143817340619, 44.870447254734003 ], [ -93.382147615074999, 44.870447242026195 ], [ -93.382147740169628, 44.870466146082563 ], [ -93.382181919790241, 44.870466031706549 ] ] ] } },
{ "type": "Feature", "properties": { }, "geometry": { "type": "Polygon", "coordinates": [ [ [ -93.379025805657989, 44.870446842908784 ], [ -93.379025646136114, 44.870422537684547 ], [ -93.379021848401962, 44.870422550288531 ], [ -93.379021830677502, 44.870419849708057 ], [ -93.379025628411469, 44.870419837104073 ], [ -93.379025451165191, 44.870392831299228 ], [ -93.379021653433, 44.870392843903211 ], [ -93.379021458464337, 44.870363137517707 ], [ -93.378979683431552, 44.870363276152922 ], [ -93.378979701154009, 44.87036597673346 ], [ -93.378975903423552, 44.870365989335902 ], [ -93.378975921145852, 44.870368689916411 ], [ -93.378945539300759, 44.87036879073144 ], [ -93.378945574742502, 44.870374191892488 ], [ -93.378941777011491, 44.870374204493793 ], [ -93.378941794732185, 44.870376905074316 ], [ -93.378937997001003, 44.8703769176755 ], [ -93.378938014721527, 44.870379618256031 ], [ -93.378934216990146, 44.870379630857101 ], [ -93.378934234710499, 44.870382331437625 ], [ -93.378930436978962, 44.870382344038561 ], [ -93.37893045469913, 44.870385044619077 ], [ -93.378922859235686, 44.870385069820578 ], [ -93.3789228769555, 44.870387770401102 ], [ -93.378919079223593, 44.870387783001661 ], [ -93.37891906150395, 44.87038508242113 ], [ -93.378915263772214, 44.870385095021561 ], [ -93.37891524605277, 44.870382394441044 ], [ -93.378881066468693, 44.870382507839231 ], [ -93.37888133223683, 44.8704230165472 ], [ -93.378885129971067, 44.870423003947892 ], [ -93.378885147689132, 44.870425704528401 ], [ -93.378888945423554, 44.870425691928965 ], [ -93.378888963141804, 44.870428392509474 ], [ -93.378938333691252, 44.870428228705251 ], [ -93.3789383159707, 44.870425528124755 ], [ -93.378953506908189, 44.870425477719166 ], [ -93.378953524629452, 44.870428178299655 ], [ -93.378957322364002, 44.870428165697952 ], [ -93.378957340085464, 44.870430866278433 ], [ -93.378964935554905, 44.870430841074622 ], [ -93.378964953276707, 44.870433541655132 ], [ -93.378968751011598, 44.870433529053038 ], [ -93.378968768733586, 44.870436229633512 ], [ -93.378972566468661, 44.870436217031305 ], [ -93.378972584190819, 44.870438917611779 ], [ -93.378976381926066, 44.870438905009429 ], [ -93.378976399648423, 44.870441605589903 ], [ -93.378983995119256, 44.870441580384821 ], [ -93.378984012841968, 44.870444280965295 ], [ -93.378991608313143, 44.870444255759708 ], [ -93.378991626036211, 44.870446956340196 ], [ -93.379025805657989, 44.870446842908784 ] ] ] } },
{ "type": "Feature", "properties": { }, "geometry": { "type": "Polygon", "coordinates": [ [ [ -93.384353738854898, 44.870385825863593 ], [ -93.384353720881137, 44.870383125284782 ], [ -93.384357518610329, 44.870383112503504 ], [ -93.384357284949161, 44.870348004978773 ], [ -93.384353487222285, 44.870348017760037 ], [ -93.384353451274805, 44.870342616602343 ], [ -93.38434965354827, 44.870342629383487 ], [ -93.384349617601146, 44.8703372282258 ], [ -93.38434581987498, 44.870337241006816 ], [ -93.384345783928225, 44.870331839849122 ], [ -93.384341986202401, 44.870331852629995 ], [ -93.384341968229194, 44.870329152051156 ], [ -93.384338170503554, 44.870329164831908 ], [ -93.384338134557524, 44.870323763674207 ], [ -93.384330539106926, 44.870323789235314 ], [ -93.384330521134274, 44.870321088656468 ], [ -93.384326723409146, 44.870321101436836 ], [ -93.384326705436678, 44.870318400857968 ], [ -93.384319109986762, 44.870318426418322 ], [ -93.38431909201465, 44.870315725839461 ], [ -93.38431149656509, 44.87031575139931 ], [ -93.384311478593332, 44.87031305082045 ], [ -93.384303883144113, 44.870313076379787 ], [ -93.384303865172711, 44.870310375800919 ], [ -93.384265887928251, 44.870310503590012 ], [ -93.384265905897877, 44.870313204168895 ], [ -93.384262108173232, 44.870313216947125 ], [ -93.384262126142687, 44.870315917525993 ], [ -93.384258328417872, 44.870315930304081 ], [ -93.384258508110705, 44.870342936092825 ], [ -93.384262305837311, 44.870342923314723 ], [ -93.38426232380678, 44.870345623893584 ], [ -93.384277514713844, 44.870345572779911 ], [ -93.384277532684024, 44.870348273358786 ], [ -93.384281330410971, 44.870348260580045 ], [ -93.384281348381336, 44.870350961158906 ], [ -93.384288943835557, 44.870350935601039 ], [ -93.384288961806277, 44.870353636179885 ], [ -93.384292759533565, 44.870353623400774 ], [ -93.38429277750447, 44.870356323979614 ], [ -93.384296575231929, 44.870356311200368 ], [ -93.384296593203018, 44.870359011779222 ], [ -93.384300390930647, 44.870358998999841 ], [ -93.384300408901922, 44.870361699578702 ], [ -93.384304206629722, 44.870361686799207 ], [ -93.384304224601181, 44.870364387378054 ], [ -93.384308022329165, 44.87036437459841 ], [ -93.384308058272424, 44.870369775756096 ], [ -93.38431185600075, 44.870369762976338 ], [ -93.384311891944378, 44.870375164134018 ], [ -93.384315689673059, 44.870375151354125 ], [ -93.384315707645058, 44.870377851932965 ], [ -93.384319505373924, 44.870377839152951 ], [ -93.384319559290446, 44.870385940889427 ], [ -93.384353738854898, 44.870385825863593 ] ] ] } },
{ "type": "Feature", "properties": { }, "geometry": { "type": "Polygon", "coordinates": [ [ [ -93.383218253500587, 44.870395042960801 ], [ -93.383218235579903, 44.870392342381628 ], [ -93.383222033310219, 44.870392329638108 ], [ -93.38322201538935, 44.87038962905892 ], [ -93.383252397230294, 44.870389527106212 ], [ -93.383252325541193, 44.870378724789553 ], [ -93.383256123270598, 44.870378712044896 ], [ -93.383256105348138, 44.870376011465723 ], [ -93.383259903077359, 44.870375998720938 ], [ -93.383259885154743, 44.870373298141786 ], [ -93.383267480612815, 44.870373272651847 ], [ -93.383267319306157, 44.87034896743927 ], [ -93.383263521578726, 44.870348980184296 ], [ -93.383263503655954, 44.870346279605123 ], [ -93.383259705928694, 44.870346292350014 ], [ -93.383259616315769, 44.870332789454075 ], [ -93.383252020863011, 44.870332814943481 ], [ -93.383252002940793, 44.870330114364286 ], [ -93.383248205214585, 44.870330127108787 ], [ -93.383248187292551, 44.870327426529606 ], [ -93.383244389566528, 44.870327439273964 ], [ -93.383244282035378, 44.870311235798773 ], [ -93.383248079760335, 44.870311223054415 ], [ -93.383248061838316, 44.870308522475192 ], [ -93.383251859563089, 44.870308509730698 ], [ -93.383251841640899, 44.870305809151503 ], [ -93.383282223437618, 44.870305707191001 ], [ -93.383282205514007, 44.870303006611813 ], [ -93.38328600323841, 44.870302993866183 ], [ -93.383285985314615, 44.870300293286995 ], [ -93.383293580763052, 44.870300267795358 ], [ -93.383293562838901, 44.870297567216149 ], [ -93.383297360562949, 44.870297554470142 ], [ -93.383297342638627, 44.870294853890954 ], [ -93.383301140362491, 44.870294841144812 ], [ -93.383301122437985, 44.870292140565624 ], [ -93.383308717885342, 44.870292115072985 ], [ -93.383308538636967, 44.870265109280993 ], [ -93.383304740915065, 44.870265122027362 ], [ -93.383304722990431, 44.870262421448146 ], [ -93.383297127546967, 44.870262446940515 ], [ -93.383297109622674, 44.870259746361306 ], [ -93.383293311901113, 44.870259759107284 ], [ -93.383293293977019, 44.870257058528075 ], [ -93.383289496255628, 44.870257071273947 ], [ -93.383289478331704, 44.870254370694724 ], [ -93.383285680610499, 44.870254383440461 ], [ -93.38328566268676, 44.870251682861245 ], [ -93.383240090034249, 44.870251835800197 ], [ -93.383240072112628, 44.870249135220966 ], [ -93.383236274391749, 44.870249147965055 ], [ -93.383236256470312, 44.870246447385803 ], [ -93.383232458749603, 44.870246460129771 ], [ -93.383232404985847, 44.870238358392051 ], [ -93.383213416384947, 44.870238422109956 ], [ -93.383213398464605, 44.870235721530705 ], [ -93.383179218984395, 44.870235836214974 ], [ -93.38317923690316, 44.870238536794211 ], [ -93.383175439182949, 44.870238549536289 ], [ -93.383175492938719, 44.870246651274059 ], [ -93.383171695217968, 44.870246664016001 ], [ -93.383171748973226, 44.870254765753778 ], [ -93.383167951251949, 44.870254778495593 ], [ -93.383167969170202, 44.870257479074851 ], [ -93.38316417144874, 44.870257491816545 ], [ -93.383164189366795, 44.87026019239579 ], [ -93.38315279620187, 44.870260230620126 ], [ -93.383152778284327, 44.870257530040874 ], [ -93.383148980562851, 44.870257542782049 ], [ -93.383148962645507, 44.870254842202797 ], [ -93.383145164924201, 44.870254854943852 ], [ -93.383145111172681, 44.870246753206061 ], [ -93.383141313451915, 44.870246765946995 ], [ -93.383141277617923, 44.870241364788455 ], [ -93.383137479897513, 44.870241377529261 ], [ -93.383137461980709, 44.870238676949988 ], [ -93.38313366426047, 44.870238689690673 ], [ -93.383133646343836, 44.870235989111393 ], [ -93.383099466863172, 44.870236103771781 ], [ -93.383099484778199, 44.870238804351068 ], [ -93.383095687057946, 44.870238817090481 ], [ -93.383095669143088, 44.870236116511201 ], [ -93.383091871423005, 44.870236129250479 ], [ -93.383091853508333, 44.870233428671192 ], [ -93.383088055788406, 44.870233441410356 ], [ -93.383088037873918, 44.870230740831055 ], [ -93.383084240154176, 44.870230753570091 ], [ -93.383084204325556, 44.870225352411502 ], [ -93.383069013447994, 44.870225403366348 ], [ -93.383068995534387, 44.870222702787046 ], [ -93.383065197815171, 44.870222715525436 ], [ -93.383065179901749, 44.870220014946142 ], [ -93.383061382182717, 44.870220027684411 ], [ -93.383061328443006, 44.870211925946485 ], [ -93.3830575307245, 44.870211938684641 ], [ -93.383057459072305, 44.870201136367378 ], [ -93.383030875047609, 44.870201225530778 ], [ -93.383030857135793, 44.870198524951448 ], [ -93.383027059418154, 44.870198537688573 ], [ -93.383027041506537, 44.870195837109243 ], [ -93.383023243789069, 44.870195849846233 ], [ -93.383023046763384, 44.870166143473554 ], [ -93.383004058185747, 44.870166207156565 ], [ -93.383004040275225, 44.870163506577214 ], [ -93.383000242559874, 44.870163519313436 ], [ -93.383000224649521, 44.870160818734071 ], [ -93.382996426934355, 44.870160831470173 ], [ -93.382996247832821, 44.870133825676561 ], [ -93.382962068412084, 44.870133940295638 ], [ -93.382962265406178, 44.870163646668715 ], [ -93.382966063121557, 44.870163633933764 ], [ -93.382966081030304, 44.870166334513115 ], [ -93.382969878745868, 44.870166321778036 ], [ -93.382969914563716, 44.870171722936739 ], [ -93.382966116847825, 44.870171735671832 ], [ -93.382966134756572, 44.87017443625119 ], [ -93.382962337040482, 44.870174448986155 ], [ -93.382962354949058, 44.870177149565514 ], [ -93.382947164083973, 44.870177200504116 ], [ -93.382947146176093, 44.870174499924744 ], [ -93.382943348459989, 44.870174512659084 ], [ -93.382943330552308, 44.870171812079718 ], [ -93.382939532836374, 44.870171824813923 ], [ -93.382939407483846, 44.870152920758336 ], [ -93.38293181205448, 44.870152946226355 ], [ -93.382931794147339, 44.870150245646968 ], [ -93.382927996432826, 44.870150258380789 ], [ -93.382927978525871, 44.870147557801388 ], [ -93.382924180811528, 44.870147570535089 ], [ -93.38292401965063, 44.870123265320593 ], [ -93.38287464938476, 44.870123430846931 ], [ -93.382874810524882, 44.870147736061561 ], [ -93.382878608239253, 44.870147723329509 ], [ -93.382878626143906, 44.870150423908925 ], [ -93.382882423858447, 44.870150411176752 ], [ -93.382882441763286, 44.870153111756139 ], [ -93.382886239477997, 44.870153099023831 ], [ -93.382886400623164, 44.870177404238312 ], [ -93.382890198339481, 44.870177391505869 ], [ -93.382890234149912, 44.870182792664629 ], [ -93.382894031866584, 44.870182779932058 ], [ -93.38289406767737, 44.870188181090796 ], [ -93.382905460828439, 44.870188142892339 ], [ -93.382905478734358, 44.870190843471704 ], [ -93.382909276451556, 44.870190830738629 ], [ -93.38290929435766, 44.870193531317994 ], [ -93.382913092075029, 44.870193518584784 ], [ -93.382913163700209, 44.870204320902232 ], [ -93.38293595000863, 44.870204244500329 ], [ -93.382935967915984, 44.870206945079666 ], [ -93.382939765634234, 44.870206932345582 ], [ -93.382939783541786, 44.870209632924933 ], [ -93.382943581260193, 44.870209620190707 ], [ -93.382943599167916, 44.870212320770058 ], [ -93.382954992323675, 44.870212282566619 ], [ -93.382955010231939, 44.870214983145956 ], [ -93.382958807950686, 44.870214970411233 ], [ -93.382958825859134, 44.870217670990584 ], [ -93.382962623578081, 44.870217658255726 ], [ -93.382962731029835, 44.870233861731727 ], [ -93.382958933309837, 44.870233874466585 ], [ -93.382958951218299, 44.870236575045922 ], [ -93.382955153498116, 44.870236587780653 ], [ -93.382955171406394, 44.87023928835999 ], [ -93.382936182804571, 44.870239352031803 ], [ -93.382936200711967, 44.870242052611125 ], [ -93.382932402991429, 44.87024206534511 ], [ -93.382932420898655, 44.870244765924447 ], [ -93.382928623177918, 44.870244778658304 ], [ -93.382928784341431, 44.870269083872266 ], [ -93.382932582063773, 44.870269071138402 ], [ -93.382932617878268, 44.870274472297048 ], [ -93.382989583718214, 44.870274281273822 ], [ -93.382989565808302, 44.870271580694506 ], [ -93.382993363530773, 44.870271567958611 ], [ -93.382993345620676, 44.870268867379316 ], [ -93.382997143342962, 44.870268854643292 ], [ -93.382997125432709, 44.870266154063984 ], [ -93.383000923154796, 44.870266141327846 ], [ -93.383000941065248, 44.870268841907162 ], [ -93.38300473878752, 44.870268829170882 ], [ -93.383004756698142, 44.870271529750184 ], [ -93.383008554420613, 44.870271517013784 ], [ -93.38300860815302, 44.870279618751667 ], [ -93.383004810430023, 44.870279631488067 ], [ -93.38300482834066, 44.870282332067355 ], [ -93.383001030617493, 44.870282344803634 ], [ -93.383001048527944, 44.870285045382929 ], [ -93.382989655357903, 44.870285083591014 ], [ -93.3829898702772, 44.870317490542483 ], [ -93.383001263453636, 44.870317452334376 ], [ -93.38300128136413, 44.870320152913642 ], [ -93.38300507908977, 44.870320140177348 ], [ -93.383005097000449, 44.870322840756629 ], [ -93.383046871984433, 44.870322700649069 ], [ -93.383046854071821, 44.870320000069803 ], [ -93.383050651797433, 44.870319987332003 ], [ -93.383050633884636, 44.870317286752737 ], [ -93.383058229335532, 44.870317261276746 ], [ -93.383058247248684, 44.870319961856005 ], [ -93.383062044974309, 44.870319949117821 ], [ -93.383062062887632, 44.870322649697066 ], [ -93.383065860613428, 44.870322636958754 ], [ -93.383066057662219, 44.870352343330495 ], [ -93.383077450845448, 44.870352305114757 ], [ -93.383077468759524, 44.870355005693995 ], [ -93.383081266487437, 44.87035499295515 ], [ -93.383081284401683, 44.870357693534388 ], [ -93.383085082129782, 44.870357680795436 ], [ -93.383085100044212, 44.870360381374667 ], [ -93.383092695500721, 44.870360355896359 ], [ -93.383092713415522, 44.870363056475576 ], [ -93.383096511143961, 44.870363043736234 ], [ -93.383096529058932, 44.870365744315471 ], [ -93.383107922244761, 44.870365706096692 ], [ -93.383107940160258, 44.870368406675915 ], [ -93.38313832199043, 44.870368304753576 ], [ -93.383138339907362, 44.870371005332785 ], [ -93.383142137636298, 44.870370992591923 ], [ -93.383142155553415, 44.870373693171125 ], [ -93.383145953282522, 44.870373680430141 ], [ -93.383145971199824, 44.870376381009343 ], [ -93.383149768929101, 44.870376368268218 ], [ -93.383149786846587, 44.870379068847434 ], [ -93.38315358457605, 44.870379056106195 ], [ -93.383153602493707, 44.87038175668539 ], [ -93.38315740022334, 44.870381743944016 ], [ -93.383157418141153, 44.870384444523218 ], [ -93.383168811330592, 44.870384406298335 ], [ -93.383168829248959, 44.87038710687753 ], [ -93.383172626978947, 44.870387094135666 ], [ -93.383172644897485, 44.870389794714839 ], [ -93.383176442627644, 44.87038978197284 ], [ -93.383176478465103, 44.870395183131222 ], [ -93.383218253500587, 44.870395042960801 ] ] ] } },
{ "type": "Feature", "properties": { }, "geometry": { "type": "Polygon", "coordinates": [ [ [ -93.383448086053832, 44.870118806299899 ], [ -93.383448068122576, 44.870116105720676 ], [ -93.383467056682733, 44.87011604196389 ], [ -93.383467038750595, 44.870113341384673 ], [ -93.3834860273098, 44.870113277624732 ], [ -93.383486009376782, 44.870110577045516 ], [ -93.383497402511736, 44.87011053878804 ], [ -93.383497384578192, 44.870107838208824 ], [ -93.383501182289663, 44.870107825456088 ], [ -93.38350116435592, 44.870105124876851 ], [ -93.383504962067207, 44.87010511212398 ], [ -93.383504944133307, 44.870102411544771 ], [ -93.383508741844409, 44.870102398791779 ], [ -93.383508723910339, 44.870099698212563 ], [ -93.38351252162127, 44.870099685459437 ], [ -93.383512503687001, 44.870096984880227 ], [ -93.383516301397762, 44.870096972126987 ], [ -93.383516104119124, 44.870067265755495 ], [ -93.383512306410324, 44.870067278508721 ], [ -93.383512288476098, 44.870064577929476 ], [ -93.383508490767468, 44.870064590682581 ], [ -93.383508472833412, 44.870061890103344 ], [ -93.383504675124968, 44.870061902856314 ], [ -93.383504657191096, 44.870059202277076 ], [ -93.383451489275046, 44.870059380805436 ], [ -93.383451507206431, 44.870062081384702 ], [ -93.383443911789456, 44.870062106886728 ], [ -93.383443929720471, 44.870064807465987 ], [ -93.383432536594469, 44.870064845718083 ], [ -93.383432554524958, 44.870067546297356 ], [ -93.383424959107245, 44.870067571798138 ], [ -93.383424977037393, 44.870070272377397 ], [ -93.383417381619324, 44.87007029787766 ], [ -93.383417399549117, 44.870072998456926 ], [ -93.383413601839905, 44.87007301120687 ], [ -93.383413619769527, 44.870075711786136 ], [ -93.383409822060116, 44.870075724535951 ], [ -93.383409839989568, 44.870078425115217 ], [ -93.383406042279987, 44.870078437864912 ], [ -93.383406060209268, 44.870081138444185 ], [ -93.383402262499501, 44.870081151193766 ], [ -93.383402459719676, 44.870110857565564 ], [ -93.383406257431389, 44.87011084481599 ], [ -93.383406275360684, 44.870113545395235 ], [ -93.383410073072568, 44.870113532645519 ], [ -93.383410108931528, 44.870118933804001 ], [ -93.383448086053832, 44.870118806299899 ] ] ] } },
{ "type": "Feature", "properties": { }, "geometry": { "type": "Polygon", "coordinates": [ [ [ -93.391423944647599, 44.87075070435089 ], [ -93.391423322291544, 44.870658884753063 ], [ -93.391419524547388, 44.870658897769367 ], [ -93.391419286590818, 44.87062379027568 ], [ -93.391415488848978, 44.870623803291842 ], [ -93.391415470544828, 44.870621102715397 ], [ -93.391411672803144, 44.870621115731431 ], [ -93.391411654499166, 44.870618415154965 ], [ -93.391415452240665, 44.870618402138938 ], [ -93.39141525089515, 44.87058869579792 ], [ -93.391411453155612, 44.870588708813933 ], [ -93.391411361635917, 44.870575205931587 ], [ -93.391407563897246, 44.870575218947472 ], [ -93.391407362556109, 44.870545512606192 ], [ -93.391403564819399, 44.870545525621949 ], [ -93.391403436694603, 44.870526621586492 ], [ -93.391399638959157, 44.870526634602101 ], [ -93.391399547442404, 44.870513131719584 ], [ -93.391395749707826, 44.870513144735078 ], [ -93.391395658192039, 44.870499641852511 ], [ -93.391391860458356, 44.870499654867871 ], [ -93.391391732337595, 44.870480750832236 ], [ -93.391387934605149, 44.870480763847446 ], [ -93.391387897999593, 44.870475362694393 ], [ -93.391384100267501, 44.870475375709489 ], [ -93.391384081964901, 44.870472675132945 ], [ -93.39138028423298, 44.870472688147906 ], [ -93.391380247628163, 44.870467286994845 ], [ -93.391376449896583, 44.870467300009665 ], [ -93.391376413292122, 44.87046189885659 ], [ -93.391372615560897, 44.870461911871296 ], [ -93.391372505748649, 44.870445708412042 ], [ -93.391368708018504, 44.870445721426606 ], [ -93.391368579905574, 44.870426817390744 ], [ -93.391364782176652, 44.870426830405165 ], [ -93.391364708970031, 44.870416028098937 ], [ -93.391360911241819, 44.870416041113231 ], [ -93.391360819734487, 44.870402538230394 ], [ -93.391357022007156, 44.870402551244553 ], [ -93.391356802391968, 44.870370144325612 ], [ -93.391353004666769, 44.870370157339622 ], [ -93.391352913161441, 44.870356654456678 ], [ -93.391349115437137, 44.870356667470567 ], [ -93.391349023932747, 44.870343164587574 ], [ -93.391345226209324, 44.870343177601335 ], [ -93.391345153006569, 44.8703323752949 ], [ -93.391341355283856, 44.87033238830854 ], [ -93.391341336983345, 44.870329687731932 ], [ -93.391337539260803, 44.870329700745437 ], [ -93.391337429458915, 44.870313497285743 ], [ -93.391329834015949, 44.870313523312355 ], [ -93.391329815716006, 44.870310822735725 ], [ -93.391326017994686, 44.870310835748846 ], [ -93.391325999694914, 44.870308135172202 ], [ -93.391314606531509, 44.870308174210784 ], [ -93.391314588232277, 44.870305473634154 ], [ -93.391310790511312, 44.870305486646757 ], [ -93.391310772212265, 44.870302786070127 ], [ -93.391306974491457, 44.870302799082616 ], [ -93.391306956192594, 44.870300098505972 ], [ -93.391303158471985, 44.870300111518333 ], [ -93.391303121874586, 44.870294710365052 ], [ -93.391299324154332, 44.87029472337727 ], [ -93.39129930585581, 44.870292022800633 ], [ -93.391303103575893, 44.870292009788407 ], [ -93.391303085277215, 44.870289309211771 ], [ -93.391306882997114, 44.870289296199424 ], [ -93.391306700008585, 44.870262290432947 ], [ -93.391302902290462, 44.87026230344528 ], [ -93.391302829095835, 44.87025150113864 ], [ -93.391299031378409, 44.870251514150844 ], [ -93.391298976483, 44.870243412420862 ], [ -93.391295178766129, 44.870243425432925 ], [ -93.39129514216954, 44.870238024279601 ], [ -93.391291344453009, 44.870238037291536 ], [ -93.391291271260613, 44.870227234984846 ], [ -93.391287473544793, 44.870227247996652 ], [ -93.391287436948957, 44.870221846843307 ], [ -93.391283639233478, 44.870221859855 ], [ -93.39128356604256, 44.870211057548246 ], [ -93.391279768327792, 44.870211070559805 ], [ -93.391279713435154, 44.870202968829737 ], [ -93.391275915720925, 44.87020298184116 ], [ -93.391275879126198, 44.87019758068778 ], [ -93.391272081412325, 44.870197593699068 ], [ -93.391272008223623, 44.870186791392271 ], [ -93.391268210510447, 44.870186804403431 ], [ -93.391268137322498, 44.870176002096628 ], [ -93.391264339610046, 44.87017601510766 ], [ -93.391264284719625, 44.870167913377514 ], [ -93.391260487007685, 44.870167926388419 ], [ -93.39126039552464, 44.870154423504829 ], [ -93.39125659781358, 44.870154436515605 ], [ -93.391256579517162, 44.870151735938883 ], [ -93.391252781806273, 44.870151748949517 ], [ -93.391252726917543, 44.870143647219344 ], [ -93.391248929207194, 44.870143660229857 ], [ -93.391248856022969, 44.870132857922933 ], [ -93.391245058313331, 44.870132870933311 ], [ -93.391245040017466, 44.870130170356575 ], [ -93.391241242307984, 44.870130183366825 ], [ -93.391241224012305, 44.870127482790089 ], [ -93.391237426303007, 44.870127495800219 ], [ -93.391237408007498, 44.870124795223475 ], [ -93.391233610298372, 44.870124808233477 ], [ -93.391233573707723, 44.870119407079983 ], [ -93.391229775998966, 44.87011942008985 ], [ -93.391229757703798, 44.870116719513113 ], [ -93.391225959995211, 44.870116732522852 ], [ -93.391225923405273, 44.870111331369351 ], [ -93.391222125697055, 44.870111344378969 ], [ -93.391222107402257, 44.870108643802212 ], [ -93.391218309694196, 44.870108656811709 ], [ -93.391218108453671, 44.870078950467295 ], [ -93.391210513041457, 44.870078976485878 ], [ -93.391210494747213, 44.870076275909106 ], [ -93.39120289933534, 44.870076301927163 ], [ -93.39120288104148, 44.870073601350391 ], [ -93.391199083335707, 44.870073614359228 ], [ -93.391199065042031, 44.870070913782449 ], [ -93.391195267336442, 44.870070926791165 ], [ -93.391195249042937, 44.870068226214386 ], [ -93.391187653632102, 44.870068252231427 ], [ -93.391187635338952, 44.870065551654626 ], [ -93.391183837633719, 44.870065564662966 ], [ -93.391183819340739, 44.870062864086172 ], [ -93.391180021635677, 44.870062877094377 ], [ -93.391180003342896, 44.870060176517597 ], [ -93.391172407933098, 44.870060202533615 ], [ -93.391172389640673, 44.870057501956829 ], [ -93.391168591935951, 44.87005751496465 ], [ -93.391168573643697, 44.870054814387856 ], [ -93.39116477593916, 44.870054827395549 ], [ -93.39116475764709, 44.870052126818734 ], [ -93.391160959942724, 44.870052139826299 ], [ -93.391160795315812, 44.870027834635053 ], [ -93.391107627476742, 44.870028016727574 ], [ -93.391107645766127, 44.870030717304402 ], [ -93.391103848063139, 44.870030730310063 ], [ -93.391103866352353, 44.870033430886892 ], [ -93.391092473242836, 44.870033469903127 ], [ -93.391092656129715, 44.870060475671387 ], [ -93.391096453834678, 44.870060462666082 ], [ -93.39109647212355, 44.870063163242904 ], [ -93.391100269828669, 44.870063150237478 ], [ -93.391100288117741, 44.870065850814292 ], [ -93.391104085823031, 44.870065837808738 ], [ -93.391104158980013, 44.870076640115983 ], [ -93.391107956686014, 44.870076627110286 ], [ -93.391107974975441, 44.870079327687101 ], [ -93.391111772681626, 44.870079314681291 ], [ -93.391111790971237, 44.870082015258106 ], [ -93.391115588677593, 44.870082002252161 ], [ -93.391115625257171, 44.870087403405755 ], [ -93.391119422963882, 44.870087390399696 ], [ -93.391119514413774, 44.870100893283656 ], [ -93.391123312121366, 44.870100880277462 ], [ -93.391123330411517, 44.870103580854256 ], [ -93.391127128119294, 44.870103567847927 ], [ -93.391127201280668, 44.870114370155065 ], [ -93.391130998989155, 44.870114357148609 ], [ -93.391131035570211, 44.870119758302167 ], [ -93.39113483327904, 44.870119745295575 ], [ -93.391134888151186, 44.870127847025913 ], [ -93.391138685860554, 44.870127834019186 ], [ -93.391138740733254, 44.870135935749502 ], [ -93.391142538443148, 44.870135922742662 ], [ -93.391142593316403, 44.870144024472943 ], [ -93.391146391026822, 44.870144011465968 ], [ -93.391146445900631, 44.870152113196255 ], [ -93.391150243611577, 44.870152100189145 ], [ -93.391150298485954, 44.870160201919404 ], [ -93.39115409619744, 44.87016018891218 ], [ -93.391154151072371, 44.870168290642418 ], [ -93.391157948784368, 44.870168277635052 ], [ -93.391158003659854, 44.870176379365297 ], [ -93.391161801372391, 44.870176366357796 ], [ -93.391161856248445, 44.87018446808802 ], [ -93.391165653961494, 44.870184455080391 ], [ -93.391165708838102, 44.870192556810593 ], [ -93.391169506551705, 44.870192543802837 ], [ -93.391169543136456, 44.870197944956296 ], [ -93.391173340850415, 44.870197931948418 ], [ -93.391173395728117, 44.870206033678592 ], [ -93.391177193442601, 44.870206020670587 ], [ -93.39117726661361, 44.870216822977454 ], [ -93.391181064328791, 44.870216809969314 ], [ -93.391181100914679, 44.870222211122744 ], [ -93.391184898630229, 44.870222198114476 ], [ -93.39118495350958, 44.8702302998446 ], [ -93.39118875122567, 44.870230286836197 ], [ -93.391188806105589, 44.8702383885663 ], [ -93.391192603822191, 44.870238375557783 ], [ -93.391192658702664, 44.870246477287886 ], [ -93.391196456419806, 44.870246464279205 ], [ -93.391196511300834, 44.870254566009294 ], [ -93.391200309018501, 44.870254553000485 ], [ -93.391200382193958, 44.870265355307254 ], [ -93.391204179912336, 44.870265342298332 ], [ -93.391204216500427, 44.870270743451705 ], [ -93.391208014219146, 44.870270730442641 ], [ -93.391208069101864, 44.870278832172694 ], [ -93.391211866821124, 44.870278819163502 ], [ -93.391211921704382, 44.870286920893527 ], [ -93.391215719424153, 44.870286907884221 ], [ -93.391215774307966, 44.870295009614217 ], [ -93.391219572028291, 44.870294996604784 ], [ -93.391219645207457, 44.870305798911431 ], [ -93.391223442928478, 44.870305785901863 ], [ -93.391223516108383, 44.870316588208489 ], [ -93.391227313830129, 44.870316575198785 ], [ -93.391227387010787, 44.870327377505397 ], [ -93.391231184733229, 44.870327364495552 ], [ -93.391231239619287, 44.870335466225484 ], [ -93.391235037342256, 44.870335453215517 ], [ -93.39123511052442, 44.87034625552208 ], [ -93.391238908248084, 44.870346242511978 ], [ -93.39123896313528, 44.870354344241882 ], [ -93.391242760859484, 44.87035433123166 ], [ -93.391242834043126, 44.870365133538172 ], [ -93.391246631768055, 44.870365120527822 ], [ -93.391246686656345, 44.870373222257676 ], [ -93.3912504843818, 44.870373209247184 ], [ -93.391250557566934, 44.870384011553661 ], [ -93.3912543552931, 44.870383998543041 ], [ -93.391254428478987, 44.870394800849482 ], [ -93.391258226205849, 44.870394787838734 ], [ -93.391258281095844, 44.870402889568531 ], [ -93.391262078823218, 44.870402876557655 ], [ -93.391262152010611, 44.870413678864047 ], [ -93.39126594973871, 44.87041366585305 ], [ -93.391266022926843, 44.870424468159413 ], [ -93.391269820655666, 44.870424455148267 ], [ -93.39126991214178, 44.870437958031189 ], [ -93.39127370987147, 44.87043794501993 ], [ -93.39127376476371, 44.87044604674967 ], [ -93.39127756249394, 44.870446033738261 ], [ -93.391277635684332, 44.870456836044546 ], [ -93.391281433415259, 44.87045682303301 ], [ -93.391281524904201, 44.870470325915839 ], [ -93.391285322636023, 44.870470312904175 ], [ -93.391285359231972, 44.870475714057307 ], [ -93.391289156964135, 44.8704757010455 ], [ -93.391289175262287, 44.870478401622059 ], [ -93.391292972994634, 44.870478388610138 ], [ -93.391293338961859, 44.870532400141002 ], [ -93.391297136697759, 44.870532387128925 ], [ -93.391297154996309, 44.870535087705449 ], [ -93.391300952732379, 44.870535074693237 ], [ -93.391301117421193, 44.870559379881939 ], [ -93.391346690272968, 44.870559223725486 ], [ -93.391346708573863, 44.870561924301988 ], [ -93.391350506311667, 44.870561911288128 ], [ -93.391350524612761, 44.870564611864623 ], [ -93.39135432235075, 44.870564598850642 ], [ -93.391354450459616, 44.870583502886078 ], [ -93.391369641416503, 44.870583450828825 ], [ -93.391369659718492, 44.87058615140532 ], [ -93.391373457457888, 44.870586138390692 ], [ -93.391373475760048, 44.870588838967159 ], [ -93.391377273499614, 44.87058882595241 ], [ -93.39137745652323, 44.87061583171711 ], [ -93.391381254264573, 44.87061581870222 ], [ -93.391381272567116, 44.870618519278679 ], [ -93.391377474825603, 44.87061853229357 ], [ -93.391377493127976, 44.870621232870043 ], [ -93.391373695386278, 44.870621245884813 ], [ -93.391373713688481, 44.870623946461258 ], [ -93.391362320462832, 44.870623985504821 ], [ -93.39136254008308, 44.870656392422305 ], [ -93.391366337827094, 44.87065637940789 ], [ -93.391366594053665, 44.870694187478037 ], [ -93.391370391800152, 44.870694174463488 ], [ -93.391370776144683, 44.87075088656821 ], [ -93.391423944647599, 44.87075070435089 ] ] ] } },
{ "type": "Feature", "properties": { }, "geometry": { "type": "Polygon", "coordinates": [ [ [ -93.382011728908168, 44.86999939050505 ], [ -93.382011621724104, 44.869983187026591 ], [ -93.382015419428043, 44.869983174323288 ], [ -93.382015401563862, 44.869980473743531 ], [ -93.382019199267617, 44.869980461040093 ], [ -93.382019181403265, 44.869977760460351 ], [ -93.382022979106836, 44.869977747756792 ], [ -93.382022961242313, 44.86997504717705 ], [ -93.382026758945699, 44.869975034473363 ], [ -93.382026723216299, 44.869969633313858 ], [ -93.382030520919344, 44.869969620610057 ], [ -93.382030449459847, 44.869958818291046 ], [ -93.382034247162167, 44.869958805587117 ], [ -93.382034229297119, 44.869956105007383 ], [ -93.382038026999268, 44.869956092303319 ], [ -93.382037937673203, 44.869942589404523 ], [ -93.382041735374457, 44.869942576700353 ], [ -93.382041717509068, 44.869939876120604 ], [ -93.382045515210137, 44.869939863416292 ], [ -93.382045497344578, 44.869937162836536 ], [ -93.382049295045462, 44.869937150132117 ], [ -93.382049080656842, 44.869904743174914 ], [ -93.382045282958074, 44.869904755879325 ], [ -93.382045086437415, 44.869875049501722 ], [ -93.382048884134235, 44.869875036797332 ], [ -93.382048866268548, 44.86987233621754 ], [ -93.382052663965183, 44.869872323513007 ], [ -93.382052646099325, 44.86986962293323 ], [ -93.382056443795776, 44.869869610228584 ], [ -93.382056247269617, 44.869839903850824 ], [ -93.382052449575141, 44.869839916555463 ], [ -93.382052431709312, 44.869837215975657 ], [ -93.382014454765994, 44.869837343015043 ], [ -93.382014472630033, 44.869840043594856 ], [ -93.382010674935529, 44.869840056298109 ], [ -93.382010692799383, 44.869842756877929 ], [ -93.381984108936422, 44.869842845797109 ], [ -93.381984126799054, 44.869845546376929 ], [ -93.381976531409251, 44.869845571781276 ], [ -93.381976549271528, 44.869848272361104 ], [ -93.381972751576455, 44.869848285063092 ], [ -93.381972769438548, 44.86985098564292 ], [ -93.381968971743277, 44.869850998344774 ], [ -93.381969025329084, 44.869859100084248 ], [ -93.381965227633273, 44.869859112785981 ], [ -93.381965245495039, 44.869861813365802 ], [ -93.381961447799057, 44.869861826067414 ], [ -93.381961501383813, 44.869869927806889 ], [ -93.381957703687306, 44.869869940508373 ], [ -93.381957721548716, 44.869872641088186 ], [ -93.381953923852024, 44.86987265378955 ], [ -93.381953941713263, 44.869875354369377 ], [ -93.381923560138219, 44.869875455975745 ], [ -93.381923577998037, 44.869878156555572 ], [ -93.381900791815582, 44.869878232755063 ], [ -93.381900809674335, 44.869880933334905 ], [ -93.381897011977074, 44.869880946034378 ], [ -93.38189702983567, 44.86988364661422 ], [ -93.381893232138211, 44.869883659313558 ], [ -93.381893249996622, 44.8698863598934 ], [ -93.381889452299006, 44.869886372592617 ], [ -93.381889613023176, 44.869910677811063 ], [ -93.381893410722384, 44.869910665111824 ], [ -93.38189344643925, 44.869916066271465 ], [ -93.381889648739673, 44.869916078970704 ], [ -93.381889666597928, 44.869918779550524 ], [ -93.381885868898181, 44.869918792249635 ], [ -93.381885886756251, 44.869921492829448 ], [ -93.381836516656904, 44.869921657906431 ], [ -93.381836730926395, 44.869954064864331 ], [ -93.38184432633058, 44.869954039469228 ], [ -93.381844344186746, 44.869956740049055 ], [ -93.381848141889023, 44.869956727351308 ], [ -93.38184815974536, 44.869959427931121 ], [ -93.381851957447807, 44.869959415233247 ], [ -93.381852011017372, 44.869967516972672 ], [ -93.381855808720346, 44.86996750427469 ], [ -93.381855844433773, 44.869972905434295 ], [ -93.381859642137101, 44.869972892736165 ], [ -93.381859659993992, 44.869975593315964 ], [ -93.381863457697492, 44.869975580617705 ], [ -93.381863475554553, 44.869978281197504 ], [ -93.381867273258237, 44.869978268499118 ], [ -93.38186732682999, 44.869986370238507 ], [ -93.381882517646801, 44.869986319443711 ], [ -93.381882535504786, 44.869989020023496 ], [ -93.381928107957123, 44.869988867626958 ], [ -93.381928125817211, 44.869991568206743 ], [ -93.381931923521748, 44.869991555506203 ], [ -93.381931941382021, 44.869994256085967 ], [ -93.381935739086728, 44.869994243385307 ], [ -93.381935756947172, 44.86999694396507 ], [ -93.381954745471518, 44.869996880459873 ], [ -93.381954763332871, 44.869999581039636 ], [ -93.382011728908168, 44.86999939050505 ] ], [ [ -93.38192020893311, 44.869942983171292 ], [ -93.381916411231771, 44.869942995871426 ], [ -93.381916393372251, 44.869940295291627 ], [ -93.381912595671096, 44.869940307991641 ], [ -93.381912577811747, 44.869937607411835 ], [ -93.381908780110777, 44.86993762011172 ], [ -93.381908762251598, 44.869934919531914 ], [ -93.381904964550785, 44.869934932231658 ], [ -93.381904946691805, 44.869932231651866 ], [ -93.381901148991176, 44.869932244351482 ], [ -93.381901113273571, 44.869926843191855 ], [ -93.381904910973844, 44.86992683049224 ], [ -93.381904893114864, 44.869924129912434 ], [ -93.381908690814967, 44.869924117212697 ], [ -93.381908672955817, 44.86992141663287 ], [ -93.381935256855201, 44.86992132773112 ], [ -93.381935274715588, 44.869924028310933 ], [ -93.381939072415662, 44.869924015610174 ], [ -93.381939090276248, 44.869926716189966 ], [ -93.381942887976493, 44.869926703489078 ], [ -93.381942905837249, 44.869929404068884 ], [ -93.381939108136805, 44.869929416769757 ], [ -93.381939125997391, 44.86993211734957 ], [ -93.381935328296791, 44.86993213005033 ], [ -93.381935346157192, 44.869934830630122 ], [ -93.381927750755608, 44.869934856031264 ], [ -93.381927768615654, 44.869937556611056 ], [ -93.381923970914684, 44.869937569311439 ], [ -93.38192398877456, 44.869940269891245 ], [ -93.381920191073405, 44.8699402825915 ], [ -93.38192020893311, 44.869942983171292 ] ], [ [ -93.381992186627329, 44.869915736046963 ], [ -93.381984591228303, 44.869915761451885 ], [ -93.3819845733656, 44.869913060872094 ], [ -93.381980775666264, 44.869913073574367 ], [ -93.381980757803746, 44.869910372994575 ], [ -93.381976960104595, 44.869910385696706 ], [ -93.381976924379927, 44.869904984537108 ], [ -93.381980722078737, 44.869904971834984 ], [ -93.381980704216232, 44.869902271255178 ], [ -93.381984501914843, 44.869902258552919 ], [ -93.381984484052168, 44.869899557973127 ], [ -93.381988281750608, 44.869899545270748 ], [ -93.381988299613468, 44.869902245850533 ], [ -93.381992097312107, 44.869902233148025 ], [ -93.381992115175137, 44.869904933727817 ], [ -93.381995912873933, 44.869904921025167 ], [ -93.381995930737162, 44.869907621604959 ], [ -93.381999728436128, 44.869907608902189 ], [ -93.381999746299527, 44.86991030948198 ], [ -93.381995948600377, 44.869910322184751 ], [ -93.381995966463606, 44.869913022764528 ], [ -93.38199216876427, 44.869913035467178 ], [ -93.381992186627329, 44.869915736046963 ] ] ] } },
{ "type": "Feature", "properties": { }, "geometry": { "type": "Polygon", "coordinates": [ [ [ -93.383912870755481, 44.869766161674683 ], [ -93.383912852802709, 44.869763461095438 ], [ -93.383916650491344, 44.869763448328953 ], [ -93.383916632538401, 44.869760747749702 ], [ -93.383920430226866, 44.869760734983103 ], [ -93.383920394320626, 44.8697553338246 ], [ -93.38392419200872, 44.869755321057873 ], [ -93.383923994522632, 44.869725614685997 ], [ -93.38392019683647, 44.869725627452709 ], [ -93.383920160930302, 44.869720226294177 ], [ -93.383916363244509, 44.869720239060761 ], [ -93.383916345291595, 44.869717538481488 ], [ -93.383912547605959, 44.869717551247952 ], [ -93.383912511700515, 44.869712150089399 ], [ -93.383908714015249, 44.869712162855734 ], [ -93.383908696062704, 44.869709462276447 ], [ -93.383904898377608, 44.869709475042654 ], [ -93.383904880425249, 44.869706774463381 ], [ -93.383901082740323, 44.869706787229461 ], [ -93.383901046835959, 44.869701386070879 ], [ -93.383897249151389, 44.869701398836831 ], [ -93.383897231199384, 44.869698698257537 ], [ -93.383893433514999, 44.869698711023361 ], [ -93.383893415563179, 44.869696010444073 ], [ -93.38388961787895, 44.869696023209777 ], [ -93.383889599927315, 44.869693322630475 ], [ -93.38388200455924, 44.869693348161483 ], [ -93.38388198660796, 44.869690647582189 ], [ -93.383878188924086, 44.869690660347501 ], [ -93.383878170972977, 44.8696879597682 ], [ -93.383836396452196, 44.869688100178287 ], [ -93.383836414401344, 44.869690800757596 ], [ -93.383828819033539, 44.869690826285073 ], [ -93.383828836982346, 44.869693526864381 ], [ -93.383825039298259, 44.869693539627932 ], [ -93.383825218784594, 44.869720545420996 ], [ -93.383829016470443, 44.869720532657439 ], [ -93.383829034419264, 44.869723233236748 ], [ -93.383836629791332, 44.869723207709249 ], [ -93.383836647740523, 44.869725908288537 ], [ -93.383844243112932, 44.869725882760534 ], [ -93.383844261062478, 44.869728583339828 ], [ -93.383851856435228, 44.869728557811328 ], [ -93.383851874385115, 44.869731258390608 ], [ -93.383859469758235, 44.869731232861582 ], [ -93.383859487708477, 44.869733933440877 ], [ -93.383863285395208, 44.869733920676161 ], [ -93.383863303345649, 44.869736621255448 ], [ -93.383867101032536, 44.869736608490619 ], [ -93.383867118983162, 44.869739309069899 ], [ -93.383870916670219, 44.86973929630495 ], [ -93.383870952571812, 44.869744697463503 ], [ -93.383874750259238, 44.869744684698418 ], [ -93.383874786161201, 44.869750085856964 ], [ -93.383878583848983, 44.869750073091751 ], [ -93.383878691555992, 44.869766276567354 ], [ -93.383912870755481, 44.869766161674683 ] ] ] } },
{ "type": "Feature", "properties": { }, "geometry": { "type": "Polygon", "coordinates": [ [ [ -93.388880263744852, 44.869752055751015 ], [ -93.388879972784409, 44.869708846508018 ], [ -93.388876175101572, 44.869708859439534 ], [ -93.388876084177454, 44.86969535655102 ], [ -93.388872286495513, 44.869695369482407 ], [ -93.388872268310863, 44.869692668904705 ], [ -93.388868470629106, 44.86969268183595 ], [ -93.38886845244464, 44.869689981258247 ], [ -93.388864654763054, 44.869689994189372 ], [ -93.388864636578774, 44.869687293611669 ], [ -93.388868434260189, 44.869687280680544 ], [ -93.388868270600184, 44.869662975481091 ], [ -93.388864472920375, 44.869662988412202 ], [ -93.388864454736122, 44.869660287834471 ], [ -93.388860657056483, 44.86966030076546 ], [ -93.388860638872416, 44.869657600187736 ], [ -93.388826459757112, 44.86965771656093 ], [ -93.38882651430454, 44.869665818294131 ], [ -93.388822716624517, 44.869665831223855 ], [ -93.388822898447685, 44.869692837001146 ], [ -93.388826696129485, 44.869692824071421 ], [ -93.388826714311989, 44.869695524649131 ], [ -93.388822916630005, 44.86969553757887 ], [ -93.388822934812339, 44.869698238156595 ], [ -93.388819137130199, 44.869698251086206 ], [ -93.388819318951874, 44.869725256863376 ], [ -93.38882311663582, 44.869725243933743 ], [ -93.388823134818168, 44.869727944511446 ], [ -93.388826932502283, 44.869727931581693 ], [ -93.38882695068483, 44.869730632159396 ], [ -93.388830748369102, 44.869730619229522 ], [ -93.388830821100015, 44.869741421540319 ], [ -93.388834618785012, 44.869741408610317 ], [ -93.388834691516664, 44.869752210921071 ], [ -93.388880263744852, 44.869752055751015 ] ] ] } },
{ "type": "Feature", "properties": { }, "geometry": { "type": "Polygon", "coordinates": [ [ [ -93.390728387061102, 44.870107633399705 ], [ -93.390728350517719, 44.870102232245877 ], [ -93.390732148225581, 44.870102219252672 ], [ -93.390732129953705, 44.870099518675765 ], [ -93.390735927661396, 44.870099505682447 ], [ -93.390735909389349, 44.870096805105533 ], [ -93.390739707096841, 44.870096792112086 ], [ -93.390739688824624, 44.870094091535165 ], [ -93.390747284239268, 44.87009406554791 ], [ -93.390747156331315, 44.870075161509476 ], [ -93.390750954037401, 44.87007514851566 ], [ -93.390750935764657, 44.870072447938746 ], [ -93.390754733470544, 44.870072434944802 ], [ -93.390754715197644, 44.870069734367888 ], [ -93.390758512903361, 44.870069721373824 ], [ -93.390758494630276, 44.870067020796888 ], [ -93.390762292335808, 44.870067007802703 ], [ -93.390762274062553, 44.870064307225782 ], [ -93.390766071767899, 44.870064294231469 ], [ -93.390765980400772, 44.870050791346841 ], [ -93.390769778105238, 44.8700507783524 ], [ -93.390769723284464, 44.87004267662163 ], [ -93.390773520988375, 44.870042663627075 ], [ -93.390773502714609, 44.870039963050139 ], [ -93.390777300418364, 44.87003995005545 ], [ -93.390777282144427, 44.870037249478528 ], [ -93.390781079847983, 44.870037236483718 ], [ -93.390781061573875, 44.870034535906797 ], [ -93.390784859277247, 44.870034522911858 ], [ -93.390784841002969, 44.87003182233493 ], [ -93.390815222628532, 44.87003171837096 ], [ -93.390815240904246, 44.870034418947867 ], [ -93.39085701564106, 44.870034275984189 ], [ -93.390857033918735, 44.870036976561096 ], [ -93.390891213250242, 44.870036859579443 ], [ -93.390891030457695, 44.870009853810416 ], [ -93.390872041949109, 44.870009918801429 ], [ -93.390872023670752, 44.870007218224522 ], [ -93.390864428267648, 44.870007244220041 ], [ -93.390864409989661, 44.870004543643127 ], [ -93.390834028378563, 44.870004647620142 ], [ -93.390834010101997, 44.870001947043214 ], [ -93.390826414699561, 44.870001973036196 ], [ -93.39082639642335, 44.869999272459253 ], [ -93.390822598722295, 44.869999285455556 ], [ -93.390822580446269, 44.869996584878628 ], [ -93.390818782745399, 44.869996597874803 ], [ -93.390818764469543, 44.869993897297867 ], [ -93.390814966768843, 44.869993910293914 ], [ -93.390814948493158, 44.869991209716986 ], [ -93.390803555391599, 44.869991248704366 ], [ -93.390803537116469, 44.869988548127409 ], [ -93.39079973941611, 44.869988561122945 ], [ -93.39079972114115, 44.869985860546016 ], [ -93.390795923440962, 44.86998587354141 ], [ -93.390795850341888, 44.869975071233611 ], [ -93.390792052642411, 44.869975084228884 ], [ -93.39079203436782, 44.869972383651934 ], [ -93.39077684357062, 44.869972435631787 ], [ -93.390776825296754, 44.869969735054838 ], [ -93.390773027597618, 44.869969748049485 ], [ -93.390773009323937, 44.869967047472521 ], [ -93.390769211624985, 44.86996706046704 ], [ -93.39076919335146, 44.869964359890069 ], [ -93.390765395652679, 44.869964372884461 ], [ -93.390765377379338, 44.86996167230749 ], [ -93.390761579680742, 44.86996168530176 ], [ -93.390761543134445, 44.869956284147811 ], [ -93.39075774543619, 44.869956297141947 ], [ -93.390757727163219, 44.869953596564969 ], [ -93.390753929465134, 44.869953609558983 ], [ -93.390753911192348, 44.869950908981998 ], [ -93.390750113494448, 44.869950921975871 ], [ -93.390750040404015, 44.869940119667952 ], [ -93.390746242706825, 44.869940132661689 ], [ -93.390746206161978, 44.869934731507712 ], [ -93.390738610768295, 44.869934757494832 ], [ -93.390738592496234, 44.86993205691784 ], [ -93.39073479479957, 44.869932069911215 ], [ -93.39073477652768, 44.869929369334209 ], [ -93.390730978831186, 44.869929382327449 ], [ -93.39073096055948, 44.869926681750457 ], [ -93.390727162863172, 44.869926694743576 ], [ -93.390727016691045, 44.869905090127524 ], [ -93.39071562360634, 44.86990512910608 ], [ -93.390715605335373, 44.86990242852908 ], [ -93.390692819166958, 44.869902506482759 ], [ -93.390692800897057, 44.869899805905725 ], [ -93.390685205507921, 44.869899831889278 ], [ -93.390685187238375, 44.869897131312257 ], [ -93.390677591849581, 44.869897157295298 ], [ -93.390677573580405, 44.869894456718264 ], [ -93.390666180497718, 44.869894495691888 ], [ -93.390666162229067, 44.869891795114846 ], [ -93.390658566840955, 44.869891821096616 ], [ -93.390658548572674, 44.869889120519588 ], [ -93.390654750878795, 44.869889133510277 ], [ -93.390654732610685, 44.869886432933235 ], [ -93.390643339529561, 44.869886471904572 ], [ -93.390643321261976, 44.869883771327515 ], [ -93.390635725874901, 44.869883797307772 ], [ -93.390635707607672, 44.869881096730722 ], [ -93.390624314527585, 44.869881135700147 ], [ -93.390624296260896, 44.869878435123098 ], [ -93.390616700874503, 44.869878461102083 ], [ -93.390616682608183, 44.869875760525012 ], [ -93.390612884915171, 44.869875773514316 ], [ -93.390612866649022, 44.869873072937267 ], [ -93.390605271263325, 44.869873098915484 ], [ -93.390605252997531, 44.869870398338421 ], [ -93.390601455304861, 44.869870411327341 ], [ -93.390601437039251, 44.86986771075027 ], [ -93.390597639346751, 44.86986772373907 ], [ -93.390597621081326, 44.869865023161985 ], [ -93.390590025696682, 44.869865049139193 ], [ -93.390590007431598, 44.869862348562116 ], [ -93.390586209739453, 44.869862361550531 ], [ -93.390586191474569, 44.869859660973454 ], [ -93.39058239378258, 44.869859673961741 ], [ -93.39058237551788, 44.869856973384664 ], [ -93.390574780134273, 44.869856999360849 ], [ -93.390574761869928, 44.869854298783771 ], [ -93.390570964178295, 44.869854311771668 ], [ -93.390570945914121, 44.869851611194591 ], [ -93.390567148222672, 44.86985162418236 ], [ -93.390567129958669, 44.869848923605268 ], [ -93.390563332267405, 44.869848936592909 ], [ -93.390563314003586, 44.869846236015832 ], [ -93.390559516312479, 44.869846249003345 ], [ -93.390559498048844, 44.86984354842626 ], [ -93.390555700357922, 44.869843561413653 ], [ -93.390555682094472, 44.869840860836561 ], [ -93.39055188440372, 44.869840873823833 ], [ -93.390551866140441, 44.869838173246727 ], [ -93.390544270759278, 44.869838199220872 ], [ -93.390544252496369, 44.869835498643774 ], [ -93.390506275592202, 44.869835628506934 ], [ -93.390506293853335, 44.869838329084047 ], [ -93.390502496162725, 44.869838342069677 ], [ -93.390502514423702, 44.86984104264679 ], [ -93.390498716732893, 44.869841055632293 ], [ -93.390498734993699, 44.869843756209399 ], [ -93.39049113961174, 44.869843782180013 ], [ -93.390491157872191, 44.869846482757133 ], [ -93.390479764798727, 44.869846521712113 ], [ -93.390479746538816, 44.869843821134999 ], [ -93.390468353465863, 44.869843860088842 ], [ -93.390468335206492, 44.869841159511722 ], [ -93.390464537515683, 44.869841172496081 ], [ -93.390464519256497, 44.86983847191896 ], [ -93.390460721565859, 44.869838484903184 ], [ -93.390460703306857, 44.869835784326057 ], [ -93.390456905616389, 44.869835797310166 ], [ -93.390456850839911, 44.869827695578763 ], [ -93.390460648529839, 44.869827682594668 ], [ -93.390460630270852, 44.869824982017519 ], [ -93.390464427960595, 44.869824969033289 ], [ -93.390464409701423, 44.869822268456169 ], [ -93.390468207390995, 44.869822255471817 ], [ -93.390468189131639, 44.869819554894683 ], [ -93.390475784510414, 44.869819528925596 ], [ -93.390475766250717, 44.869816828348469 ], [ -93.39047956393992, 44.869816815363741 ], [ -93.390479545680051, 44.869814114786614 ], [ -93.39048334336907, 44.869814101801758 ], [ -93.390483325109031, 44.869811401224609 ], [ -93.390487122797865, 44.869811388239633 ], [ -93.390487104537641, 44.869808687662506 ], [ -93.390494699914967, 44.869808661692161 ], [ -93.390494681654388, 44.869805961115048 ], [ -93.390506074719838, 44.869805922158591 ], [ -93.390506056458719, 44.869803221581464 ], [ -93.390509854147027, 44.869803208595734 ], [ -93.390509835885737, 44.869800508018599 ], [ -93.390525026638201, 44.869800456074422 ], [ -93.39052482575643, 44.869770749725951 ], [ -93.390509635011796, 44.869770801670086 ], [ -93.390509616750549, 44.869768101092951 ], [ -93.390505819064543, 44.869768114078653 ], [ -93.390505800803481, 44.869765413501518 ], [ -93.390502003117675, 44.869765426487099 ], [ -93.390501948335, 44.869757324755646 ], [ -93.390494352964438, 44.869757350726438 ], [ -93.390494334703902, 44.869754650149282 ], [ -93.390490537018792, 44.869754663134493 ], [ -93.39049051875844, 44.869751962557338 ], [ -93.390486721073501, 44.869751975542414 ], [ -93.390486684553167, 44.869746574388095 ], [ -93.390482886868583, 44.869746587373044 ], [ -93.390482868608601, 44.869743886795874 ], [ -93.390479070924187, 44.869743899780694 ], [ -93.390479052664375, 44.869741199203531 ], [ -93.390475254980146, 44.869741212188217 ], [ -93.390475072384007, 44.869714206416468 ], [ -93.390478870066474, 44.869714193431776 ], [ -93.390478851806691, 44.869711492854606 ], [ -93.390482649488959, 44.869711479869792 ], [ -93.39048263122902, 44.869708779292615 ], [ -93.390486428911117, 44.869708766307681 ], [ -93.390486228049852, 44.869679059958607 ], [ -93.3904748350094, 44.869679098912975 ], [ -93.39047481674983, 44.869676398335777 ], [ -93.390471019069864, 44.869676411320313 ], [ -93.390471000810479, 44.869673710743122 ], [ -93.390436821692191, 44.869673827598284 ], [ -93.390436803434412, 44.869671127021071 ], [ -93.390433005754758, 44.869671140004343 ], [ -93.390432987497149, 44.86966843942713 ], [ -93.390429189817695, 44.869668452410274 ], [ -93.390429171560257, 44.869665751833061 ], [ -93.390425373880959, 44.869665764816077 ], [ -93.390425300851987, 44.869654962507184 ], [ -93.390429098530575, 44.869654949524161 ], [ -93.390429062015755, 44.869649548369715 ], [ -93.390432859693988, 44.869649535386571 ], [ -93.390432841436393, 44.869646834809338 ], [ -93.390436639114441, 44.86964682182608 ], [ -93.39043662085669, 44.869644121248861 ], [ -93.390459406923853, 44.869644043346632 ], [ -93.39045920607694, 44.869614336997124 ], [ -93.390451610725137, 44.869614362965009 ], [ -93.390451592466704, 44.869611662387776 ], [ -93.390447794790958, 44.86961167537153 ], [ -93.39044777653271, 44.869608974794282 ], [ -93.390443978857149, 44.869608987777902 ], [ -93.390443887566789, 44.869595484891668 ], [ -93.390440089892124, 44.869595497875174 ], [ -93.390440035118459, 44.869587396143409 ], [ -93.390417249073593, 44.869587474041708 ], [ -93.39041723081678, 44.869584773464439 ], [ -93.390409635468828, 44.869584799429525 ], [ -93.39040961721237, 44.869582098852256 ], [ -93.390405819538572, 44.86958211183461 ], [ -93.390405801282284, 44.869579411257341 ], [ -93.390402003608656, 44.869579424239554 ], [ -93.390401821047803, 44.869552418466796 ], [ -93.39035624898537, 44.869552574243471 ], [ -93.390356267239312, 44.869555274820769 ], [ -93.390341076551039, 44.869555326742294 ], [ -93.39034109480427, 44.869558027319592 ], [ -93.390325904115258, 44.869558079239113 ], [ -93.390325885862737, 44.869555378661801 ], [ -93.390322088190644, 44.869555391641349 ], [ -93.390322069938307, 44.869552691064044 ], [ -93.390310676922567, 44.869552730001956 ], [ -93.390310658670757, 44.869550029424659 ], [ -93.390268884281483, 44.869550172187289 ], [ -93.390269066780178, 44.869577177960487 ], [ -93.390288055147835, 44.869577113070207 ], [ -93.390288073398608, 44.869579813647519 ], [ -93.390291871072321, 44.869579800669079 ], [ -93.390291889323279, 44.869582501246384 ], [ -93.390295686997149, 44.869582488267845 ], [ -93.390295741750549, 44.869590589999731 ], [ -93.390299539424973, 44.869590577021043 ], [ -93.390299594178913, 44.869598678752943 ], [ -93.390310987203719, 44.869598639816097 ], [ -93.390311005455587, 44.86960134039338 ], [ -93.390314803130693, 44.869601327414173 ], [ -93.390314821382731, 44.869604027991457 ], [ -93.390318619058021, 44.869604015012129 ], [ -93.390318637310244, 44.86960671558942 ], [ -93.390322434985691, 44.869606702609957 ], [ -93.390322453238099, 44.869609403187248 ], [ -93.390326250913731, 44.86960939020765 ], [ -93.390326360429228, 44.869625593671309 ], [ -93.390333955782623, 44.869625567711751 ], [ -93.39033397403557, 44.869628268289027 ], [ -93.390337771712439, 44.869628255309046 ], [ -93.390337789965557, 44.869630955886308 ], [ -93.390341587642624, 44.869630942906213 ], [ -93.390341605895927, 44.869633643483489 ], [ -93.390349201250359, 44.869633617522901 ], [ -93.390349219504031, 44.869636318100163 ], [ -93.390353017181425, 44.869636305119691 ], [ -93.390353035435254, 44.869639005696939 ], [ -93.390356833112847, 44.869638992716339 ], [ -93.390356869620888, 44.86964439387085 ], [ -93.390353071942968, 44.86964440685145 ], [ -93.390353364004923, 44.869687616087361 ], [ -93.390357161685685, 44.86968760310674 ], [ -93.390357179939755, 44.86969030368396 ], [ -93.390353382258823, 44.869690316664595 ], [ -93.390353400512723, 44.869693017241829 ], [ -93.390349602831591, 44.869693030222344 ], [ -93.390349621085321, 44.869695730799577 ], [ -93.390342025722703, 44.869695756760208 ], [ -93.39034206222945, 44.869701157914669 ], [ -93.390338264547793, 44.869701170894807 ], [ -93.390338282800982, 44.869703871472034 ], [ -93.390334485119141, 44.869703884452036 ], [ -93.390334503372173, 44.86970658502927 ], [ -93.390315514962026, 44.869706649927402 ], [ -93.390315587970591, 44.869717452236358 ], [ -93.390311790287839, 44.869717465215594 ], [ -93.390311808539806, 44.869720165792842 ], [ -93.39030801085687, 44.869720178771978 ], [ -93.390308029108681, 44.869722879349212 ], [ -93.390281445326877, 44.869722970199582 ], [ -93.390281554830239, 44.869739173662992 ], [ -93.390277757146052, 44.869739186641119 ], [ -93.390278012651763, 44.869776994722272 ], [ -93.390281810338436, 44.869776981744124 ], [ -93.390281828589039, 44.869779682321351 ], [ -93.390285626275897, 44.869779669343067 ], [ -93.390285662777472, 44.869785070497485 ], [ -93.390289460464686, 44.869785057519096 ], [ -93.390289478715644, 44.869787758096308 ], [ -93.390293276403014, 44.869787745117776 ], [ -93.390293294654171, 44.869790445694974 ], [ -93.390297092341726, 44.869790432716329 ], [ -93.390297110593053, 44.869793133293527 ], [ -93.390293312905314, 44.86979314627218 ], [ -93.390293331156471, 44.869795846849385 ], [ -93.390289533468561, 44.86979585982791 ], [ -93.390289569970534, 44.869801260982335 ], [ -93.390285772282255, 44.869801273960739 ], [ -93.390285936539598, 44.869825579155489 ], [ -93.390289734229469, 44.86982556617707 ], [ -93.39028975248047, 44.869828266754261 ], [ -93.390293550170526, 44.869828253775715 ], [ -93.390293568421697, 44.869830954352906 ], [ -93.390297366111909, 44.869830941374232 ], [ -93.390297439117404, 44.869841743682962 ], [ -93.390301236808327, 44.869841730704159 ], [ -93.390301291563006, 44.869849832435669 ], [ -93.390305089254454, 44.869849819456739 ], [ -93.390305107506194, 44.869852520033916 ], [ -93.390308905197827, 44.869852507054858 ], [ -93.390309032961326, 44.869871411095012 ], [ -93.390305235268457, 44.869871424074084 ], [ -93.390305253520211, 44.86987412465124 ], [ -93.390301455827156, 44.869874137630198 ], [ -93.390301474078754, 44.86987683820734 ], [ -93.390293878692276, 44.869876864164866 ], [ -93.390293896943518, 44.869879564742028 ], [ -93.390282503863247, 44.869879603677354 ], [ -93.390282668119667, 44.869903908871805 ], [ -93.390290263509712, 44.869903882915025 ], [ -93.390290281760798, 44.869906583492167 ], [ -93.390294079455984, 44.869906570513585 ], [ -93.39029409770724, 44.869909271090741 ], [ -93.390297895402611, 44.869909258112031 ], [ -93.390298041414212, 44.869930862729156 ], [ -93.390309434504559, 44.869930823792245 ], [ -93.390309452756554, 44.869933524369387 ], [ -93.390313250453517, 44.869933511390151 ], [ -93.390313268705683, 44.869936211967278 ], [ -93.390317066402815, 44.869936198987929 ], [ -93.390317084655166, 44.869938899565057 ], [ -93.390313286957877, 44.86993891254442 ], [ -93.390313305210043, 44.86994161312154 ], [ -93.390309507512555, 44.869941626100776 ], [ -93.390309525764565, 44.869944326677903 ], [ -93.390294334973873, 44.869944378593551 ], [ -93.390294316722589, 44.869941678016424 ], [ -93.390290519025086, 44.869941690995027 ], [ -93.390290500773972, 44.869938990417886 ], [ -93.39025632149793, 44.869939107219558 ], [ -93.390256394496021, 44.869949909528138 ], [ -93.390252596797964, 44.869949922505484 ], [ -93.390252615047316, 44.869952623082611 ], [ -93.390248817349075, 44.869952636059836 ], [ -93.390248835598243, 44.869955336636977 ], [ -93.390245037899831, 44.869955349614067 ], [ -93.390245056148814, 44.869958050191201 ], [ -93.390241258450217, 44.869958063168163 ], [ -93.390241276699044, 44.869960763745297 ], [ -93.390233681301495, 44.869960789698851 ], [ -93.390233699549952, 44.869963490276 ], [ -93.390222306453069, 44.869963529205371 ], [ -93.390222324701, 44.869966229782527 ], [ -93.390210931603562, 44.869966268710769 ], [ -93.390210949850953, 44.869968969287918 ], [ -93.390203354452296, 44.869968995239446 ], [ -93.390203372699347, 44.869971695816609 ], [ -93.390195777300306, 44.869971721767648 ], [ -93.390195795547029, 44.869974422344782 ], [ -93.390191997847325, 44.869974435320103 ], [ -93.390192016093863, 44.869977135897258 ], [ -93.390188218393988, 44.869977148872472 ], [ -93.390188236640341, 44.869979849449614 ], [ -93.390180641240207, 44.869979875399643 ], [ -93.390180659486205, 44.869982575976799 ], [ -93.390169266385485, 44.869982614900898 ], [ -93.390169321121917, 44.869990716632344 ], [ -93.390165523421132, 44.869990729606805 ], [ -93.390165541666434, 44.86999343018396 ], [ -93.390161743965479, 44.8699934431583 ], [ -93.390161762210596, 44.869996143735428 ], [ -93.390154166808315, 44.869996169683709 ], [ -93.390154185053078, 44.869998870260851 ], [ -93.390150387351767, 44.869998883234814 ], [ -93.390150369107161, 44.869996182657658 ], [ -93.390146571406007, 44.869996195631479 ], [ -93.3901465531616, 44.869993495054331 ], [ -93.390104778450734, 44.869993637758029 ], [ -93.390104796693194, 44.869996338335191 ], [ -93.390097201290828, 44.869996364279686 ], [ -93.390097219532933, 44.869999064856849 ], [ -93.390085826428844, 44.869999103772649 ], [ -93.390085844670423, 44.870001804349805 ], [ -93.390074451565766, 44.870001843264454 ], [ -93.390074469806819, 44.870004543841652 ], [ -93.390063076701608, 44.870004582755179 ], [ -93.390063094942121, 44.870007283332356 ], [ -93.39005170183637, 44.870007322244739 ], [ -93.390051829516366, 44.870026226284971 ], [ -93.39004803181318, 44.870026239255509 ], [ -93.390048287171069, 44.870064047335788 ], [ -93.390105252755646, 44.870063852763977 ], [ -93.390105234513115, 44.87006115218685 ], [ -93.390112829923993, 44.870061126241794 ], [ -93.390112811681107, 44.870058425664674 ], [ -93.390116609386368, 44.870058412691947 ], [ -93.390116591143325, 44.870055712114805 ], [ -93.390120388848388, 44.870055699141972 ], [ -93.39012037060516, 44.87005299856483 ], [ -93.390124168310052, 44.870052985591869 ], [ -93.390124150066654, 44.870050285014734 ], [ -93.390158329409005, 44.870050168252391 ], [ -93.390158311164015, 44.870047467675263 ], [ -93.390165906573031, 44.870047441726683 ], [ -93.390165888327687, 44.870044741149563 ], [ -93.390173483736348, 44.870044715200486 ], [ -93.390173465490648, 44.870042014623358 ], [ -93.390177263194801, 44.870042001648628 ], [ -93.390177244948916, 44.8700393010715 ], [ -93.390181042652884, 44.870039288096656 ], [ -93.390181024406814, 44.870036587519522 ], [ -93.390184822110626, 44.87003657454455 ], [ -93.390184803864386, 44.870033873967429 ], [ -93.390218983196789, 44.87003375718696 ], [ -93.390218964948957, 44.870031056609847 ], [ -93.390230358059185, 44.870031017680759 ], [ -93.390230339810827, 44.870028317103639 ], [ -93.390237935217272, 44.870028291150284 ], [ -93.390237916968559, 44.870025590573178 ], [ -93.390241714671589, 44.870025577596309 ], [ -93.39024169642272, 44.870022877019196 ], [ -93.39024549412558, 44.870022864042213 ], [ -93.390245475876526, 44.870020163465092 ], [ -93.390256868984551, 44.870020124533369 ], [ -93.390256850734957, 44.870017423956256 ], [ -93.390260648437462, 44.870017410978768 ], [ -93.390260630187697, 44.870014710401648 ], [ -93.390291011806156, 44.870014606577151 ], [ -93.390290993554956, 44.870011906000059 ], [ -93.390294791257077, 44.870011893021427 ], [ -93.390294773005721, 44.870009192444336 ], [ -93.390317559217308, 44.870009114569918 ], [ -93.390317540964887, 44.870006413992826 ], [ -93.390321338666638, 44.870006401013313 ], [ -93.390321320414046, 44.870003700436222 ], [ -93.390325118115598, 44.870003687456581 ], [ -93.390325099862835, 44.870000986879482 ], [ -93.390347886071098, 44.870000908999032 ], [ -93.390347867817255, 44.86999820842194 ], [ -93.390355463219649, 44.869998182460783 ], [ -93.390355444965465, 44.869995481883691 ], [ -93.390363040367475, 44.869995455922037 ], [ -93.390362857822183, 44.869968450151113 ], [ -93.390359060122947, 44.869968463132004 ], [ -93.39035900535994, 44.869960361400693 ], [ -93.390355207661244, 44.869960374381442 ], [ -93.390355171152947, 44.869954973227244 ], [ -93.390351373454607, 44.869954986207865 ], [ -93.390351318692709, 44.869946884476526 ], [ -93.390347520994879, 44.869946897457027 ], [ -93.390347484487322, 44.8699414963028 ], [ -93.390343686789862, 44.869941509283166 ], [ -93.390343668536261, 44.869938808706053 ], [ -93.39034746623355, 44.86993879572568 ], [ -93.390347447979764, 44.869936095148567 ], [ -93.390351245676882, 44.869936082168081 ], [ -93.390351227422926, 44.869933381590954 ], [ -93.390355025119845, 44.869933368610347 ], [ -93.390355043373987, 44.86993606918746 ], [ -93.390358841071077, 44.869936056206711 ], [ -93.390358859325389, 44.869938756783824 ], [ -93.390362657022663, 44.869938743802962 ], [ -93.390362693531657, 44.869944144957195 ], [ -93.390366491229287, 44.86994413197619 ], [ -93.390366509483954, 44.869946832553289 ], [ -93.390370307181755, 44.869946819572171 ], [ -93.390370325436592, 44.86994952014927 ], [ -93.390385516228505, 44.869949468223503 ], [ -93.390385534484068, 44.869952168800602 ], [ -93.390389332182224, 44.869952155818844 ], [ -93.390389350437957, 44.86995485639595 ], [ -93.390393148136283, 44.869954843414064 ], [ -93.390393166392215, 44.869957543991156 ], [ -93.390396964090712, 44.869957531009135 ], [ -93.390397000602917, 44.869962932163318 ], [ -93.390400798301769, 44.869962919181177 ], [ -93.390400834814344, 44.869968320335346 ], [ -93.390404632513551, 44.869968307353084 ], [ -93.390404669026495, 44.869973708507239 ], [ -93.390408466726043, 44.869973695524841 ], [ -93.390408503239357, 44.869979096679003 ], [ -93.390412300939275, 44.869979083696478 ], [ -93.390412337452943, 44.869984484850612 ], [ -93.390416135153203, 44.869984471867959 ], [ -93.390416153410229, 44.869987172445036 ], [ -93.390419951110644, 44.869987159462255 ], [ -93.390419987625066, 44.869992560616403 ], [ -93.390423785325837, 44.869992547633487 ], [ -93.390423821840614, 44.869997948787606 ], [ -93.390427619541754, 44.869997935804562 ], [ -93.390427656056872, 44.870003336958696 ], [ -93.390431453758367, 44.870003323975524 ], [ -93.390431490273869, 44.870008725129637 ], [ -93.390435287975706, 44.87000871214633 ], [ -93.390435306233641, 44.870011412723386 ], [ -93.390439103935663, 44.870011399739958 ], [ -93.390439250000611, 44.870033004356344 ], [ -93.390443047704053, 44.870032991372774 ], [ -93.390443157253941, 44.870049194834998 ], [ -93.390446954958435, 44.870049181851307 ], [ -93.390447046250969, 44.870062684736453 ], [ -93.390458439367123, 44.870062645784586 ], [ -93.390458457626167, 44.870065346361599 ], [ -93.390477446153923, 44.870065281439295 ], [ -93.390477464413863, 44.870067982016302 ], [ -93.390488857531011, 44.870067943061386 ], [ -93.390488875791476, 44.870070643638414 ], [ -93.39050026890915, 44.870070604682368 ], [ -93.390500287170156, 44.870073305259375 ], [ -93.390519275700441, 44.870073240330107 ], [ -93.390519293962342, 44.870075940907093 ], [ -93.390538282493438, 44.870075875974656 ], [ -93.390538300756234, 44.870078576551641 ], [ -93.390542098462618, 44.870078563564775 ], [ -93.390542116725598, 44.870081264141753 ], [ -93.39058389149767, 44.870081121277863 ], [ -93.390583873232742, 44.870078420700906 ], [ -93.390587670939098, 44.870078407712519 ], [ -93.390587652674, 44.870075707135548 ], [ -93.390591450380185, 44.87007569414704 ], [ -93.390591432114917, 44.870072993570069 ], [ -93.390595229820903, 44.870072980581433 ], [ -93.390595248086356, 44.87007568115839 ], [ -93.390599045792541, 44.87007566816964 ], [ -93.390599064058165, 44.870078368746611 ], [ -93.390621850296228, 44.870078290811385 ], [ -93.390621868562931, 44.870080991388349 ], [ -93.390625666269429, 44.870080978398704 ], [ -93.390625684536317, 44.870083678975668 ], [ -93.390659863896403, 44.870083562063151 ], [ -93.390659845627923, 44.870080861486194 ], [ -93.390663643334406, 44.870080848495284 ], [ -93.390663661603057, 44.870083549072241 ], [ -93.390667459309725, 44.870083536081189 ], [ -93.390667477578546, 44.870086236658132 ], [ -93.390671275285385, 44.870086223666981 ], [ -93.39067138489952, 44.870102427128614 ], [ -93.39067518260741, 44.870102414137307 ], [ -93.390675200876629, 44.870105114714235 ], [ -93.39067899858469, 44.870105101722821 ], [ -93.390679016854079, 44.870107802299742 ], [ -93.390728387061102, 44.870107633399705 ] ] ] } },
{ "type": "Feature", "properties": { }, "geometry": { "type": "Polygon", "coordinates": [ [ [ -93.390619822708729, 44.869778526760626 ], [ -93.390619804442323, 44.869775826183535 ], [ -93.39062360212877, 44.869775813194025 ], [ -93.39062358386218, 44.869773112616919 ], [ -93.390646369979734, 44.869773034677216 ], [ -93.390646260373885, 44.869756831214588 ], [ -93.390650058059066, 44.869756818224204 ], [ -93.39064989364887, 44.869732513030208 ], [ -93.39065369133246, 44.86973250003971 ], [ -93.390653526920872, 44.869708194845607 ], [ -93.390649729238888, 44.869708207836105 ], [ -93.390649656167852, 44.869697405527567 ], [ -93.390645858486579, 44.869697418517923 ], [ -93.390645840218994, 44.869694717940796 ], [ -93.390642042537891, 44.869694730931016 ], [ -93.390642024270491, 44.869692030353875 ], [ -93.390638226589573, 44.869692043343989 ], [ -93.390638080451922, 44.869670438726821 ], [ -93.39063428277241, 44.869670451716793 ], [ -93.390634246238378, 44.869665050562489 ], [ -93.390626650880066, 44.869665076542034 ], [ -93.390626632613404, 44.869662375964872 ], [ -93.390622834934433, 44.869662388954453 ], [ -93.390622816667943, 44.86965968837729 ], [ -93.390619018989142, 44.86965970136675 ], [ -93.390618982456544, 44.869654300212424 ], [ -93.390615184778099, 44.86965431320175 ], [ -93.390615129979764, 44.869646211470254 ], [ -93.390596141590095, 44.869646276414983 ], [ -93.390596123324883, 44.86964357583782 ], [ -93.39059232564712, 44.869643588826385 ], [ -93.390592307382079, 44.869640888249194 ], [ -93.390584712026907, 44.86964091422594 ], [ -93.390584693762236, 44.86963821364877 ], [ -93.390580896084813, 44.869638226636951 ], [ -93.390580877820312, 44.869635526059774 ], [ -93.390577080143075, 44.869635539047813 ], [ -93.390577061878759, 44.869632838470636 ], [ -93.390573264201691, 44.869632851458562 ], [ -93.39057324593756, 44.869630150881378 ], [ -93.390565650583767, 44.869630176856852 ], [ -93.390565632319976, 44.869627476279653 ], [ -93.390561834643265, 44.869627489267209 ], [ -93.390561816379673, 44.869624788690011 ], [ -93.390558018703118, 44.869624801677432 ], [ -93.39055798217629, 44.869619400523035 ], [ -93.39055418450009, 44.869619413510321 ], [ -93.390554166236868, 44.86961671293313 ], [ -93.390531380180732, 44.869616790854217 ], [ -93.390531361918562, 44.869614090276997 ], [ -93.390527564242717, 44.869614103263416 ], [ -93.390527545980717, 44.869611402686189 ], [ -93.390523748305043, 44.869611415672473 ], [ -93.390523730043242, 44.869608715095261 ], [ -93.390527527718731, 44.869608702108977 ], [ -93.390527509456746, 44.869606001531771 ], [ -93.390531307132065, 44.869605988545366 ], [ -93.390531288869909, 44.869603287968147 ], [ -93.390542681895312, 44.869603249008193 ], [ -93.390542481005852, 44.869573542658756 ], [ -93.390534885659491, 44.86957356863217 ], [ -93.390534867397193, 44.869570868054943 ], [ -93.390531069724176, 44.869570881041454 ], [ -93.390531051462048, 44.869568180464221 ], [ -93.390527253789216, 44.869568193450611 ], [ -93.390527235527259, 44.86956549287337 ], [ -93.390523437854611, 44.869565505859626 ], [ -93.390523383069308, 44.869557404127903 ], [ -93.390519585397186, 44.869557417114031 ], [ -93.390519567135598, 44.869554716536783 ], [ -93.390515769463647, 44.86955472952279 ], [ -93.390515751202258, 44.869552028945542 ], [ -93.390519548874025, 44.869552015959542 ], [ -93.390519530612451, 44.869549315382301 ], [ -93.390523328284047, 44.869549302396187 ], [ -93.390523310022289, 44.869546601818932 ], [ -93.390527107693714, 44.869546588832677 ], [ -93.390527089431785, 44.869543888255443 ], [ -93.390534684774252, 44.869543862282562 ], [ -93.390534502151581, 44.86951685651006 ], [ -93.390462346431462, 44.869517103231743 ], [ -93.390462510761495, 44.869541408427203 ], [ -93.390466308432593, 44.869541395442965 ], [ -93.390466326691666, 44.869544096020242 ], [ -93.390470124362949, 44.869544083035905 ], [ -93.390470160881478, 44.869549484190415 ], [ -93.390477756224726, 44.869549458221329 ], [ -93.390477774484367, 44.869552158798584 ], [ -93.390481572156162, 44.869552145813849 ], [ -93.390481590415959, 44.869554846391111 ], [ -93.390485388087939, 44.869554833406248 ], [ -93.390485406347921, 44.86955753398351 ], [ -93.390481608675756, 44.869557546968359 ], [ -93.39048186431333, 44.869595355049803 ], [ -93.390485661987967, 44.869595342064919 ], [ -93.390485680247977, 44.86959804264216 ], [ -93.390489477922799, 44.869598029657148 ], [ -93.390489605744278, 44.869616933697749 ], [ -93.390508594124526, 44.869616868770763 ], [ -93.390508612385631, 44.869619569347982 ], [ -93.390512410061845, 44.869619556362203 ], [ -93.390512428323149, 44.869622256939422 ], [ -93.390516225999519, 44.869622243953515 ], [ -93.390516299045416, 44.869633046262365 ], [ -93.39051250136832, 44.869633059248272 ], [ -93.39051251962961, 44.869635759825464 ], [ -93.39050872195233, 44.869635772811264 ], [ -93.390508740213463, 44.86963847338847 ], [ -93.390501144858533, 44.869638499359652 ], [ -93.390501345727174, 44.869668205708891 ], [ -93.390535524841866, 44.869668088834423 ], [ -93.390535506579482, 44.869665388257253 ], [ -93.390539304258709, 44.869665375270564 ], [ -93.390539322521278, 44.869668075847741 ], [ -93.390543120200675, 44.869668062860931 ], [ -93.390543138463428, 44.86967076343813 ], [ -93.390546936142997, 44.869670750451185 ], [ -93.390547045720638, 44.869686953914247 ], [ -93.390577427165638, 44.869686850014141 ], [ -93.390577445430011, 44.869689550591303 ], [ -93.390581243110816, 44.869689537603215 ], [ -93.39058126137536, 44.869692238180384 ], [ -93.39058505905632, 44.869692225192161 ], [ -93.390585077321049, 44.869694925769323 ], [ -93.39059267268334, 44.869694899792535 ], [ -93.390592690948424, 44.869697600369683 ], [ -93.390596488629726, 44.869697587381083 ], [ -93.390596506895008, 44.869700287958239 ], [ -93.390600304576495, 44.869700274969532 ], [ -93.390600487231097, 44.869727280740946 ], [ -93.390596689547849, 44.869727293729682 ], [ -93.390596707813145, 44.869729994306816 ], [ -93.390592910129698, 44.869730007295409 ], [ -93.390593056250751, 44.869751611912477 ], [ -93.390589258565882, 44.869751624900971 ], [ -93.390589276830852, 44.869754325478084 ], [ -93.390585479145813, 44.869754338466457 ], [ -93.390585643529022, 44.869778643660553 ], [ -93.390619822708729, 44.869778526760626 ] ] ] } },
{ "type": "Feature", "properties": { }, "geometry": { "type": "Polygon", "coordinates": [ [ [ -93.378718196809672, 44.869869926560256 ], [ -93.378718037420441, 44.869845621332701 ], [ -93.378714239724104, 44.869845633926325 ], [ -93.378714204304657, 44.869840232764645 ], [ -93.378710406608675, 44.869840245358141 ], [ -93.378710388899137, 44.869837544777262 ], [ -93.378706591203311, 44.869837557370651 ], [ -93.378706555784589, 44.86983215620895 ], [ -93.378702758089133, 44.869832168802191 ], [ -93.378702722670795, 44.869826767640475 ], [ -93.37869892497568, 44.869826780233588 ], [ -93.378698889557683, 44.869821379071858 ], [ -93.378695091862923, 44.869821391664857 ], [ -93.378695056445295, 44.86981599050312 ], [ -93.378691258750905, 44.869816003095984 ], [ -93.378691241042276, 44.869813302515119 ], [ -93.378687443348042, 44.869813315107848 ], [ -93.378687390222709, 44.869805213365211 ], [ -93.378683592529001, 44.869805225957819 ], [ -93.378683574820727, 44.869802525376947 ], [ -93.378679777127218, 44.86980253796942 ], [ -93.378679741711053, 44.869797136807655 ], [ -93.378675944017871, 44.8697971494 ], [ -93.378675908602077, 44.869791748238249 ], [ -93.378672110909264, 44.869791760830459 ], [ -93.37867209320153, 44.869789060249566 ], [ -93.378668295508888, 44.869789072841655 ], [ -93.378668260093818, 44.869783671679876 ], [ -93.378664462401517, 44.86978368427183 ], [ -93.378664426986816, 44.869778283110058 ], [ -93.378660629294885, 44.869778295701899 ], [ -93.378660593880539, 44.869772894540098 ], [ -93.378656796188949, 44.869772907131804 ], [ -93.378656760774959, 44.869767505969989 ], [ -93.378652963083738, 44.869767518561567 ], [ -93.378652945376928, 44.869764817980673 ], [ -93.378649147685863, 44.869764830572109 ], [ -93.378649094565986, 44.869756728829387 ], [ -93.378645296875462, 44.869756741420709 ], [ -93.378645261462566, 44.86975134025888 ], [ -93.378641463772396, 44.869751352850066 ], [ -93.378641428359884, 44.869745951688245 ], [ -93.378637630670042, 44.869745964279296 ], [ -93.378637612963971, 44.869743263698375 ], [ -93.378633815274327, 44.869743276289313 ], [ -93.378633779862525, 44.86973787512747 ], [ -93.378629982173237, 44.869737887718273 ], [ -93.378629946761805, 44.869732486556423 ], [ -93.378626149072872, 44.869732499147098 ], [ -93.378626113661795, 44.869727097985241 ], [ -93.378622315973217, 44.869727110575781 ], [ -93.37862228056251, 44.869721709413923 ], [ -93.378618482874273, 44.869721722004343 ], [ -93.378618447463936, 44.86971632084245 ], [ -93.378614649776054, 44.869716333432748 ], [ -93.378614632071063, 44.869713632851806 ], [ -93.378610834383366, 44.869713645441976 ], [ -93.378610798973753, 44.869708244280083 ], [ -93.378607001286397, 44.869708256870126 ], [ -93.37860696587714, 44.869702855708226 ], [ -93.378603168190153, 44.869702868298134 ], [ -93.378603132781265, 44.869697467136227 ], [ -93.37859933509462, 44.869697479726007 ], [ -93.378599317390368, 44.869694779145064 ], [ -93.378595519703879, 44.869694791734702 ], [ -93.378595466591662, 44.869686689991838 ], [ -93.378591668905699, 44.869686702581348 ], [ -93.378591633497933, 44.869681301419419 ], [ -93.378587835812326, 44.869681314008808 ], [ -93.378587818108628, 44.869678613427851 ], [ -93.378584020423204, 44.869678626017112 ], [ -93.378583985016149, 44.86967322485517 ], [ -93.378580187331082, 44.86967323744431 ], [ -93.378580151924382, 44.869667836282353 ], [ -93.378576354239684, 44.869667848871366 ], [ -93.378576318833353, 44.869662447709416 ], [ -93.378572521148996, 44.869662460298294 ], [ -93.378572485743021, 44.869657059136337 ], [ -93.378568688059019, 44.869657071725086 ], [ -93.378568670356216, 44.869654371144108 ], [ -93.378564872672385, 44.869654383732723 ], [ -93.378564837267149, 44.869648982570745 ], [ -93.378561039583673, 44.869648995159238 ], [ -93.378561004178792, 44.86964359399726 ], [ -93.378557206495671, 44.869643606585626 ], [ -93.37855717109116, 44.869638205423641 ], [ -93.378553373408394, 44.869638218011879 ], [ -93.378553338004252, 44.869632816849872 ], [ -93.378549540321828, 44.86963282943799 ], [ -93.378549504918055, 44.869627428275983 ], [ -93.378545707235972, 44.869627440863972 ], [ -93.378545671832569, 44.869622039701966 ], [ -93.378541874150855, 44.869622052289806 ], [ -93.378541856449331, 44.869619351708785 ], [ -93.378538058767788, 44.869619364296511 ], [ -93.37853802336511, 44.869613963134476 ], [ -93.378534225683907, 44.869613975722082 ], [ -93.378534190281599, 44.869608574560061 ], [ -93.378530392600751, 44.869608587147518 ], [ -93.378530357198798, 44.869603185985476 ], [ -93.378526559518306, 44.869603198572818 ], [ -93.378526524116722, 44.869597797410776 ], [ -93.378522726436586, 44.869597809997984 ], [ -93.378522691035357, 44.869592408835928 ], [ -93.37851889335559, 44.869592421423 ], [ -93.378518857954731, 44.869587020260958 ], [ -93.378515060275305, 44.869587032847903 ], [ -93.37851504257506, 44.869584332266868 ], [ -93.378511244895805, 44.869584344853699 ], [ -93.37851120949567, 44.869578943691614 ], [ -93.37850741181677, 44.869578956278303 ], [ -93.378507376417005, 44.86957355511624 ], [ -93.378503578738446, 44.869573567702801 ], [ -93.37850354333905, 44.869568166540702 ], [ -93.378499745660861, 44.869568179127135 ], [ -93.378499727961341, 44.869565478546093 ], [ -93.378495930283322, 44.869565491132406 ], [ -93.378495894884637, 44.869560089970314 ], [ -93.378492097206973, 44.869560102556498 ], [ -93.378492061808657, 44.869554701394378 ], [ -93.378488264131349, 44.869554713980442 ], [ -93.378488228733403, 44.869549312818322 ], [ -93.378484431056449, 44.86954932540425 ], [ -93.378484395658859, 44.869543924242123 ], [ -93.378480597982261, 44.869543936827924 ], [ -93.378480562585025, 44.869538535665789 ], [ -93.378476764908783, 44.869538548251455 ], [ -93.378476729511917, 44.869533147089314 ], [ -93.378472931836015, 44.869533159674859 ], [ -93.378472896439533, 44.86952775851271 ], [ -93.378469098763972, 44.869527771098113 ], [ -93.378469063367859, 44.869522369935972 ], [ -93.378465265692668, 44.869522382521239 ], [ -93.378465230296911, 44.869516981359084 ], [ -93.378461432622061, 44.869516993944238 ], [ -93.378461397226658, 44.869511592782068 ], [ -93.378457599552178, 44.869511605367094 ], [ -93.378457564157145, 44.869506204204924 ], [ -93.37845376648302, 44.869506216789823 ], [ -93.378453731088356, 44.869500815627617 ], [ -93.378449933414558, 44.869500828212395 ], [ -93.378449915717411, 44.869498127631289 ], [ -93.378404343633946, 44.869498278638623 ], [ -93.378404379023991, 44.86950367980085 ], [ -93.378400581349979, 44.869503692383979 ], [ -93.378400599044824, 44.869506392965071 ], [ -93.378396801370656, 44.86950640554808 ], [ -93.37839681906533, 44.869509106129179 ], [ -93.37838162836789, 44.86950915645992 ], [ -93.378381681449795, 44.869517258203253 ], [ -93.378377883774903, 44.869517270785622 ], [ -93.378377901468696, 44.869519971366728 ], [ -93.378374103793618, 44.869519983948983 ], [ -93.378374121487241, 44.869522684530082 ], [ -93.378366526136716, 44.869522709694209 ], [ -93.378366543829983, 44.869525410275315 ], [ -93.378362746154551, 44.86952542285718 ], [ -93.378362763847633, 44.869528123438293 ], [ -93.378355168496398, 44.869528148601653 ], [ -93.378355150803657, 44.869525448020539 ], [ -93.378313376373598, 44.86952558641002 ], [ -93.378313394064378, 44.869528286991141 ], [ -93.378302001037412, 44.869528324731085 ], [ -93.37830201872768, 44.869531025312213 ], [ -93.37829062570016, 44.869531063051028 ], [ -93.378290643389875, 44.869533763632148 ], [ -93.378286845713845, 44.869533776211483 ], [ -93.378286863403389, 44.869536476792618 ], [ -93.378275470374774, 44.869536514529919 ], [ -93.378275488063807, 44.869539215111054 ], [ -93.378267892711023, 44.869539240268608 ], [ -93.3782679103997, 44.869541940849743 ], [ -93.378264112723116, 44.869541953428339 ], [ -93.378264130411608, 44.869544654009466 ], [ -93.378229951320762, 44.86954476721116 ], [ -93.378229969007663, 44.869547467792295 ], [ -93.378218575976803, 44.869547505523926 ], [ -93.378218593663178, 44.869550206105068 ], [ -93.378214795986025, 44.869550218682022 ], [ -93.378214972848028, 44.869577224493391 ], [ -93.378218770526942, 44.869577211916422 ], [ -93.378218788213331, 44.869579912497557 ], [ -93.378222585892416, 44.86957989992046 ], [ -93.37822260357899, 44.869582600501573 ], [ -93.378230198937501, 44.869582575346996 ], [ -93.378230216624445, 44.869585275928138 ], [ -93.378234014303871, 44.869585263350658 ], [ -93.378234031990985, 44.869587963931778 ], [ -93.37827960414613, 44.869587812992187 ], [ -93.378279551078407, 44.869579711248853 ], [ -93.378283348757464, 44.869579698669732 ], [ -93.378283331068047, 44.869576998088633 ], [ -93.378287128746905, 44.869576985509383 ], [ -93.378287111057318, 44.869574284928284 ], [ -93.378290908736005, 44.869574272348913 ], [ -93.378290891046248, 44.869571571767807 ], [ -93.378298486403267, 44.869571546608697 ], [ -93.37829846871314, 44.869568846027569 ], [ -93.378302266391472, 44.869568833447836 ], [ -93.378302248701175, 44.86956613286673 ], [ -93.378309844057469, 44.869566107706859 ], [ -93.378309826366831, 44.86956340712576 ], [ -93.378317421722755, 44.869563381965399 ], [ -93.378317404031762, 44.869560681384286 ], [ -93.37832879706508, 44.869560643642792 ], [ -93.378328814756614, 44.869563344223891 ], [ -93.378332612434562, 44.869563331643135 ], [ -93.378332630126266, 44.869566032224235 ], [ -93.378336427804385, 44.869566019643365 ], [ -93.378336445496274, 44.869568720224443 ], [ -93.37834404085288, 44.869568695062313 ], [ -93.37834405854511, 44.869571395643426 ], [ -93.378347856223584, 44.869571383062159 ], [ -93.378347873916013, 44.869574083643251 ], [ -93.378351671594658, 44.869574071061855 ], [ -93.378351760057697, 44.869587573967301 ], [ -93.378355557737223, 44.869587561385778 ], [ -93.378355593122819, 44.869592962547934 ], [ -93.3783593908027, 44.869592949966282 ], [ -93.378359426188652, 44.869598351128438 ], [ -93.378363223868902, 44.869598338546659 ], [ -93.378363241562056, 44.86960103912773 ], [ -93.378367039242463, 44.86960102654583 ], [ -93.378367092322492, 44.869609128289035 ], [ -93.378370890003438, 44.869609115707 ], [ -93.378370907696961, 44.869611816288078 ], [ -93.378374705378079, 44.869611803705901 ], [ -93.378374723071786, 44.869614504286972 ], [ -93.378382318434362, 44.869614479122269 ], [ -93.378382336128411, 44.869617179703326 ], [ -93.378389931491355, 44.869617154538112 ], [ -93.378389949185774, 44.869619855119161 ], [ -93.378405139912303, 44.869619804787213 ], [ -93.378405157607432, 44.869622505368277 ], [ -93.378408955289231, 44.86962249278497 ], [ -93.378408972984545, 44.869625193366019 ], [ -93.378427961394422, 44.869625130447609 ], [ -93.378427979090631, 44.869627831028652 ], [ -93.378435574454912, 44.869627805860389 ], [ -93.37843559215149, 44.869630506441425 ], [ -93.378439389833801, 44.869630493857109 ], [ -93.37843940753055, 44.869633194438151 ], [ -93.378443205213031, 44.869633181853708 ], [ -93.37844324060687, 44.869638583015771 ], [ -93.378447038289721, 44.869638570431199 ], [ -93.378447055986811, 44.86964127101222 ], [ -93.378454651352868, 44.869641245842701 ], [ -93.378454669050328, 44.869643946423714 ], [ -93.37845846673352, 44.869643933838766 ], [ -93.378458484431164, 44.869646634419787 ], [ -93.378462282114526, 44.869646621834704 ], [ -93.37846231751017, 44.869652022996746 ], [ -93.378466115193888, 44.869652010411535 ], [ -93.378466132891887, 44.869654710992549 ], [ -93.37846993057579, 44.869654698407217 ], [ -93.378469948273974, 44.869657398988217 ], [ -93.378473745958047, 44.869657386402764 ], [ -93.378473763656402, 44.869660086983764 ], [ -93.378477561340645, 44.869660074398176 ], [ -93.378477579039199, 44.869662774979176 ], [ -93.378481376723613, 44.86966276239346 ], [ -93.378481394422352, 44.869665462974467 ], [ -93.378485192106936, 44.869665450388631 ], [ -93.378485209805845, 44.869668150969623 ], [ -93.378489007490614, 44.869668138383652 ], [ -93.378489131384256, 44.869687042450636 ], [ -93.378492929070276, 44.869687029864529 ], [ -93.378493088363868, 44.869711335093392 ], [ -93.378496886051479, 44.869711322507158 ], [ -93.378496903750943, 44.869714023088129 ], [ -93.378512094502071, 44.86971397274187 ], [ -93.378512112202259, 44.869716673322841 ], [ -93.378515909890211, 44.869716660735968 ], [ -93.378515927590584, 44.869719361316939 ], [ -93.378519725278707, 44.86971934872993 ], [ -93.378519742979265, 44.869722049310901 ], [ -93.378523540667558, 44.869722036723772 ], [ -93.3785235583683, 44.869724737304743 ], [ -93.378527356056765, 44.869724724717464 ], [ -93.378527373757692, 44.869727425298429 ], [ -93.37853117144634, 44.869727412711029 ], [ -93.378531189147424, 44.869730113291993 ], [ -93.378534986836257, 44.869730100704466 ], [ -93.378535039940076, 44.869738202447337 ], [ -93.378538837629435, 44.869738189859689 ], [ -93.378538855330888, 44.869740890440653 ], [ -93.378542653020418, 44.86974087785287 ], [ -93.378542670722055, 44.869743578433827 ], [ -93.378554063791171, 44.869743540669731 ], [ -93.378554081493348, 44.869746241250688 ], [ -93.37856167687309, 44.869746216073999 ], [ -93.378561694575623, 44.869748916654935 ], [ -93.37856928995572, 44.869748891477741 ], [ -93.378569307658609, 44.869751592058662 ], [ -93.378576903039047, 44.869751566880964 ], [ -93.37857692074229, 44.8697542674619 ], [ -93.378580718432687, 44.869754254872852 ], [ -93.378580736136115, 44.869756955453795 ], [ -93.378584533826682, 44.869756942864619 ], [ -93.378584551530281, 44.869759643445562 ], [ -93.378588349221033, 44.869759630856265 ], [ -93.378588384628614, 44.869765032018101 ], [ -93.378592182319707, 44.869765019428677 ], [ -93.378592253135594, 44.869775821752363 ], [ -93.378596050827397, 44.86977580916281 ], [ -93.37859606853155, 44.869778509743718 ], [ -93.378599866223539, 44.869778497154037 ], [ -93.378599883927876, 44.869781197734945 ], [ -93.378603681620021, 44.869781185145136 ], [ -93.378603699324543, 44.869783885726044 ], [ -93.378599901632199, 44.869783898315852 ], [ -93.378599954745241, 44.869792000058595 ], [ -93.378596157052371, 44.869792012648283 ], [ -93.378596298685807, 44.869813617295527 ], [ -93.378592500991516, 44.869813629885094 ], [ -93.378592518695527, 44.869816330466001 ], [ -93.378588721001051, 44.869816343055447 ], [ -93.378588738704892, 44.86981904363634 ], [ -93.378577345620926, 44.869819081403939 ], [ -93.378577487247469, 44.869840686051127 ], [ -93.378573689551374, 44.869840698640083 ], [ -93.378573848879824, 44.869865003868064 ], [ -93.378577646577511, 44.869864991279094 ], [ -93.378577664280854, 44.869867691859973 ], [ -93.378592855072256, 44.869867641502843 ], [ -93.378592872776309, 44.869870342083722 ], [ -93.37863464745439, 44.869870203591177 ], [ -93.378634612042362, 44.869864802429454 ], [ -93.378638409740006, 44.869864789838473 ], [ -93.378638392033807, 44.869862089257609 ], [ -93.378642189731281, 44.8698620766665 ], [ -93.378642172024911, 44.869859376085643 ], [ -93.378661160511271, 44.869859313128188 ], [ -93.378661178218536, 44.869862013709039 ], [ -93.378664975915967, 44.86986200111717 ], [ -93.378664993623403, 44.869864701698027 ], [ -93.378676386716251, 44.869864663921653 ], [ -93.378676404424212, 44.869867364502511 ], [ -93.378680202121998, 44.869867351910145 ], [ -93.378680219830144, 44.869870052490981 ], [ -93.378718196809672, 44.869869926560256 ] ] ] } },
{ "type": "Feature", "properties": { }, "geometry": { "type": "Polygon", "coordinates": [ [ [ -93.380698227067029, 44.869504158261734 ], [ -93.380698138055621, 44.869490655359776 ], [ -93.380701935727757, 44.869490642700249 ], [ -93.380701917925293, 44.869487942119861 ], [ -93.380705715597244, 44.869487929460206 ], [ -93.380705484163286, 44.869452821914976 ], [ -93.380701686493651, 44.869452834574616 ], [ -93.380701668691231, 44.869450133994199 ], [ -93.380697871021766, 44.869450146653705 ], [ -93.380697835417308, 44.869444745492878 ], [ -93.380659858726091, 44.869444872080948 ], [ -93.380659876526551, 44.869447572661386 ], [ -93.380656078857243, 44.869447585319492 ], [ -93.380656096657518, 44.869450285899923 ], [ -93.380633310640519, 44.869450361845963 ], [ -93.380633559829832, 44.869488169971923 ], [ -93.380637357501826, 44.869488157314549 ], [ -93.380637375301262, 44.869490857894952 ], [ -93.380644970645591, 44.869490832579828 ], [ -93.380644988445368, 44.869493533160245 ], [ -93.380648786117717, 44.869493520502481 ], [ -93.38064880391768, 44.86949622108289 ], [ -93.380652601590199, 44.869496208425026 ], [ -93.380652619390361, 44.869498909005422 ], [ -93.380656417063051, 44.869498896347409 ], [ -93.380656434863383, 44.869501596927812 ], [ -93.380660232536243, 44.869501584269671 ], [ -93.380660250336746, 44.869504284850066 ], [ -93.380698227067029, 44.869504158261734 ] ] ] } },
{ "type": "Feature", "properties": { }, "geometry": { "type": "Polygon", "coordinates": [ [ [ -93.390974391892755, 44.869420829020619 ], [ -93.390974135934329, 44.869383020940241 ], [ -93.39097033827386, 44.869383033941311 ], [ -93.390970100600924, 44.869347926437861 ], [ -93.390966302942772, 44.869347939438804 ], [ -93.390966065272593, 44.869312831935119 ], [ -93.390962267616743, 44.869312844935912 ], [ -93.390962249334621, 44.869310144358693 ], [ -93.390924272777809, 44.86931027435967 ], [ -93.390924327618876, 44.869318376091343 ], [ -93.390920529962642, 44.869318389090758 ], [ -93.390920657923957, 44.869337293131309 ], [ -93.390916860266486, 44.869337306130596 ], [ -93.390916878546506, 44.869340006707823 ], [ -93.390913080888851, 44.869340019706975 ], [ -93.390913099168699, 44.869342720284209 ], [ -93.39090550385302, 44.86934274628215 ], [ -93.390905485573541, 44.869340045704931 ], [ -93.390867508996806, 44.869340175687093 ], [ -93.390867691774076, 44.869367181459367 ], [ -93.390871489433536, 44.869367168461707 ], [ -93.39087161737902, 44.869386072502223 ], [ -93.390875415039716, 44.869386059504421 ], [ -93.39087545159596, 44.869391460658825 ], [ -93.390879249257011, 44.869391447660902 ], [ -93.390879267535297, 44.869394148238115 ], [ -93.390905851163851, 44.86939405724911 ], [ -93.390905869443401, 44.869396757826308 ], [ -93.390909667104779, 44.869396744827377 ], [ -93.390909685384514, 44.869399445404561 ], [ -93.390913483046063, 44.869399432405487 ], [ -93.390913519605874, 44.869404833559855 ], [ -93.390917317267792, 44.869404820560668 ], [ -93.390917372108063, 44.869412922292234 ], [ -93.390924967432952, 44.869412896293461 ], [ -93.390924985713397, 44.869415596870645 ], [ -93.390928783376012, 44.869415583871067 ], [ -93.390928801656642, 44.869418284448244 ], [ -93.390932599319441, 44.869418271448545 ], [ -93.390932617600242, 44.869420972025708 ], [ -93.390974391892755, 44.869420829020619 ] ] ] } },
{ "type": "Feature", "properties": { }, "geometry": { "type": "Polygon", "coordinates": [ [ [ -93.383097675161196, 44.869393510232861 ], [ -93.383097657246779, 44.869390809653169 ], [ -93.383101454911284, 44.869390796913883 ], [ -93.383101401167494, 44.869382695174814 ], [ -93.383105198831473, 44.869382682435401 ], [ -93.383105163001943, 44.869377281276023 ], [ -93.383108960665538, 44.869377268536482 ], [ -93.38310894275061, 44.869374567956804 ], [ -93.383112740414035, 44.869374555217135 ], [ -93.383112722498922, 44.869371854637443 ], [ -93.383116520162176, 44.869371841897646 ], [ -93.383116502246878, 44.869369141317975 ], [ -93.383120299909947, 44.869369128578057 ], [ -93.383120281994479, 44.869366427998358 ], [ -93.383127877320248, 44.86936640251816 ], [ -93.383127859404439, 44.869363701938468 ], [ -93.383131657067153, 44.869363689198181 ], [ -93.383131639151145, 44.869360988618489 ], [ -93.383135436813674, 44.869360975878074 ], [ -93.38313541889751, 44.869358275298389 ], [ -93.383139216559854, 44.869358262557846 ], [ -93.383139198643519, 44.869355561978146 ], [ -93.383142996305679, 44.869355549237483 ], [ -93.383142835057143, 44.869331244020223 ], [ -93.383139037396575, 44.86933125676088 ], [ -93.383139019480254, 44.869328556181173 ], [ -93.383131424159473, 44.869328581662103 ], [ -93.383131406243521, 44.869325881082403 ], [ -93.383085834320738, 44.869326033957343 ], [ -93.383085852234572, 44.869328734537056 ], [ -93.383082054574146, 44.869328747275816 ], [ -93.383082072487795, 44.869331447855537 ], [ -93.383074477166588, 44.869331473332672 ], [ -93.383074495079882, 44.869334173912407 ], [ -93.3830706974191, 44.869334186650782 ], [ -93.383070715332224, 44.86933688723051 ], [ -93.383066917671243, 44.869336899968765 ], [ -93.383066935584196, 44.869339600548486 ], [ -93.38306313792306, 44.869339613286613 ], [ -93.383063191661378, 44.869347715025768 ], [ -93.383059393999702, 44.869347727763781 ], [ -93.383059411912299, 44.869350428343502 ], [ -93.383055614250438, 44.869350441081387 ], [ -93.383055632162865, 44.869353141661108 ], [ -93.383051834500819, 44.869353154398873 ], [ -93.383052049448025, 44.869385561355429 ], [ -93.383055847112203, 44.86938554861765 ], [ -93.383055865024673, 44.869388249197343 ], [ -93.383059662689021, 44.869388236459436 ], [ -93.383059698514302, 44.869393637618835 ], [ -93.383097675161196, 44.869393510232861 ] ] ] } },
{ "type": "Feature", "properties": { }, "geometry": { "type": "Polygon", "coordinates": [ [ [ -93.390313872280245, 44.869463597970835 ], [ -93.390313854028349, 44.869460897393473 ], [ -93.39032524702597, 44.869460858455298 ], [ -93.39032522877352, 44.869458157877951 ], [ -93.390348014767625, 44.869458079998196 ], [ -93.390347996514137, 44.869455379420856 ], [ -93.390370782507063, 44.869455301536561 ], [ -93.390370764252495, 44.869452600959228 ], [ -93.390382157248411, 44.869452562015383 ], [ -93.390382138993317, 44.869449861438049 ], [ -93.390397329653766, 44.869449809511167 ], [ -93.390397311397976, 44.869447108933819 ], [ -93.390416299722588, 44.869447044022387 ], [ -93.390416281465917, 44.869444343445046 ], [ -93.390427674460113, 44.86944430449666 ], [ -93.390427656202903, 44.869441603919341 ], [ -93.390439049196559, 44.869441564969826 ], [ -93.390439030938822, 44.869438864392507 ], [ -93.390446626267547, 44.86943883842553 ], [ -93.390446608009469, 44.869436137848211 ], [ -93.390469393994536, 44.869436059944277 ], [ -93.390469375735378, 44.869433359366944 ], [ -93.390476971063364, 44.869433333397971 ], [ -93.390476952803866, 44.869430632820659 ], [ -93.39049214345907, 44.869430580881172 ], [ -93.390492125198861, 44.869427880303853 ], [ -93.390503518189718, 44.869427841347928 ], [ -93.390503499928968, 44.869425140770623 ], [ -93.390526285909544, 44.869425062855349 ], [ -93.390526267647743, 44.869422362278037 ], [ -93.390545255963943, 44.869422297345174 ], [ -93.390545237701247, 44.869419596767877 ], [ -93.390560428353439, 44.869419544819316 ], [ -93.390560410090046, 44.869416844242025 ], [ -93.390575600741471, 44.869416792291446 ], [ -93.390575582477368, 44.869414091714155 ], [ -93.390586975465396, 44.869414052749903 ], [ -93.390586957200753, 44.869411352172627 ], [ -93.390590754863254, 44.869411339184296 ], [ -93.39059073659844, 44.869408638606991 ], [ -93.390605927247663, 44.869408586652391 ], [ -93.390605908982138, 44.8694058860751 ], [ -93.390621099630621, 44.869405834118496 ], [ -93.390621081364401, 44.869403133541212 ], [ -93.390636272012117, 44.869403081582583 ], [ -93.390636253745171, 44.869400381005299 ], [ -93.390647646730415, 44.869400342035014 ], [ -93.390647628462943, 44.869397641457738 ], [ -93.390659021447632, 44.869397602486316 ], [ -93.390659003179636, 44.869394901909033 ], [ -93.390681789147848, 44.869394823962779 ], [ -93.390681752609737, 44.869389422808233 ], [ -93.390685550270746, 44.869389409816755 ], [ -93.390685532001513, 44.869386709239478 ], [ -93.390689329662337, 44.869386696247872 ], [ -93.390689146968356, 44.869359690475129 ], [ -93.390685349309294, 44.869359703466721 ], [ -93.390685276232475, 44.869348901157565 ], [ -93.390681478574137, 44.869348914149036 ], [ -93.390681423767077, 44.869340812417164 ], [ -93.390677626109266, 44.8693408254085 ], [ -93.390677571302774, 44.869332723676607 ], [ -93.390673773645489, 44.869332736667815 ], [ -93.390673700570915, 44.869321934358602 ], [ -93.390586354469022, 44.869322233121338 ], [ -93.390586336204464, 44.869319532544004 ], [ -93.390582538548017, 44.869319545532164 ], [ -93.39058252028363, 44.869316844954831 ], [ -93.390578722627353, 44.869316857942877 ], [ -93.390578667834774, 44.869308756210856 ], [ -93.390574870179023, 44.869308769198774 ], [ -93.390574724067022, 44.86928716457998 ], [ -93.390559533449675, 44.869287216530324 ], [ -93.390559515186382, 44.869284515952963 ], [ -93.390555717532237, 44.869284528940234 ], [ -93.390555699269129, 44.869281828362858 ], [ -93.39055190161514, 44.869281841350009 ], [ -93.390551755511865, 44.869260236731073 ], [ -93.390483397765138, 44.869260470477833 ], [ -93.390483470803971, 44.869271272787387 ], [ -93.390479673150637, 44.869271285772129 ], [ -93.390479691410178, 44.869273986349526 ], [ -93.390475893756673, 44.869273999334133 ], [ -93.390476058090997, 44.869298304530588 ], [ -93.390483653401233, 44.869298278561224 ], [ -93.390483671660959, 44.869300979138615 ], [ -93.390487469316241, 44.86930096615373 ], [ -93.390487487576166, 44.869303666731106 ], [ -93.390498880542523, 44.869303627775722 ], [ -93.390498898802974, 44.869306328353083 ], [ -93.390502696458611, 44.869306315367702 ], [ -93.390502714719247, 44.869309015945078 ], [ -93.39050651237504, 44.869309002959554 ], [ -93.390506530635847, 44.869311703536916 ], [ -93.390514125947803, 44.86931167756552 ], [ -93.390514144208979, 44.869314378142889 ], [ -93.390517941865127, 44.869314365156988 ], [ -93.390517960126488, 44.869317065734343 ], [ -93.390521757782807, 44.869317052748322 ], [ -93.390521776044338, 44.869319753325676 ], [ -93.390525573700842, 44.869319740339535 ], [ -93.390525591962557, 44.869322440916882 ], [ -93.390521794305883, 44.869322453903031 ], [ -93.390521812567414, 44.869325154480386 ], [ -93.390518014910555, 44.8693251674664 ], [ -93.390518033171915, 44.869327868043769 ], [ -93.390495247229651, 44.869327945957266 ], [ -93.390495228969357, 44.869325245379883 ], [ -93.390464847714284, 44.869325349257473 ], [ -93.390464829455425, 44.869322648680097 ], [ -93.390453436485259, 44.869322687632106 ], [ -93.390453418226926, 44.869319987054723 ], [ -93.390449620570379, 44.869320000038478 ], [ -93.390449602312216, 44.869317299461095 ], [ -93.390438209343088, 44.869317338411584 ], [ -93.390438191085465, 44.869314637834208 ], [ -93.390392619210871, 44.869314793624753 ], [ -93.390392783510393, 44.869339098821278 ], [ -93.390396581168218, 44.869339085839421 ], [ -93.390396617679613, 44.869344486994187 ], [ -93.390400415337794, 44.869344474012216 ], [ -93.390400488361323, 44.869355276321727 ], [ -93.390404286020214, 44.869355263339592 ], [ -93.390404304276274, 44.869357963916961 ], [ -93.390400506617212, 44.869357976899089 ], [ -93.390400543128976, 44.869363378053855 ], [ -93.390396745469559, 44.869363391035847 ], [ -93.390396763725278, 44.869366091613216 ], [ -93.390392966065676, 44.869366104595095 ], [ -93.39039298432121, 44.869368805172464 ], [ -93.39038159134185, 44.869368844117332 ], [ -93.390381609596858, 44.869371544694701 ], [ -93.390362621296987, 44.8693716096003 ], [ -93.390362639551114, 44.869374310177683 ], [ -93.390358841890944, 44.869374323158425 ], [ -93.390359006176595, 44.869398628354809 ], [ -93.390362803838357, 44.86939861537406 ], [ -93.390362822092513, 44.869401315951421 ], [ -93.39035902443058, 44.86940132893217 ], [ -93.390359042684551, 44.869404029509532 ], [ -93.390355245022434, 44.869404042490167 ], [ -93.390355263276234, 44.869406743067536 ], [ -93.390343870289342, 44.869406782008653 ], [ -93.39034394330244, 44.869417584318143 ], [ -93.390340145639428, 44.869417597298266 ], [ -93.390340163892532, 44.869420297875628 ], [ -93.390336366229349, 44.869420310855645 ], [ -93.390336384482268, 44.869423011433007 ], [ -93.3903325868189, 44.869423024412882 ], [ -93.390332605071649, 44.869425724990251 ], [ -93.390279437781643, 44.869425906695326 ], [ -93.390279456031919, 44.869428607272702 ], [ -93.390275658368139, 44.869428620250694 ], [ -93.390275676618231, 44.86943132082807 ], [ -93.390271878954294, 44.869431333805927 ], [ -93.390271897204215, 44.869434034383318 ], [ -93.39026809954008, 44.869434047361047 ], [ -93.390268263787888, 44.869458352557437 ], [ -93.390272061453615, 44.869458339579687 ], [ -93.390272097953513, 44.869463740734432 ], [ -93.390313872280245, 44.869463597970835 ] ] ] } },
{ "type": "Feature", "properties": { }, "geometry": { "type": "Polygon", "coordinates": [ [ [ -93.384019932962332, 44.869303992330508 ], [ -93.384019915004842, 44.869301291751071 ], [ -93.384023712663037, 44.869301278981141 ], [ -93.384023694705377, 44.869298578401704 ], [ -93.384027492363401, 44.869298565631638 ], [ -93.384027240953884, 44.869260757519392 ], [ -93.384023443298346, 44.869260770289429 ], [ -93.384023407383097, 44.869255369130521 ], [ -93.384019609727915, 44.869255381900437 ], [ -93.384019591770468, 44.86925268132098 ], [ -93.38401579411547, 44.869252694090761 ], [ -93.384015776158193, 44.869249993511296 ], [ -93.384011978503366, 44.869250006280964 ], [ -93.384011960546275, 44.869247305701506 ], [ -93.384008162891632, 44.869247318471039 ], [ -93.384008144934711, 44.869244617891567 ], [ -93.384000549625753, 44.869244643430257 ], [ -93.384000531669201, 44.869241942850785 ], [ -93.383989138706255, 44.869241981157877 ], [ -93.383989120750243, 44.869239280578391 ], [ -93.383947346554564, 44.86923942102797 ], [ -93.383947364508614, 44.869242121607464 ], [ -93.383943566854271, 44.869242134374851 ], [ -93.383943584808151, 44.869244834954344 ], [ -93.383939787153622, 44.869244847721603 ], [ -93.383939805107332, 44.869247548301097 ], [ -93.383936007452618, 44.869247561068235 ], [ -93.383936169034513, 44.869271866283597 ], [ -93.383939966690818, 44.869271853516452 ], [ -93.383939984644556, 44.869274554095917 ], [ -93.383947579957493, 44.869274528561235 ], [ -93.383947597911586, 44.869277229140714 ], [ -93.383951395568232, 44.869277216373185 ], [ -93.38395141352251, 44.86927991695265 ], [ -93.383955211179341, 44.869279904184992 ], [ -93.38395522913379, 44.869282604764472 ], [ -93.383959026790791, 44.869282591996694 ], [ -93.383959044745424, 44.869285292576158 ], [ -93.383962842402596, 44.869285279808238 ], [ -93.383962860357414, 44.869287980387696 ], [ -93.383966658014771, 44.869287967619677 ], [ -93.383966675969745, 44.869290668199135 ], [ -93.383970473627272, 44.869290655430959 ], [ -93.383970509537619, 44.869296056589874 ], [ -93.383974307195516, 44.869296043821592 ], [ -93.383974325150859, 44.869298744401036 ], [ -93.383978122808912, 44.869298731632618 ], [ -93.383978158719984, 44.86930413279152 ], [ -93.384019932962332, 44.869303992330508 ] ] ] } },
{ "type": "Feature", "properties": { }, "geometry": { "type": "Polygon", "coordinates": [ [ [ -93.390984852436816, 44.869283060579875 ], [ -93.390984815870482, 44.869277659425428 ], [ -93.390988613524001, 44.869277646423896 ], [ -93.390988595240671, 44.869274945846676 ], [ -93.390992392894006, 44.869274932845023 ], [ -93.39099191752355, 44.869204717836745 ], [ -93.390953941036202, 44.86920484784735 ], [ -93.390953959317883, 44.869207548424612 ], [ -93.390927375775334, 44.869207639424538 ], [ -93.390927394055751, 44.869210340001807 ], [ -93.390923596406637, 44.869210353001293 ], [ -93.390923614686898, 44.869213053578562 ], [ -93.390919817037584, 44.86921306657792 ], [ -93.390919853597765, 44.86921846773248 ], [ -93.390916055948097, 44.869218480731718 ], [ -93.390916110787828, 44.869226582463526 ], [ -93.390912313137633, 44.869226595462642 ], [ -93.390912331417368, 44.869229296039904 ], [ -93.390908533766989, 44.869229309038893 ], [ -93.390908698283155, 44.869253614234303 ], [ -93.390927686542994, 44.869253549238053 ], [ -93.390927704823483, 44.869256249815308 ], [ -93.390935300127751, 44.86925622381591 ], [ -93.39093531840858, 44.869258924393172 ], [ -93.390939116060892, 44.869258911393295 ], [ -93.390939134341906, 44.869261611970536 ], [ -93.390942931994388, 44.869261598970532 ], [ -93.390943041681581, 44.869277802433977 ], [ -93.390946839335129, 44.869277789433838 ], [ -93.39094687589791, 44.869283190588312 ], [ -93.390984852436816, 44.869283060579875 ] ] ] } },
{ "type": "Feature", "properties": { }, "geometry": { "type": "Polygon", "coordinates": [ [ [ -93.380712029132852, 44.869293462348992 ], [ -93.380711993527257, 44.869288061188023 ], [ -93.380715791186034, 44.869288048528084 ], [ -93.380715541944625, 44.869250240401151 ], [ -93.380707946632015, 44.869250265720879 ], [ -93.380707928829423, 44.869247565140356 ], [ -93.380704131173289, 44.869247577800039 ], [ -93.380704113370882, 44.869244877219536 ], [ -93.380700315714918, 44.86924488987907 ], [ -93.380700191099407, 44.869225985815461 ], [ -93.380696393444694, 44.869225998474874 ], [ -93.380696375642657, 44.869223297894344 ], [ -93.380692577988114, 44.869223310553622 ], [ -93.380692560186262, 44.869220609973098 ], [ -93.380643190679208, 44.869220774532216 ], [ -93.380643315276032, 44.869239678595974 ], [ -93.380639517620381, 44.86923969125349 ], [ -93.380639749012516, 44.869274798800298 ], [ -93.380647344328423, 44.869274773485117 ], [ -93.380647362128187, 44.869277474065612 ], [ -93.380651159786325, 44.869277461407833 ], [ -93.380651177586273, 44.86928016198835 ], [ -93.380654975244582, 44.869280149330429 ], [ -93.380654993044715, 44.869282849910945 ], [ -93.38065879070318, 44.869282837252896 ], [ -93.380658826303801, 44.869288238413901 ], [ -93.38066642162147, 44.869288213097427 ], [ -93.380666439422129, 44.869290913677929 ], [ -93.380670237081148, 44.869290901019504 ], [ -93.380670254881991, 44.869293601600027 ], [ -93.380712029132852, 44.869293462348992 ] ] ] } },
{ "type": "Feature", "properties": { }, "geometry": { "type": "Polygon", "coordinates": [ [ [ -93.378850644373884, 44.8692186330968 ], [ -93.378850484932542, 44.869194327866822 ], [ -93.378846687279093, 44.869194340464709 ], [ -93.378846669563572, 44.869191639883596 ], [ -93.37884287191028, 44.869191652481369 ], [ -93.378842854194943, 44.869188951900242 ], [ -93.37883905654185, 44.86918896449788 ], [ -93.378839038826698, 44.869186263916767 ], [ -93.378831443520838, 44.86918628911166 ], [ -93.378831425806041, 44.869183588530532 ], [ -93.378782056319977, 44.869183752285004 ], [ -93.378782038607497, 44.869181051703869 ], [ -93.378778240954873, 44.869181064299482 ], [ -93.378778223242563, 44.869178363718326 ], [ -93.378774425590123, 44.869178376313812 ], [ -93.378774407878012, 44.86917567573267 ], [ -93.378709847789196, 44.869175889836576 ], [ -93.378709830080098, 44.869173189255406 ], [ -93.378706032427957, 44.869173201848625 ], [ -93.378706014719043, 44.869170501267448 ], [ -93.37869841941513, 44.869170526453495 ], [ -93.378698401706558, 44.869167825872324 ], [ -93.378690806403, 44.869167851057846 ], [ -93.378690788694797, 44.869165150476668 ], [ -93.378675598088336, 44.869165200846219 ], [ -93.378675580380843, 44.869162500265034 ], [ -93.378645199169256, 44.869162600998052 ], [ -93.378645181463185, 44.869159900416854 ], [ -93.378607204950242, 44.869160026321737 ], [ -93.378607187245947, 44.869157325740538 ], [ -93.378599591943683, 44.869157350919998 ], [ -93.378599574239743, 44.869154650338793 ], [ -93.378595776588796, 44.869154662928331 ], [ -93.378595758885041, 44.869151962347111 ], [ -93.378569175329517, 44.869152050470348 ], [ -93.378569157626984, 44.869149349889121 ], [ -93.378534978771299, 44.869149463181323 ], [ -93.378534996472226, 44.86915216376255 ], [ -93.378519805868905, 44.869152214111359 ], [ -93.378519965170852, 44.869176519342446 ], [ -93.378523762823292, 44.869176506755423 ], [ -93.378523780523679, 44.869179207336643 ], [ -93.378527578176289, 44.869179194749485 ], [ -93.378527843685347, 44.869219703467685 ], [ -93.378850644373884, 44.8692186330968 ] ] ] } },
{ "type": "Feature", "properties": { }, "geometry": { "type": "Polygon", "coordinates": [ [ [ -93.380817651279216, 44.869185084603842 ], [ -93.380817615663872, 44.869179683442823 ], [ -93.380821413315488, 44.869179670779403 ], [ -93.380821395507638, 44.8691769701989 ], [ -93.380825193159097, 44.869176957535345 ], [ -93.380825175351077, 44.869174256954842 ], [ -93.380847961258624, 44.869174180970887 ], [ -93.380847890022309, 44.869163378648878 ], [ -93.380851687672845, 44.869163365984456 ], [ -93.380851669863588, 44.869160665403953 ], [ -93.380855467513953, 44.869160652739389 ], [ -93.380855449704526, 44.869157952158901 ], [ -93.380859247354707, 44.869157939494215 ], [ -93.380859229545109, 44.869155238913699 ], [ -93.3808668248451, 44.869155213583966 ], [ -93.380866504266322, 44.869106603134732 ], [ -93.380832325445013, 44.869106717114377 ], [ -93.380832343253331, 44.869109417694908 ], [ -93.380817152665315, 44.869109468349265 ], [ -93.380817170472923, 44.869112168929789 ], [ -93.38080577753135, 44.869112206919226 ], [ -93.380805795338432, 44.869114907499764 ], [ -93.380801997691051, 44.869114920162659 ], [ -93.380802015497949, 44.869117620743197 ], [ -93.380794420202832, 44.869117646068617 ], [ -93.380794438009389, 44.869120346649154 ], [ -93.380783045066167, 44.869120384636325 ], [ -93.380783062872183, 44.86912308521687 ], [ -93.380779265224277, 44.869123097879019 ], [ -93.380779283030108, 44.869125798459557 ], [ -93.380775485382017, 44.869125811121563 ], [ -93.380775503187678, 44.869128511702108 ], [ -93.380771705539388, 44.869128524363994 ], [ -93.380771723344893, 44.869131224944539 ], [ -93.380764128047957, 44.869131250267941 ], [ -93.380764145853092, 44.869133950848486 ], [ -93.380760348204461, 44.869133963510002 ], [ -93.3807605440592, 44.869163669895926 ], [ -93.380775734661569, 44.869163619249051 ], [ -93.380775752467287, 44.869166319829574 ], [ -93.380779550118049, 44.869166307167553 ], [ -93.380779567923923, 44.86916900774807 ], [ -93.380783365574857, 44.869168995085914 ], [ -93.380783472411281, 44.869185198569021 ], [ -93.380817651279216, 44.869185084603842 ] ] ] } },
{ "type": "Feature", "properties": { }, "geometry": { "type": "Polygon", "coordinates": [ [ [ -93.38475959468785, 44.869169171421099 ], [ -93.384759414768041, 44.869142165628382 ], [ -93.38476321241545, 44.869142152833874 ], [ -93.384763194423314, 44.869139452254593 ], [ -93.384766992070539, 44.869139439459985 ], [ -93.384766902108964, 44.869125936563591 ], [ -93.384770699755293, 44.869125923768841 ], [ -93.384770483845656, 44.869093516817344 ], [ -93.384762888557248, 44.869093542406659 ], [ -93.38476287056514, 44.869090841827365 ], [ -93.384759072921099, 44.869090854621831 ], [ -93.384759054929191, 44.869088154042522 ], [ -93.38475525728532, 44.869088166836853 ], [ -93.384755239293582, 44.869085466257566 ], [ -93.384713465212897, 44.869085606986992 ], [ -93.384713717070127, 44.869123415097363 ], [ -93.384717514716328, 44.869123402304396 ], [ -93.384717568686327, 44.869131504042294 ], [ -93.384721366333054, 44.869131491249199 ], [ -93.384721618195854, 44.869169299359221 ], [ -93.38475959468785, 44.869169171421099 ] ] ] } },
{ "type": "Feature", "properties": { }, "geometry": { "type": "Polygon", "coordinates": [ [ [ -93.384781678855546, 44.869063772060073 ], [ -93.38478162487668, 44.869055670322133 ], [ -93.384785422518391, 44.869055657526928 ], [ -93.38478540452526, 44.869052956947606 ], [ -93.3847892021668, 44.869052944152273 ], [ -93.384789184173485, 44.869050243572964 ], [ -93.384811970021573, 44.869050166798289 ], [ -93.384811736095003, 44.869015059267184 ], [ -93.384766164426466, 44.869015212811803 ], [ -93.384766182418659, 44.869017913391133 ], [ -93.384747194222456, 44.869017977362709 ], [ -93.384747266187745, 44.869028779680065 ], [ -93.384743468547782, 44.869028792473998 ], [ -93.384743486538937, 44.869031493053328 ], [ -93.38473968889879, 44.869031505847147 ], [ -93.384739706889775, 44.869034206426491 ], [ -93.384735909249457, 44.869034219220175 ], [ -93.384736071166756, 44.86905852443418 ], [ -93.384743666450603, 44.869058498846655 ], [ -93.384743684441787, 44.869061199425971 ], [ -93.384747482083867, 44.869061186632017 ], [ -93.384747500075235, 44.869063887211354 ], [ -93.384781678855546, 44.869063772060073 ] ] ] } },
{ "type": "Feature", "properties": { }, "geometry": { "type": "Polygon", "coordinates": [ [ [ -93.381257465763269, 44.869075591588114 ], [ -93.381257430106928, 44.86907019042728 ], [ -93.381261227751153, 44.869070177749244 ], [ -93.381261174266129, 44.869062076007985 ], [ -93.381264971909829, 44.869062063329835 ], [ -93.381264740139358, 44.86902695578425 ], [ -93.381215370801115, 44.869027120590168 ], [ -93.381215388627297, 44.869029821170614 ], [ -93.381203995702492, 44.869029859199721 ], [ -93.381204156133393, 44.869054164423773 ], [ -93.381207953776595, 44.869054151747505 ], [ -93.381208007254131, 44.869062253488835 ], [ -93.381211804897859, 44.869062240812454 ], [ -93.381211822723898, 44.869064941392878 ], [ -93.381215620367797, 44.869064928716384 ], [ -93.381215656020217, 44.869070329877253 ], [ -93.381219453664471, 44.86907031720061 ], [ -93.38121947149088, 44.869073017781034 ], [ -93.381223269135319, 44.869073005104276 ], [ -93.38122328696187, 44.8690757056847 ], [ -93.381257465763269, 44.869075591588114 ] ] ] } },
{ "type": "Feature", "properties": { }, "geometry": { "type": "Polygon", "coordinates": [ [ [ -93.384599140242969, 44.869026577970708 ], [ -93.384598852492871, 44.868983368700377 ], [ -93.384557078485273, 44.868983509372363 ], [ -93.38455736620412, 44.8690267186429 ], [ -93.384599140242969, 44.869026577970708 ] ] ] } },
{ "type": "Feature", "properties": { }, "geometry": { "type": "Polygon", "coordinates": [ [ [ -93.388827002783103, 44.869174300195446 ], [ -93.38882693005435, 44.869163497883562 ], [ -93.388830727701333, 44.869163484953802 ], [ -93.388830600424882, 44.869144580907971 ], [ -93.388834398070614, 44.869144567978097 ], [ -93.388834379888095, 44.86914186740011 ], [ -93.388838177533671, 44.869141854470108 ], [ -93.388838159350968, 44.869139153892128 ], [ -93.388876135804679, 44.869139024585238 ], [ -93.388876117620214, 44.869136324007272 ], [ -93.38888371291057, 44.869136298144376 ], [ -93.388883694725763, 44.86913359756641 ], [ -93.388887492370756, 44.869133584634781 ], [ -93.388887474185765, 44.869130884056801 ], [ -93.388921652989026, 44.869130767666427 ], [ -93.388921634802429, 44.869128067088461 ], [ -93.388925432447053, 44.869128054155567 ], [ -93.38892530513975, 44.869109150109821 ], [ -93.388929102783123, 44.869109137176814 ], [ -93.388929084596199, 44.869106436598848 ], [ -93.388932882239388, 44.869106423665706 ], [ -93.388932864052293, 44.869103723087747 ], [ -93.388940459338315, 44.869103697221085 ], [ -93.388940477525765, 44.869106397799044 ], [ -93.388967061027998, 44.869106307261774 ], [ -93.388967079216698, 44.869109007839739 ], [ -93.389001258006687, 44.869108891425569 ], [ -93.389001239816395, 44.869106190847631 ], [ -93.389020228032066, 44.869106126168674 ], [ -93.389020064311509, 44.869081820967182 ], [ -93.389023861953049, 44.869081808031027 ], [ -93.389023843761706, 44.869079107453082 ], [ -93.389027641403061, 44.869079094516806 ], [ -93.389027623211547, 44.86907639393884 ], [ -93.389058004340839, 44.869076290444042 ], [ -93.389057986147904, 44.869073589866105 ], [ -93.389061783788875, 44.869073576928692 ], [ -93.389061765595784, 44.869070876350747 ], [ -93.389065563236571, 44.869070863413199 ], [ -93.389065526850018, 44.869065462257318 ], [ -93.38906932449045, 44.869065449319649 ], [ -93.389069288103542, 44.869060048163767 ], [ -93.389073085743618, 44.869060035225971 ], [ -93.389073067549987, 44.869057334648026 ], [ -93.389076865189892, 44.869057321710123 ], [ -93.38907684699609, 44.869054621132172 ], [ -93.389080644635811, 44.869054608194126 ], [ -93.389080626441825, 44.869051907616189 ], [ -93.389099614639491, 44.869051842924108 ], [ -93.389099596444623, 44.869049142346178 ], [ -93.389110989362663, 44.869049103529406 ], [ -93.38911097116727, 44.869046402951462 ], [ -93.389118566445589, 44.869046377072998 ], [ -93.38911854824984, 44.869043676495053 ], [ -93.389122345888822, 44.869043663555637 ], [ -93.389122327692903, 44.869040962977692 ], [ -93.3891261253317, 44.869040950038134 ], [ -93.38912610713561, 44.86903824946021 ], [ -93.389129904774236, 44.869038236520531 ], [ -93.389129886577962, 44.869035535942601 ], [ -93.389137481854831, 44.869035510062879 ], [ -93.389137500051447, 44.869038210640809 ], [ -93.38917167879886, 44.869038094175785 ], [ -93.389171660600638, 44.869035393597862 ], [ -93.389179255877451, 44.869035367715362 ], [ -93.389179237678874, 44.869032667137432 ], [ -93.389183035317103, 44.869032654195998 ], [ -93.389183017118356, 44.869029953618089 ], [ -93.3891868147564, 44.869029940676505 ], [ -93.389186796557482, 44.869027240098596 ], [ -93.389205784746778, 44.869027175388887 ], [ -93.389205802946591, 44.869029875966795 ], [ -93.389209600584635, 44.869029863024473 ], [ -93.389209618784619, 44.869032563602381 ], [ -93.389213416422834, 44.869032550659938 ], [ -93.389213434623002, 44.869035251237847 ], [ -93.389217232261373, 44.869035238295268 ], [ -93.389217250461741, 44.869037938873184 ], [ -93.389221048100296, 44.869037925930471 ], [ -93.389221066300834, 44.869040626508372 ], [ -93.389232459217013, 44.869040587679493 ], [ -93.389232477418091, 44.869043288257402 ], [ -93.389266656168104, 44.869043171763948 ], [ -93.389266601560109, 44.869035070030272 ], [ -93.389270399198466, 44.869035057085931 ], [ -93.389270380995626, 44.869032356508029 ], [ -93.389274178633784, 44.869032343563561 ], [ -93.389274160430773, 44.869029642985673 ], [ -93.389281755706747, 44.869029617096366 ], [ -93.389281591876554, 44.869005311895286 ], [ -93.389277794240172, 44.869005324839989 ], [ -93.389277776037019, 44.869002624262087 ], [ -93.389273978400794, 44.86900263720667 ], [ -93.389273796371086, 44.868975631427553 ], [ -93.389269998736651, 44.868975644371986 ], [ -93.389269980533868, 44.868972943794063 ], [ -93.389266182899604, 44.868972956738382 ], [ -93.389266164697005, 44.868970256160466 ], [ -93.389258569428819, 44.868970282048721 ], [ -93.38925855122659, 44.868967581470798 ], [ -93.389254753592667, 44.868967594414734 ], [ -93.389254735390608, 44.86896489383679 ], [ -93.389212961419332, 44.868965036211733 ], [ -93.389212979619444, 44.868967736789699 ], [ -93.389209181985507, 44.868967749732114 ], [ -93.389209200185448, 44.868970450310066 ], [ -93.389194009648918, 44.868970502078483 ], [ -93.389194027848148, 44.868973202656427 ], [ -93.389186432579507, 44.868973228539872 ], [ -93.389186414380646, 44.868970527961935 ], [ -93.389182616746496, 44.868970540903476 ], [ -93.389182598547805, 44.868967840325524 ], [ -93.389178800913839, 44.868967853266938 ], [ -93.389178764516842, 44.86896245211102 ], [ -93.389167371615983, 44.868962490934479 ], [ -93.389167353418017, 44.868959790356534 ], [ -93.389163555784563, 44.868959803297436 ], [ -93.389163537586768, 44.86895710271947 ], [ -93.389159739953499, 44.868957115660244 ], [ -93.389159703558292, 44.868951714504298 ], [ -93.389155905925364, 44.868951727444951 ], [ -93.389155887727938, 44.868949026866986 ], [ -93.389152090095195, 44.868949039807504 ], [ -93.389152035503457, 44.868940938073585 ], [ -93.389106463916775, 44.868941093349925 ], [ -93.389106482111885, 44.868943793927905 ], [ -93.389098886847037, 44.868943819805523 ], [ -93.389098905041791, 44.86894652038351 ], [ -93.389083714511386, 44.868946572137247 ], [ -93.38908373270543, 44.868949272715234 ], [ -93.389076137439844, 44.868949298591346 ], [ -93.389076119246141, 44.868946598013359 ], [ -93.38907232161354, 44.86894661095122 ], [ -93.389072303420022, 44.868943910373218 ], [ -93.389068505787577, 44.868943923310965 ], [ -93.389068469400897, 44.868938522154949 ], [ -93.389026695447782, 44.868938664461695 ], [ -93.389026713639169, 44.868941365039731 ], [ -93.389022916006866, 44.868941377975951 ], [ -93.389022934198067, 44.868944078553966 ], [ -93.389019136565594, 44.868944091490057 ], [ -93.38901917294767, 44.868949492646088 ], [ -93.389015375314827, 44.868949505582052 ], [ -93.389015393505701, 44.86895220616006 ], [ -93.389011595872688, 44.86895221909591 ], [ -93.389011614063364, 44.868954919673925 ], [ -93.389000221163784, 44.868954958480714 ], [ -93.389000275734247, 44.868963060214753 ], [ -93.388996478100509, 44.868963073150105 ], [ -93.388996496290503, 44.868965773728114 ], [ -93.38899269865658, 44.868965786663338 ], [ -93.388992716846403, 44.868968487241361 ], [ -93.388985121578216, 44.868968513111433 ], [ -93.388985139767669, 44.868971213689434 ], [ -93.388981342133391, 44.868971226624282 ], [ -93.388981360322674, 44.868973927202298 ], [ -93.388943383978003, 44.868974056543806 ], [ -93.388943402165509, 44.868976757121835 ], [ -93.388939604530833, 44.868976770055298 ], [ -93.388939622718169, 44.868979470633306 ], [ -93.38892063454395, 44.868979535298728 ], [ -93.388920652730405, 44.868982235876764 ], [ -93.388909259825311, 44.868982274674508 ], [ -93.388909314383071, 44.868990376408583 ], [ -93.388905516747499, 44.868990389340908 ], [ -93.388905534933244, 44.868993089918952 ], [ -93.388901737297502, 44.86899310285115 ], [ -93.388901864596562, 44.869012006897336 ], [ -93.38889806695957, 44.869012019829412 ], [ -93.388898303370141, 44.869047127343592 ], [ -93.388902101009464, 44.869047114411494 ], [ -93.388902155566342, 44.869055216145497 ], [ -93.388898357926493, 44.869055229077595 ], [ -93.388898376111953, 44.869057929655604 ], [ -93.388894578471934, 44.869057942587581 ], [ -93.388894614842499, 44.869063343743576 ], [ -93.388890817202125, 44.869063356675454 ], [ -93.38889083538723, 44.869066057253441 ], [ -93.38888703774667, 44.869066070185177 ], [ -93.388887055931619, 44.869068770763164 ], [ -93.388883258290875, 44.869068783694779 ], [ -93.388883276475639, 44.86907148427278 ], [ -93.38887947883471, 44.869071497204246 ], [ -93.388879497019303, 44.869074197782254 ], [ -93.388860508813792, 44.869074262437756 ], [ -93.388860636099736, 44.869093166483779 ], [ -93.388856838457372, 44.869093179414492 ], [ -93.388856856640913, 44.869095879992507 ], [ -93.388853058998379, 44.869095892923127 ], [ -93.38885307718175, 44.869098593501107 ], [ -93.388845481896311, 44.869098619361942 ], [ -93.388845518262329, 44.869104020517952 ], [ -93.388841720619268, 44.869104033448167 ], [ -93.3888417388021, 44.869106734026168 ], [ -93.388837941158855, 44.86910674695627 ], [ -93.388837959341515, 44.869109447534271 ], [ -93.388826566411211, 44.869109486323836 ], [ -93.388826602775467, 44.869114887479839 ], [ -93.388822805131682, 44.869114900409436 ], [ -93.388822823313646, 44.86911760098743 ], [ -93.388819025669662, 44.869117613916913 ], [ -93.388819043851441, 44.869120314494914 ], [ -93.388796257986485, 44.869120392069149 ], [ -93.388796276167199, 44.869123092647158 ], [ -93.388792478522845, 44.869123105575753 ], [ -93.388792496703388, 44.869125806153754 ], [ -93.38878490141434, 44.869125832010575 ], [ -93.388784919594528, 44.869128532588576 ], [ -93.388781121949833, 44.869128545516801 ], [ -93.388781340110228, 44.869160952452766 ], [ -93.388785137757068, 44.869160939524527 ], [ -93.388785228658222, 44.86917444241444 ], [ -93.388827002783103, 44.869174300195446 ] ] ] } },
{ "type": "Feature", "properties": { }, "geometry": { "type": "Polygon", "coordinates": [ [ [ -93.384465881260482, 44.868975714501651 ], [ -93.384465719457353, 44.868951409286531 ], [ -93.384461921822336, 44.868951422071092 ], [ -93.384461903844411, 44.868948721491613 ], [ -93.384446713305095, 44.868948772628585 ], [ -93.384446695327867, 44.868946072049127 ], [ -93.384442897693219, 44.868946084833055 ], [ -93.384442879716175, 44.868943384253576 ], [ -93.384439082081684, 44.868943397037384 ], [ -93.384439064104825, 44.868940696457898 ], [ -93.384401087761645, 44.868940824288913 ], [ -93.384401285487755, 44.868970530663219 ], [ -93.384405083124037, 44.868970517880669 ], [ -93.384405101099318, 44.868973218460141 ], [ -93.384431684554471, 44.868973128978759 ], [ -93.384431702531018, 44.868975829558231 ], [ -93.384465881260482, 44.868975714501651 ] ] ] } },
{ "type": "Feature", "properties": { }, "geometry": { "type": "Polygon", "coordinates": [ [ [ -93.380683202542102, 44.868953277812743 ], [ -93.380682971126163, 44.868918170264131 ], [ -93.380648792415641, 44.868918284188467 ], [ -93.380648810215263, 44.86892098476914 ], [ -93.380645012580572, 44.868920997426784 ], [ -93.380644994781122, 44.868918296846104 ], [ -93.380633601877577, 44.868918334818233 ], [ -93.38063358407868, 44.868915634237545 ], [ -93.380629786444331, 44.868915646894663 ], [ -93.380629768645619, 44.868912946313962 ], [ -93.380625971011426, 44.868912958970959 ], [ -93.380625953212899, 44.868910258390279 ], [ -93.380587976872832, 44.868910384953267 ], [ -93.380588137043802, 44.868934690179572 ], [ -93.38059193467943, 44.868934677523832 ], [ -93.380591952476379, 44.868937378104519 ], [ -93.380595750112192, 44.868937365448652 ], [ -93.380595767909327, 44.868940066029332 ], [ -93.380603363181251, 44.868940040717213 ], [ -93.380603380978755, 44.8689427412979 ], [ -93.380607178614895, 44.868942728641663 ], [ -93.380607196412583, 44.868945429222336 ], [ -93.380610994048894, 44.868945416565957 ], [ -93.380611029644626, 44.868950817727317 ], [ -93.380637613101243, 44.868950729129111 ], [ -93.380637630900353, 44.868953429709784 ], [ -93.380683202542102, 44.868953277812743 ] ] ] } },
{ "type": "Feature", "properties": { }, "geometry": { "type": "Polygon", "coordinates": [ [ [ -93.384541762065155, 44.868964656466005 ], [ -93.384541708120139, 44.86895655472771 ], [ -93.38454550575544, 44.868956541940499 ], [ -93.384545487773593, 44.868953841361055 ], [ -93.384549285408724, 44.868953828573709 ], [ -93.384549267426692, 44.868951127994279 ], [ -93.384560660331502, 44.868951089631516 ], [ -93.384560462523567, 44.868921383257664 ], [ -93.384564260156537, 44.868921370469842 ], [ -93.384564242173838, 44.868918669890384 ], [ -93.384568039806638, 44.868918657102441 ], [ -93.384568021823753, 44.868915956522997 ], [ -93.384579414721614, 44.868915918158379 ], [ -93.384579252871021, 44.86889161294333 ], [ -93.384575455240011, 44.868891625731649 ], [ -93.384575437256814, 44.868888925152199 ], [ -93.38457163962596, 44.86888893794039 ], [ -93.384571621642934, 44.868886237360911 ], [ -93.384567824012265, 44.868886250148982 ], [ -93.38456777006374, 44.868878148410595 ], [ -93.384556377173325, 44.868878186774033 ], [ -93.384556359191009, 44.868875486194554 ], [ -93.384552561561037, 44.868875498982106 ], [ -93.38455254357892, 44.868872798402641 ], [ -93.38451836491069, 44.86887291348495 ], [ -93.384518670580036, 44.868918823335989 ], [ -93.384514872947207, 44.868918836122305 ], [ -93.384514890927591, 44.86892153670177 ], [ -93.384511093294577, 44.868921549487951 ], [ -93.384511111274804, 44.868924250067415 ], [ -93.384503516008422, 44.868924275639415 ], [ -93.384503587927895, 44.868935077957268 ], [ -93.384499790294001, 44.868935090743079 ], [ -93.384499970091099, 44.868962096537615 ], [ -93.384507565362469, 44.868962070965836 ], [ -93.384507583342554, 44.868964771545286 ], [ -93.384541762065155, 44.868964656466005 ] ] ] } },
{ "type": "Feature", "properties": { }, "geometry": { "type": "Polygon", "coordinates": [ [ [ -93.38072834690324, 44.868888311961769 ], [ -93.380728186673522, 44.86886400673567 ], [ -93.380720591411688, 44.868864032056052 ], [ -93.380720573608755, 44.868861331475372 ], [ -93.380716775978016, 44.868861344135375 ], [ -93.380716758175268, 44.868858643554674 ], [ -93.380712960544699, 44.868858656214563 ], [ -93.380712942742122, 44.868855955633869 ], [ -93.380709145111737, 44.868855968293623 ], [ -93.380709127309345, 44.868853267712936 ], [ -93.380705329679131, 44.868853280372548 ], [ -93.380705294074701, 44.868847879211152 ], [ -93.380655924886341, 44.868848043774697 ], [ -93.380656085085562, 44.868872349001073 ], [ -93.380671275611505, 44.868872298368366 ], [ -93.380671293412149, 44.868874998949067 ], [ -93.380675091043798, 44.868874986290578 ], [ -93.380675108844613, 44.868877686871279 ], [ -93.380678906476447, 44.868877674212648 ], [ -93.380678924277433, 44.868880374793335 ], [ -93.380686519541456, 44.86888034947571 ], [ -93.380686537342797, 44.868883050056397 ], [ -93.380690334974972, 44.868883037397389 ], [ -93.380690352776512, 44.868885737978083 ], [ -93.380694150408871, 44.868885725318947 ], [ -93.380694168210582, 44.868888425899627 ], [ -93.38072834690324, 44.868888311961769 ] ] ] } },
{ "type": "Feature", "properties": { }, "geometry": { "type": "Polygon", "coordinates": [ [ [ -93.384753260217821, 44.868788402525894 ], [ -93.384753026329065, 44.868753294992942 ], [ -93.384745431085378, 44.86875332058095 ], [ -93.384745413094294, 44.868750620001478 ], [ -93.384741615472635, 44.868750632795283 ], [ -93.384741597481749, 44.868747932215818 ], [ -93.384737799860247, 44.868747945009503 ], [ -93.384737781869532, 44.868745244430031 ], [ -93.38474157949085, 44.868745231636339 ], [ -93.384741399582126, 44.868718225841548 ], [ -93.384707221006153, 44.86871834098006 ], [ -93.384707400898904, 44.868745346774972 ], [ -93.384714996141568, 44.8687453211895 ], [ -93.384715014131217, 44.868748021768972 ], [ -93.384718811752734, 44.868748008976041 ], [ -93.384718829742553, 44.868750709555528 ], [ -93.384722627364226, 44.868750696762469 ], [ -93.384722645354245, 44.868753397341955 ], [ -93.384718847732373, 44.868753410135014 ], [ -93.384718865722192, 44.868756110714486 ], [ -93.384715068100164, 44.868756123507417 ], [ -93.384715086089813, 44.868758824086889 ], [ -93.384711288467585, 44.868758836879692 ], [ -93.384711306457078, 44.868761537459186 ], [ -93.384707508834666, 44.868761550251861 ], [ -93.384707688727815, 44.868788556046567 ], [ -93.384753260217821, 44.868788402525894 ] ] ] } },
{ "type": "Feature", "properties": { }, "geometry": { "type": "Polygon", "coordinates": [ [ [ -93.382350060908408, 44.868901798549309 ], [ -93.382349810600488, 44.868863990426995 ], [ -93.382334620079718, 44.868864041282968 ], [ -93.382334602201297, 44.868861340702786 ], [ -93.382330804571268, 44.868861353416463 ], [ -93.382330786693061, 44.868858652836288 ], [ -93.382326989063202, 44.86885866554983 ], [ -93.382326971185151, 44.868855964969647 ], [ -93.382323173555477, 44.868855977683076 ], [ -93.382323066288308, 44.868839774201916 ], [ -93.3823192686597, 44.86883978691521 ], [ -93.382319215026683, 44.868831685174619 ], [ -93.382296429258162, 44.868831761451666 ], [ -93.382296411381574, 44.868829060871455 ], [ -93.382292613753648, 44.868829073583861 ], [ -93.382292595877217, 44.868826373003643 ], [ -93.382288798249476, 44.86882638571592 ], [ -93.382288708868288, 44.868812882814844 ], [ -93.382284911241442, 44.868812895526986 ], [ -93.382284857613286, 44.868804793786332 ], [ -93.38228865523962, 44.868804781074189 ], [ -93.382288637363388, 44.868802080493971 ], [ -93.382292434989537, 44.868802067781715 ], [ -93.382292417113135, 44.86879936720149 ], [ -93.3822962147391, 44.868799354489106 ], [ -93.382296232615687, 44.868802055069331 ], [ -93.382300030241822, 44.868802042356819 ], [ -93.38230004811858, 44.86880474293703 ], [ -93.382303845744886, 44.868804730224397 ], [ -93.3823038993757, 44.86881283196503 ], [ -93.382338078017213, 44.868812717545573 ], [ -93.382338060138679, 44.868810016965362 ], [ -93.382345655391973, 44.868809991537425 ], [ -93.382345494482053, 44.868785686315569 ], [ -93.382341696856997, 44.868785699029594 ], [ -93.38234166109963, 44.868780297869165 ], [ -93.38233786347493, 44.868780310583062 ], [ -93.382337845596425, 44.868777610002837 ], [ -93.38233025034738, 44.868777635430249 ], [ -93.382330232469243, 44.868774934850016 ], [ -93.382326434844899, 44.868774947563537 ], [ -93.382326416966919, 44.868772246983305 ], [ -93.382322619342744, 44.868772259696684 ], [ -93.38232254783162, 44.86876145737579 ], [ -93.382284571596884, 44.868761584502614 ], [ -93.382284589472889, 44.868764285082854 ], [ -93.382276994225563, 44.868764310506705 ], [ -93.3822769763499, 44.868761609926466 ], [ -93.382273178726422, 44.868761622638196 ], [ -93.382273160850957, 44.868758922057943 ], [ -93.382269363227635, 44.868758934769559 ], [ -93.382269345352341, 44.868756234189306 ], [ -93.3822503572366, 44.868756297745442 ], [ -93.382250339362201, 44.868753597165188 ], [ -93.382235148870294, 44.868753648007825 ], [ -93.382235130996605, 44.868750947427571 ], [ -93.382231333373795, 44.868750960137916 ], [ -93.382231315500292, 44.868748259557648 ], [ -93.382227517877652, 44.868748272267858 ], [ -93.382227500004319, 44.86874557168759 ], [ -93.382223702381864, 44.868745584397679 ], [ -93.382223666635582, 44.868740183237129 ], [ -93.382219869013468, 44.86874019594709 ], [ -93.382219851140505, 44.868737495366823 ], [ -93.382216053518576, 44.868737508076656 ], [ -93.382216017773004, 44.868732106916106 ], [ -93.382219815394578, 44.868732094206273 ], [ -93.382219797521614, 44.868729393625991 ], [ -93.382223595143017, 44.868729380916044 ], [ -93.382223577269883, 44.868726680335769 ], [ -93.382227374891102, 44.868726667625687 ], [ -93.382227357017797, 44.868723967045405 ], [ -93.382238749880898, 44.868723928914406 ], [ -93.382238732007053, 44.868721228334145 ], [ -93.382242529627902, 44.868721215623559 ], [ -93.382242511753887, 44.868718515043277 ], [ -93.382246309374551, 44.86871850233257 ], [ -93.38224629150038, 44.868715801752302 ], [ -93.382253886741353, 44.868715776330511 ], [ -93.382253868866812, 44.868713075750236 ], [ -93.382257666487121, 44.868713063039152 ], [ -93.382257648612395, 44.868710362458891 ], [ -93.382272839092906, 44.868710311613299 ], [ -93.38227278546664, 44.86870220987246 ], [ -93.38227658308621, 44.868702197160758 ], [ -93.382276422205976, 44.868677891938241 ], [ -93.382234648407973, 44.868678031759998 ], [ -93.382234666281605, 44.868680732340295 ], [ -93.382230868663413, 44.868680745050604 ], [ -93.382230886536846, 44.868683445630907 ], [ -93.382223291300093, 44.868683471051142 ], [ -93.382223309173199, 44.868686171631445 ], [ -93.382215713936077, 44.868686197051183 ], [ -93.382215731808827, 44.868688897631486 ], [ -93.382211934190082, 44.868688910341163 ], [ -93.382211952062647, 44.868691610921459 ], [ -93.382204356824815, 44.868691636340458 ], [ -93.382204374697025, 44.868694336920768 ], [ -93.382196779458823, 44.868694362339248 ], [ -93.382196797330678, 44.868697062919551 ], [ -93.382192999711393, 44.868697075628603 ], [ -93.382193017583091, 44.868699776208906 ], [ -93.382189219963621, 44.868699788917837 ], [ -93.382189237835135, 44.868702489498141 ], [ -93.382185440215494, 44.868702502206936 ], [ -93.382185458086823, 44.868705202787233 ], [ -93.382181660466998, 44.868705215495915 ], [ -93.382181678338156, 44.868707916076239 ], [ -93.38217408309815, 44.868707941493206 ], [ -93.382174065227346, 44.868705240912895 ], [ -93.38217026760752, 44.868705253621201 ], [ -93.382170249736902, 44.86870255304089 ], [ -93.382166452117247, 44.868702565749075 ], [ -93.382166434246798, 44.868699865168765 ], [ -93.38213225567138, 44.86869997953665 ], [ -93.382132416491075, 44.868724284759459 ], [ -93.38213621411218, 44.868724272052425 ], [ -93.382136249850276, 44.868729673213032 ], [ -93.382140047471736, 44.868729660505856 ], [ -93.382140083210189, 44.868735061666463 ], [ -93.38214388083199, 44.868735048959159 ], [ -93.382143916570811, 44.868740450119752 ], [ -93.382147714192982, 44.868740437412306 ], [ -93.382147732062563, 44.868743137992617 ], [ -93.38215152968489, 44.868743125285043 ], [ -93.382151565424451, 44.868748526445643 ], [ -93.382155363047133, 44.868748513737955 ], [ -93.382155380917084, 44.868751214318245 ], [ -93.382159178539951, 44.868751201610429 ], [ -93.382159214280222, 44.868756602770986 ], [ -93.382163011903444, 44.868756590063043 ], [ -93.38216304764407, 44.868761991223622 ], [ -93.382166845267648, 44.868761978515543 ], [ -93.382166863138139, 44.868764679095818 ], [ -93.382170660761872, 44.868764666387612 ], [ -93.382170696503238, 44.868770067548162 ], [ -93.382174494127341, 44.868770054839842 ], [ -93.382174511998201, 44.868772755420103 ], [ -93.382178309622475, 44.868772742711649 ], [ -93.382178345364551, 44.868778143872198 ], [ -93.38218214298918, 44.868778131163602 ], [ -93.38218216086041, 44.868780831743877 ], [ -93.382185958485195, 44.868780819035166 ], [ -93.38218599422801, 44.86878622019568 ], [ -93.382189791853165, 44.868786207486835 ], [ -93.38218980972475, 44.868788908067103 ], [ -93.382193607350089, 44.868788895358129 ], [ -93.382193643093615, 44.868794296518644 ], [ -93.382197440719295, 44.868794283809535 ], [ -93.382197476463205, 44.868799684970057 ], [ -93.382201274089226, 44.868799672260828 ], [ -93.382201291961366, 44.868802372841088 ], [ -93.382205089587572, 44.868802360131731 ], [ -93.382205125332192, 44.868807761292224 ], [ -93.382208922958753, 44.868807748582739 ], [ -93.382208940831248, 44.868810449162986 ], [ -93.382212738457994, 44.868810436453366 ], [ -93.382212774203339, 44.868815837613845 ], [ -93.382216571830426, 44.868815824904111 ], [ -93.38221660757614, 44.86882122606459 ], [ -93.382220405203583, 44.868821213354707 ], [ -93.382220440949681, 44.868826614515179 ], [ -93.382224238577464, 44.868826601805168 ], [ -93.382224256450684, 44.868829302385414 ], [ -93.382228054078652, 44.86882928967529 ], [ -93.382228071952056, 44.868831990255515 ], [ -93.382231869580195, 44.86883197754527 ], [ -93.382231905327373, 44.868837378705713 ], [ -93.382235702955867, 44.868837365995333 ], [ -93.3822357387034, 44.868842767155769 ], [ -93.382262322105248, 44.868842678179554 ], [ -93.382262339980272, 44.868845378759779 ], [ -93.382266137609278, 44.86884536604839 ], [ -93.382266155484459, 44.868848066628587 ], [ -93.382269953113649, 44.86884805391707 ], [ -93.382270042490561, 44.868861556818075 ], [ -93.382277637750676, 44.868861531394643 ], [ -93.382277655626424, 44.868864231974847 ], [ -93.382281453256667, 44.868864219262939 ], [ -93.382281471132586, 44.868866919843136 ], [ -93.382285268762999, 44.868866907131085 ], [ -93.382285304515221, 44.868872308291486 ], [ -93.382289102145975, 44.868872295579315 ], [ -93.382289120022264, 44.868874996159498 ], [ -93.382292917653203, 44.868874983447199 ], [ -93.382292935529676, 44.868877684027389 ], [ -93.382296733160786, 44.868877671314976 ], [ -93.38229685829738, 44.86889657537624 ], [ -93.382312048826762, 44.868896524525269 ], [ -93.382312066704145, 44.86889922510543 ], [ -93.382315864336675, 44.868899212392378 ], [ -93.382315882214229, 44.868901912972532 ], [ -93.382350060908408, 44.868901798549309 ] ] ] } },
{ "type": "Feature", "properties": { }, "geometry": { "type": "Polygon", "coordinates": [ [ [ -93.390566616224731, 44.868649841276245 ], [ -93.390566597961524, 44.868647140698585 ], [ -93.390593181247226, 44.86864704978354 ], [ -93.390593162982782, 44.868644349205894 ], [ -93.390596960594834, 44.868644336217514 ], [ -93.390596796213345, 44.868620031018601 ], [ -93.390543629666738, 44.868620212844121 ], [ -93.390543647928851, 44.868622913421802 ], [ -93.390524659875467, 44.868622978353486 ], [ -93.390524842487864, 44.868649984130272 ], [ -93.390566616224731, 44.868649841276245 ] ] ] } },
{ "type": "Feature", "properties": { }, "geometry": { "type": "Polygon", "coordinates": [ [ [ -93.389192062346538, 44.868681540230767 ], [ -93.389192044147578, 44.868678839652674 ], [ -93.389195841762543, 44.868678826710891 ], [ -93.389195823563412, 44.868676126132812 ], [ -93.389199621178193, 44.868676113190901 ], [ -93.38919958477959, 44.868670712034721 ], [ -93.389203382394015, 44.868670699092696 ], [ -93.389203364194543, 44.868667998514596 ], [ -93.38920716180877, 44.868667985572429 ], [ -93.389206979812414, 44.8686409797915 ], [ -93.389210777424893, 44.86864096684922 ], [ -93.38921075922508, 44.868638266271134 ], [ -93.389214556837373, 44.86863825332874 ], [ -93.38921453863739, 44.868635552750646 ], [ -93.389218336249499, 44.868635539808118 ], [ -93.38921822704863, 44.868619336339499 ], [ -93.389222024659659, 44.868619323396857 ], [ -93.389221769855538, 44.868581515303262 ], [ -93.389179996161403, 44.86858165766521 ], [ -93.389180032558059, 44.868587058821468 ], [ -93.389176234949133, 44.868587071762711 ], [ -93.389176253147284, 44.868589772340862 ], [ -93.389172455538173, 44.868589785281976 ], [ -93.389172473736153, 44.868592485860106 ], [ -93.389168676126872, 44.868592498801092 ], [ -93.389168694324667, 44.868595199379214 ], [ -93.389161099105721, 44.868595225260826 ], [ -93.389161244685397, 44.868616829885873 ], [ -93.389157447074496, 44.868616842826491 ], [ -93.389157465271794, 44.868619543404627 ], [ -93.389153667660722, 44.868619556345124 ], [ -93.389153722252075, 44.868627658079483 ], [ -93.389149924640463, 44.868627671019858 ], [ -93.389150124807031, 44.868657377379151 ], [ -93.38915392242059, 44.868657364438768 ], [ -93.389153940617746, 44.868660065016869 ], [ -93.389157738231475, 44.868660052076358 ], [ -93.389157883810228, 44.868681656701156 ], [ -93.389192062346538, 44.868681540230767 ] ] ] } },
{ "type": "Feature", "properties": { }, "geometry": { "type": "Polygon", "coordinates": [ [ [ -93.38043610708938, 44.868916292240506 ], [ -93.380436071510033, 44.868910891078997 ], [ -93.380439869144155, 44.868910878428302 ], [ -93.380439851354325, 44.868908177847565 ], [ -93.380443648988262, 44.868908165196764 ], [ -93.380443631198247, 44.868905464616006 ], [ -93.380447428831999, 44.868905451965077 ], [ -93.380447411041828, 44.868902751384333 ], [ -93.380451208675396, 44.868902738733276 ], [ -93.38045119088504, 44.868900038152503 ], [ -93.380511953019109, 44.868899835718466 ], [ -93.380511935225897, 44.868897135137729 ], [ -93.380515732859095, 44.868897122484526 ], [ -93.380515715065712, 44.868894421903796 ], [ -93.380519512698712, 44.868894409250466 ], [ -93.380519494905158, 44.868891708669736 ], [ -93.380523292537973, 44.868891696016284 ], [ -93.380523274744249, 44.868888995435547 ], [ -93.380527072376893, 44.868888982781968 ], [ -93.380527054582984, 44.868886282201238 ], [ -93.380530852215458, 44.868886269547538 ], [ -93.380530816627299, 44.868880868386064 ], [ -93.380534614259403, 44.868880855732243 ], [ -93.380534596465154, 44.868878155151513 ], [ -93.380538394097087, 44.868878142497557 ], [ -93.380538287330566, 44.868861939013115 ], [ -93.380542084961419, 44.868861926359045 ], [ -93.380542067166843, 44.868859225778301 ], [ -93.380545864797512, 44.868859213124104 ], [ -93.38054584700275, 44.868856512543367 ], [ -93.380553442263732, 44.868856487234602 ], [ -93.380553424468616, 44.868853786653865 ], [ -93.380557222098929, 44.868853773999284 ], [ -93.380557204303642, 44.868851073418547 ], [ -93.380583787714514, 44.868850984833038 ], [ -93.380583769917976, 44.868848284252287 ], [ -93.38058756754792, 44.868848271596704 ], [ -93.380587549751212, 44.868845571015967 ], [ -93.380591347380971, 44.86884555836027 ], [ -93.380591329584092, 44.868842857779534 ], [ -93.380595127213667, 44.868842845123709 ], [ -93.380595109416603, 44.868840144542972 ], [ -93.380598907046007, 44.868840131887026 ], [ -93.380598889248787, 44.868837431306282 ], [ -93.380602686877992, 44.868837418650209 ], [ -93.380602669080588, 44.868834718069479 ], [ -93.380606466709622, 44.868834705413263 ], [ -93.380606448912047, 44.868832004832527 ], [ -93.380610246540897, 44.86883199217619 ], [ -93.380610228743137, 44.868829291595453 ], [ -93.380614026371816, 44.86882927893901 ], [ -93.380614008573886, 44.868826578358281 ], [ -93.380621603830889, 44.868826553044997 ], [ -93.380621586032589, 44.868823852464253 ], [ -93.380625383660899, 44.868823839807426 ], [ -93.380625259071749, 44.868804935742254 ], [ -93.380629056698822, 44.868804923085307 ], [ -93.380628949907134, 44.868788719600829 ], [ -93.380632747533141, 44.868788706943761 ], [ -93.380632729734359, 44.868786006363003 ], [ -93.380636527360195, 44.868785993705821 ], [ -93.380636509561228, 44.868783293125063 ], [ -93.380640307186866, 44.868783280467753 ], [ -93.380640289387728, 44.868780579887002 ], [ -93.380644087013209, 44.868780567229557 ], [ -93.380644069213886, 44.868777866648799 ], [ -93.380647866839169, 44.868777853991233 ], [ -93.38064784903969, 44.868775153410489 ], [ -93.380651646664788, 44.868775140752795 ], [ -93.380651628865138, 44.868772440172044 ], [ -93.380666819364791, 44.868772389540013 ], [ -93.380666801564431, 44.868769688959276 ], [ -93.380689587312787, 44.868769613007444 ], [ -93.380689605114213, 44.868772313588181 ], [ -93.380731378987917, 44.86877217433134 ], [ -93.380731307774397, 44.868761372008422 ], [ -93.380735105398557, 44.868761359347957 ], [ -93.380735087594999, 44.868758658767234 ], [ -93.380738885218989, 44.868758646106642 ], [ -93.380738867415261, 44.868755945525926 ], [ -93.380742665039051, 44.868755932865199 ], [ -93.380742629431253, 44.868750531703739 ], [ -93.380746427054703, 44.868750519042891 ], [ -93.380746409250619, 44.868747818462154 ], [ -93.380750206873884, 44.868747805801192 ], [ -93.38075018906963, 44.868745105220469 ], [ -93.38075398669271, 44.868745092559379 ], [ -93.38075389767063, 44.86873158965571 ], [ -93.380757695292814, 44.868731576994506 ], [ -93.380757677488219, 44.868728876413755 ], [ -93.380761475110234, 44.868728863752416 ], [ -93.380761457305468, 44.868726163171686 ], [ -93.380765254927297, 44.868726150510227 ], [ -93.380765237122347, 44.868723449929483 ], [ -93.380791820473846, 44.868723361295736 ], [ -93.380791802667659, 44.868720660715006 ], [ -93.38080319553201, 44.868720622727224 ], [ -93.380803177725298, 44.868717922146509 ], [ -93.380806975346573, 44.868717909483657 ], [ -93.38080695753969, 44.868715208902934 ], [ -93.380814552781857, 44.86871518357686 ], [ -93.380814534974618, 44.868712482996138 ], [ -93.38082213021643, 44.868712457669567 ], [ -93.380822112408836, 44.868709757088837 ], [ -93.380825910029571, 44.868709744425345 ], [ -93.380825892221807, 44.86870704384463 ], [ -93.38083348746288, 44.868707018517306 ], [ -93.38083346965476, 44.868704317936583 ], [ -93.380837267275126, 44.868704305272736 ], [ -93.380837249466822, 44.868701604692021 ], [ -93.380841047087017, 44.868701592028039 ], [ -93.380841029278542, 44.868698891447316 ], [ -93.380848624518535, 44.86869886611899 ], [ -93.380848606709719, 44.868696165538246 ], [ -93.380852404329545, 44.868696152873895 ], [ -93.380852386520544, 44.868693452293179 ], [ -93.380856184140185, 44.8686934396287 ], [ -93.380856166331, 44.868690739047985 ], [ -93.380863761569927, 44.868690713718649 ], [ -93.380863743760401, 44.868688013137927 ], [ -93.380867541379672, 44.868688000473078 ], [ -93.380867523569975, 44.868685299892363 ], [ -93.380875118808163, 44.868685274562282 ], [ -93.380875100998111, 44.868682573981545 ], [ -93.380878898617027, 44.868682561316319 ], [ -93.380878880806804, 44.86867986073559 ], [ -93.380882678425522, 44.868679848070229 ], [ -93.380882660615129, 44.868677147489514 ], [ -93.380886458233675, 44.868677134824033 ], [ -93.380886297938602, 44.86865282959748 ], [ -93.380882500321633, 44.868652842262954 ], [ -93.380882482511268, 44.86865014168221 ], [ -93.380878684894498, 44.868650154347563 ], [ -93.380878649274095, 44.868644753186082 ], [ -93.38087485165768, 44.868644765851307 ], [ -93.380874816037647, 44.868639364689805 ], [ -93.380871018421587, 44.868639377354889 ], [ -93.380870982801923, 44.868633976193408 ], [ -93.380867185186204, 44.868633988858356 ], [ -93.38086714956691, 44.868628587696854 ], [ -93.380870947182274, 44.868628575031892 ], [ -93.380870929372449, 44.868625874451141 ], [ -93.380874726987642, 44.868625861786072 ], [ -93.380874709177647, 44.868623161205321 ], [ -93.380878506792655, 44.868623148540117 ], [ -93.380878488982489, 44.868620447959366 ], [ -93.380889881826945, 44.868620409963007 ], [ -93.380889899637651, 44.868623110543759 ], [ -93.380897494867639, 44.868623085212207 ], [ -93.3808975126787, 44.868625785792958 ], [ -93.380901310293865, 44.868625773126993 ], [ -93.380901328105111, 44.86862847370773 ], [ -93.380905125720446, 44.868628461041631 ], [ -93.380905179154723, 44.868636562783855 ], [ -93.380908976770584, 44.868636550117643 ], [ -93.3809089945822, 44.868639250698365 ], [ -93.380912792198245, 44.868639238032017 ], [ -93.380912810010031, 44.868641938612747 ], [ -93.380916607626261, 44.868641925946278 ], [ -93.380916643250188, 44.868647327107745 ], [ -93.38092044086676, 44.868647314441148 ], [ -93.380920458678915, 44.868650015021863 ], [ -93.380924256295671, 44.868650002355132 ], [ -93.380924274107997, 44.868652702935854 ], [ -93.38092807172491, 44.868652690268995 ], [ -93.380928125162441, 44.868660792011148 ], [ -93.380931922779908, 44.868660779344168 ], [ -93.380931976218008, 44.868668881086315 ], [ -93.380935773835972, 44.868668868419178 ], [ -93.380935809461732, 44.868674269580602 ], [ -93.380932011843399, 44.868674282247724 ], [ -93.380932047468818, 44.868679683409134 ], [ -93.380928249850115, 44.868679696076136 ], [ -93.38092826766264, 44.868682396656851 ], [ -93.380924470043766, 44.868682409323711 ], [ -93.380924612542699, 44.868704013969335 ], [ -93.380920814922419, 44.868704026636081 ], [ -93.380920832734617, 44.868706727216789 ], [ -93.380917035114138, 44.868706739883422 ], [ -93.380917052926151, 44.868709440464116 ], [ -93.380909457684822, 44.868709465796996 ], [ -93.38090943987315, 44.868706765216295 ], [ -93.380875261288651, 44.868706879207998 ], [ -93.380875279098731, 44.868709579788707 ], [ -93.380871481478025, 44.868709592453826 ], [ -93.380871499287935, 44.868712293034548 ], [ -93.380867701667071, 44.868712305699532 ], [ -93.380867719476782, 44.868715006280247 ], [ -93.380860124234687, 44.86871503160986 ], [ -93.380860284519116, 44.868739336836214 ], [ -93.380883070254967, 44.868739260845821 ], [ -93.380883088065417, 44.868741961426515 ], [ -93.380886885688241, 44.868741948760999 ], [ -93.380886903498876, 44.8687446493417 ], [ -93.380890701121871, 44.868744636676055 ], [ -93.38089073674351, 44.868750037837444 ], [ -93.380902129613517, 44.868749999839764 ], [ -93.380902147424877, 44.868752700420451 ], [ -93.380905945048383, 44.868752687754316 ], [ -93.380905962859927, 44.868755388334975 ], [ -93.380909760483618, 44.868755375668712 ], [ -93.380909778295333, 44.868758076249385 ], [ -93.38091357591918, 44.868758063582987 ], [ -93.380913700602505, 44.868776967647683 ], [ -93.380917498227618, 44.868776954981151 ], [ -93.380917551663899, 44.868785056723141 ], [ -93.380913754038261, 44.868785069389681 ], [ -93.380913771850174, 44.868787769970353 ], [ -93.380909974224366, 44.868787782636758 ], [ -93.380909992036109, 44.86879048321741 ], [ -93.380872015776049, 44.868790609874601 ], [ -93.38087203358603, 44.868793310455281 ], [ -93.380868235959838, 44.8687933231203 ], [ -93.380868253769634, 44.868796023700973 ], [ -93.380860658516866, 44.868796049030649 ], [ -93.380860640707439, 44.868793348449977 ], [ -93.380856843081219, 44.868793361114612 ], [ -93.380856825271962, 44.868790660533939 ], [ -93.380841634767833, 44.868790711191266 ], [ -93.380841616959273, 44.868788010610579 ], [ -93.380837819333422, 44.868788023274597 ], [ -93.380837801525047, 44.868785322693903 ], [ -93.380830206273671, 44.868785348021547 ], [ -93.380830188465652, 44.86878264744086 ], [ -93.380792212210409, 44.868782774071491 ], [ -93.38079237246663, 44.868807079297753 ], [ -93.38079617009376, 44.868807066635249 ], [ -93.380796205706631, 44.86881246779663 ], [ -93.38080000333413, 44.868812455133991 ], [ -93.380800021140743, 44.868815155714678 ], [ -93.380807616396069, 44.868815130389031 ], [ -93.380807634203038, 44.868817830969711 ], [ -93.380811431830878, 44.868817818306681 ], [ -93.380811449638031, 44.868820518887368 ], [ -93.380815247266042, 44.868820506224225 ], [ -93.38081526507338, 44.868823206804898 ], [ -93.380819062701576, 44.868823194141633 ], [ -93.38081908050907, 44.868825894722306 ], [ -93.380902628332436, 44.868825616098377 ], [ -93.380902610521005, 44.868822915517725 ], [ -93.38090640814913, 44.868822902851548 ], [ -93.380906390337543, 44.868820202270918 ], [ -93.380910187965483, 44.868820189604619 ], [ -93.380910170153712, 44.868817489023961 ], [ -93.380917765409237, 44.868817463690981 ], [ -93.380917747597124, 44.868814763110336 ], [ -93.380921545224695, 44.868814750443661 ], [ -93.380921491787802, 44.868806648701721 ], [ -93.380925289414847, 44.868806636034918 ], [ -93.380925271602379, 44.86880393545426 ], [ -93.380929069229254, 44.868803922787343 ], [ -93.380929051416601, 44.868801222206699 ], [ -93.38095183717671, 44.868801146202514 ], [ -93.380951819362991, 44.868798445621856 ], [ -93.380955616989496, 44.868798432954058 ], [ -93.380955599175621, 44.868795732373421 ], [ -93.380963194428247, 44.868795707037421 ], [ -93.380963176614003, 44.868793006456784 ], [ -93.380966974240138, 44.868792993788603 ], [ -93.380966956425723, 44.868790293207958 ], [ -93.380970754051674, 44.868790280539642 ], [ -93.380970736237103, 44.868787579959012 ], [ -93.380978331488649, 44.868787554622024 ], [ -93.380978313673694, 44.868784854041365 ], [ -93.380982111299289, 44.868784841372694 ], [ -93.380982093484178, 44.86878214079205 ], [ -93.380989688734999, 44.868782115454302 ], [ -93.380989670919533, 44.868779414873657 ], [ -93.380997266169985, 44.868779389535412 ], [ -93.380997248354163, 44.868776688954775 ], [ -93.381001045979218, 44.868776676285457 ], [ -93.381001028163226, 44.868773975704826 ], [ -93.381008623412953, 44.868773950365821 ], [ -93.381008605596605, 44.86877124978519 ], [ -93.381012403221277, 44.868771237115503 ], [ -93.381012385404759, 44.868768536534859 ], [ -93.381019980653761, 44.868768511195107 ], [ -93.381019962836888, 44.86876581061447 ], [ -93.381023760461218, 44.86876579794442 ], [ -93.38102374264416, 44.868763097363768 ], [ -93.381031337892452, 44.868763072023256 ], [ -93.381031320075039, 44.868760371442619 ], [ -93.381035117699, 44.868760358772185 ], [ -93.381035099881416, 44.868757658191555 ], [ -93.381038897505192, 44.868757645520979 ], [ -93.381038879687452, 44.868754944940349 ], [ -93.381046474934635, 44.868754919598835 ], [ -93.381046457116526, 44.868752219018205 ], [ -93.381054052363353, 44.868752193676194 ], [ -93.381054034544889, 44.868749493095549 ], [ -93.381057832168139, 44.868749480424363 ], [ -93.381057814349504, 44.868746779843718 ], [ -93.381065409595607, 44.868746754500954 ], [ -93.381065391776616, 44.868744053920324 ], [ -93.381069189399483, 44.868744041248746 ], [ -93.381069171580322, 44.86874134066813 ], [ -93.381072969203018, 44.868741327996432 ], [ -93.381072951383686, 44.868738627415794 ], [ -93.381080546628695, 44.868738602072035 ], [ -93.381080528809008, 44.868735901491391 ], [ -93.381084326431335, 44.868735888819316 ], [ -93.381084308611477, 44.868733188238693 ], [ -93.381088106233619, 44.868733175566483 ], [ -93.38108796367338, 44.868711570921391 ], [ -93.381091761294101, 44.868711558249082 ], [ -93.381091743473903, 44.86870885766843 ], [ -93.381095541094439, 44.868708844995986 ], [ -93.381095523274084, 44.868706144415349 ], [ -93.38109932089445, 44.868706131742776 ], [ -93.381099303073896, 44.868703431162139 ], [ -93.381103100694077, 44.86870341848946 ], [ -93.381103047231917, 44.86869531674752 ], [ -93.381106844851573, 44.868695304074706 ], [ -93.381106827030678, 44.868692603494061 ], [ -93.381110624650148, 44.868692590821126 ], [ -93.381110606829083, 44.868689890240482 ], [ -93.381125797306225, 44.868689839547478 ], [ -93.381125779484435, 44.868687138966841 ], [ -93.381133374722637, 44.868687113619572 ], [ -93.381133392544783, 44.868689814200224 ], [ -93.381178963975884, 44.868689662106043 ], [ -93.381178946151636, 44.868686961525427 ], [ -93.381182743770694, 44.86868694885009 ], [ -93.38118272594626, 44.868684248269467 ], [ -93.381186523565148, 44.86868423559401 ], [ -93.38118650574053, 44.86868153501338 ], [ -93.38119410097795, 44.868681509662075 ], [ -93.381194083152991, 44.868678809081459 ], [ -93.381197880771509, 44.868678796405625 ], [ -93.381197862946365, 44.868676095825002 ], [ -93.381205458183047, 44.868676070472944 ], [ -93.381205440357562, 44.868673369892321 ], [ -93.381209237975725, 44.868673357216117 ], [ -93.381209220150055, 44.868670656635501 ], [ -93.381213017768033, 44.868670643959156 ], [ -93.381212999942193, 44.868667943378533 ], [ -93.381216797559986, 44.868667930702067 ], [ -93.381216708429932, 44.868654427798937 ], [ -93.381220506046859, 44.868654415122357 ], [ -93.381220470394496, 44.868649013961097 ], [ -93.381224268011039, 44.868649001284403 ], [ -93.381224250184701, 44.868646300703773 ], [ -93.381228047801059, 44.868646288026937 ], [ -93.381228029974523, 44.8686435874463 ], [ -93.381231827590724, 44.868643574769344 ], [ -93.381231809764017, 44.868640874188713 ], [ -93.381235607380034, 44.868640861511629 ], [ -93.381235589553157, 44.868638160930999 ], [ -93.381254577632291, 44.868638097543702 ], [ -93.381254559804518, 44.868635396963079 ], [ -93.381258357420165, 44.868635384285248 ], [ -93.381258339592236, 44.868632683704625 ], [ -93.38128492290042, 44.868632594956239 ], [ -93.381284905071226, 44.868629894375623 ], [ -93.38128870268649, 44.868629881696776 ], [ -93.38128868485714, 44.868627181116146 ], [ -93.381292482472233, 44.868627168437172 ], [ -93.381292464642698, 44.868624467856556 ], [ -93.381300059872515, 44.868624442498238 ], [ -93.381299845914072, 44.868592035530739 ], [ -93.381303643526849, 44.868592022851409 ], [ -93.381303607866784, 44.868586621690135 ], [ -93.381307405479205, 44.868586609010684 ], [ -93.381307245007477, 44.868562303784948 ], [ -93.381257876066684, 44.868562468607891 ], [ -93.381257893894571, 44.868565169188557 ], [ -93.381254096283541, 44.868565181866352 ], [ -93.381254114111229, 44.868567882447024 ], [ -93.381250316500029, 44.868567895124698 ], [ -93.381250334327561, 44.86857059570535 ], [ -93.381246536716162, 44.86857060838291 ], [ -93.381246518888815, 44.868567907802252 ], [ -93.381238923666402, 44.868567933156982 ], [ -93.38123890583941, 44.868565232576323 ], [ -93.381231310617338, 44.868565257930541 ], [ -93.381231292790687, 44.868562557349868 ], [ -93.381227495179829, 44.868562570026789 ], [ -93.381227477353377, 44.868559869446116 ], [ -93.381223679742689, 44.868559882122909 ], [ -93.381223644090156, 44.868554480961564 ], [ -93.381178072765934, 44.868554633073209 ], [ -93.381178090590083, 44.868557333653897 ], [ -93.381174292979537, 44.868557346329048 ], [ -93.381174310803488, 44.868560046909728 ], [ -93.381170513192771, 44.868560059584752 ], [ -93.381170531016551, 44.868562760165453 ], [ -93.381166733405649, 44.868562772840349 ], [ -93.381166751229273, 44.86856547342105 ], [ -93.381162953618173, 44.868565486095818 ], [ -93.381162971441611, 44.868568186676505 ], [ -93.381155376219084, 44.868568212025679 ], [ -93.381155394042167, 44.868570912606366 ], [ -93.381151596430726, 44.868570925280771 ], [ -93.381151614253625, 44.868573625861444 ], [ -93.381147816641999, 44.868573638535715 ], [ -93.381147834464727, 44.868576339116409 ], [ -93.381144036852916, 44.868576351790558 ], [ -93.381144054675474, 44.86857905237126 ], [ -93.381136459451497, 44.868579077719183 ], [ -93.381136477273714, 44.868581778299863 ], [ -93.381128882049367, 44.868581803647288 ], [ -93.381128899871214, 44.868584504227968 ], [ -93.381125102258864, 44.868584516901493 ], [ -93.38112512008054, 44.86858721748218 ], [ -93.381121322468019, 44.868587230155576 ], [ -93.381121340289511, 44.86858993073627 ], [ -93.381113745064084, 44.868589956082687 ], [ -93.381113762885249, 44.868592656663374 ], [ -93.381109965272344, 44.868592669336401 ], [ -93.381109983093324, 44.868595369917088 ], [ -93.381106185480249, 44.868595382589987 ], [ -93.381106203301044, 44.868598083170681 ], [ -93.381098608074538, 44.868598108516089 ], [ -93.381098625894978, 44.868600809096776 ], [ -93.381094828281533, 44.868600821769299 ], [ -93.381094846101817, 44.868603522349993 ], [ -93.381091048488187, 44.868603535022395 ], [ -93.381091066308286, 44.868606235603082 ], [ -93.3810834710807, 44.868606260947487 ], [ -93.381083488900444, 44.868608961528182 ], [ -93.381079691286459, 44.868608974200193 ], [ -93.381079709106018, 44.868611674780894 ], [ -93.381075911491862, 44.868611687452784 ], [ -93.381075929311251, 44.868614388033464 ], [ -93.381072131696911, 44.868614400705241 ], [ -93.381072149516143, 44.868617101285935 ], [ -93.381064554287093, 44.868617126629097 ], [ -93.38106457210597, 44.868619827209777 ], [ -93.38106077449126, 44.868619839881177 ], [ -93.381060792309952, 44.868622540461864 ], [ -93.381056994695058, 44.868622553133129 ], [ -93.38105701251358, 44.868625253713816 ], [ -93.38104941728345, 44.868625279055969 ], [ -93.381049435101616, 44.868627979636663 ], [ -93.381026649410103, 44.868628055660096 ], [ -93.381026631592988, 44.868625355079395 ], [ -93.381019036362829, 44.86862538041953 ], [ -93.381019018546084, 44.868622679838836 ], [ -93.381015220931161, 44.868622692508701 ], [ -93.381015203114615, 44.868619991928 ], [ -93.381011405499862, 44.868620004597744 ], [ -93.381011387683486, 44.868617304017043 ], [ -93.381007590068933, 44.86861731668666 ], [ -93.381007554436522, 44.868611915525229 ], [ -93.381003756822309, 44.868611928194717 ], [ -93.381003721190282, 44.868606527033293 ], [ -93.380999923576411, 44.868606539702647 ], [ -93.380999905760575, 44.868603839121924 ], [ -93.380996108146903, 44.868603851791164 ], [ -93.380996072515586, 44.868598450629712 ], [ -93.380992274902255, 44.868598463298824 ], [ -93.380992239271308, 44.868593062137371 ], [ -93.380988441658332, 44.868593074806341 ], [ -93.380988423843036, 44.868590374225604 ], [ -93.380984626230244, 44.868590386894461 ], [ -93.380984590600008, 44.868584985732994 ], [ -93.380980792987572, 44.868584998401708 ], [ -93.380980775172631, 44.868582297820979 ], [ -93.38097697756038, 44.868582310489586 ], [ -93.380976941930868, 44.868576909328084 ], [ -93.380973144318958, 44.868576921996564 ], [ -93.380973126504387, 44.868574221415805 ], [ -93.380969328892647, 44.868574234084143 ], [ -93.38096929326386, 44.868568832922662 ], [ -93.380965495652475, 44.868568845590872 ], [ -93.380965477838274, 44.868566145010135 ], [ -93.380961680227045, 44.868566157678217 ], [ -93.380961662413029, 44.868563457097444 ], [ -93.380957864801985, 44.868563469765405 ], [ -93.380957846988153, 44.86856076918464 ], [ -93.380954049377266, 44.868560781852473 ], [ -93.380954031563604, 44.868558081271722 ], [ -93.380950233952916, 44.868558093939427 ], [ -93.380950216139439, 44.868555393358662 ], [ -93.380946418528922, 44.868555406026239 ], [ -93.380946400715615, 44.868552705445481 ], [ -93.380942603105268, 44.868552718112923 ], [ -93.380942585292132, 44.868550017532158 ], [ -93.380934990071808, 44.868550042866666 ], [ -93.380934972259041, 44.868547342285886 ], [ -93.380927377039043, 44.868547367619904 ], [ -93.380927359226632, 44.868544667039131 ], [ -93.38091976400699, 44.86854469237263 ], [ -93.380919746194934, 44.868541991791844 ], [ -93.380870377269289, 44.868542156447234 ], [ -93.380870395079029, 44.868544857028027 ], [ -93.380855204639573, 44.868544907686932 ], [ -93.380855222448602, 44.868547608267725 ], [ -93.380847627228505, 44.868547633596421 ], [ -93.380847645037178, 44.868550334177222 ], [ -93.380840049816726, 44.86855035950542 ], [ -93.380840067625044, 44.868553060086207 ], [ -93.38083627001464, 44.868553072750117 ], [ -93.380836287822802, 44.868555773330911 ], [ -93.3808324902122, 44.868555785994701 ], [ -93.380832508020177, 44.868558486575495 ], [ -93.380828710409403, 44.868558499239157 ], [ -93.38082872821721, 44.868561199819951 ], [ -93.380813537773378, 44.86856125047332 ], [ -93.380813519966281, 44.868558549892526 ], [ -93.380809722355508, 44.868558562555549 ], [ -93.380809704548582, 44.868555861974748 ], [ -93.380805906937979, 44.868555874637664 ], [ -93.380805871324512, 44.868550473476049 ], [ -93.38080207371425, 44.868550486138822 ], [ -93.380802038101152, 44.8685450849772 ], [ -93.380798240491245, 44.868545097639846 ], [ -93.380798222684874, 44.868542397059031 ], [ -93.380794425075138, 44.868542409721535 ], [ -93.380794407268965, 44.868539709140727 ], [ -93.380790609659414, 44.868539721803117 ], [ -93.380790591853383, 44.868537021222295 ], [ -93.380752615759476, 44.86853714783922 ], [ -93.380752633563702, 44.868539848420049 ], [ -93.380748835954137, 44.868539861081054 ], [ -93.380748853758192, 44.868542561661883 ], [ -93.380741258538649, 44.868542586983509 ], [ -93.380741454379546, 44.868572293372566 ], [ -93.38073765676782, 44.868572306033201 ], [ -93.380737674571378, 44.868575006614023 ], [ -93.380733876959468, 44.86857501927453 ], [ -93.380733894762855, 44.868577719855359 ], [ -93.380676930581359, 44.868577909747856 ], [ -93.380676948382074, 44.868580610328706 ], [ -93.380669353157487, 44.868580635645564 ], [ -93.380669370957861, 44.868583336226393 ], [ -93.380665573345382, 44.868583348884641 ], [ -93.380665591145572, 44.868586049465463 ], [ -93.380657995920245, 44.868586074781568 ], [ -93.380658173918732, 44.868613080589888 ], [ -93.380661971533172, 44.868613067931875 ], [ -93.380662060533396, 44.868626570835971 ], [ -93.380658262918089, 44.868626583493985 ], [ -93.38065829851783, 44.868631984655629 ], [ -93.380654500902153, 44.868631997313507 ], [ -93.380654518701846, 44.868634697894322 ], [ -93.380650721085985, 44.868634710552087 ], [ -93.380650756685043, 44.868640111713709 ], [ -93.380646959068827, 44.868640124371332 ], [ -93.380646976868192, 44.868642824952154 ], [ -93.380643179251777, 44.868642837609663 ], [ -93.380643197050958, 44.868645538190471 ], [ -93.380635601817801, 44.868645563505126 ], [ -93.380635619616626, 44.868648264085941 ], [ -93.3806280243831, 44.868648289400085 ], [ -93.380628006584615, 44.868645588819263 ], [ -93.38062420896803, 44.868645601476139 ], [ -93.380624191169744, 44.86864290089531 ], [ -93.38055583407386, 44.868643128697514 ], [ -93.380555851868962, 44.86864582927835 ], [ -93.38055205425232, 44.868645841932839 ], [ -93.380552072047251, 44.868648542513675 ], [ -93.380544476813597, 44.868648567822262 ], [ -93.380544494608174, 44.868651268403106 ], [ -93.380540696991176, 44.868651281057204 ], [ -93.380540714785553, 44.86865398163804 ], [ -93.380536917168385, 44.868653994292018 ], [ -93.380536934962592, 44.868656694872854 ], [ -93.380533137345239, 44.868656707526718 ], [ -93.38053315513929, 44.868659408107561 ], [ -93.380529357521752, 44.868659420761283 ], [ -93.380529375315618, 44.868662121342126 ], [ -93.380525577697895, 44.868662133995727 ], [ -93.380525595491591, 44.86866483457657 ], [ -93.380518000255776, 44.868664859883403 ], [ -93.380518018049116, 44.868667560464239 ], [ -93.380514220431024, 44.868667573117463 ], [ -93.380514380569622, 44.868691878345004 ], [ -93.380518178189291, 44.868691865691773 ], [ -93.380518195982674, 44.868694566272595 ], [ -93.380521993602528, 44.868694553619243 ], [ -93.380522011396067, 44.868697254200058 ], [ -93.380525809016106, 44.86869724154657 ], [ -93.38052582680983, 44.868699942127414 ], [ -93.380529624430039, 44.868699929473792 ], [ -93.380529660017856, 44.868705330635429 ], [ -93.380525862397278, 44.868705343289058 ], [ -93.38052588019103, 44.868708043869866 ], [ -93.38052208257028, 44.86870805652336 ], [ -93.380522100363834, 44.868710757104175 ], [ -93.380518302742914, 44.868710769757548 ], [ -93.380518320536297, 44.868713470338378 ], [ -93.380514522915206, 44.868713482991623 ], [ -93.380514505121994, 44.868710782410794 ], [ -93.380499314638257, 44.868710833022512 ], [ -93.38049929684577, 44.868708132441689 ], [ -93.380446130154894, 44.868708309566756 ], [ -93.380446147944895, 44.868711010147614 ], [ -93.380442350323918, 44.86871102279845 ], [ -93.380442368113762, 44.868713723379308 ], [ -93.380438570492601, 44.868713736030038 ], [ -93.38043858828226, 44.868716436610875 ], [ -93.380434790660928, 44.868716449261477 ], [ -93.380434808450417, 44.86871914984232 ], [ -93.3804310108289, 44.868719162492781 ], [ -93.380431028618204, 44.868721863073631 ], [ -93.380427230996517, 44.868721875723963 ], [ -93.380427391098792, 44.868746180951518 ], [ -93.380431188722085, 44.868746168301165 ], [ -93.380431206511417, 44.868748868882001 ], [ -93.380435004134881, 44.868748856231512 ], [ -93.380435021924384, 44.868751556812349 ], [ -93.380438819548033, 44.868751544161739 ], [ -93.380438890706813, 44.868762346485035 ], [ -93.380442688331158, 44.86876233383429 ], [ -93.380442706121045, 44.868765034415119 ], [ -93.380446503745574, 44.868765021764247 ], [ -93.380446521535632, 44.868767722345069 ], [ -93.380450319160332, 44.868767709694076 ], [ -93.380450336950574, 44.868770410274884 ], [ -93.380446539325689, 44.868770422925884 ], [ -93.380446574905832, 44.868775824087507 ], [ -93.380442777280592, 44.868775836738394 ], [ -93.380442795070493, 44.868778537319201 ], [ -93.380438997445069, 44.868778549969946 ], [ -93.380439015234785, 44.868781250550754 ], [ -93.38043521760919, 44.868781263201392 ], [ -93.380435235398735, 44.868783963782199 ], [ -93.380427640147175, 44.868783989083077 ], [ -93.38042765793638, 44.868786689663885 ], [ -93.380412467432521, 44.868786740264127 ], [ -93.380412449644041, 44.868784039683298 ], [ -93.380404854392467, 44.868784064982663 ], [ -93.380404836604342, 44.868781364401833 ], [ -93.380401038978718, 44.868781377051313 ], [ -93.380401021190778, 44.868778676470484 ], [ -93.380397223565339, 44.86877868911985 ], [ -93.380397187989814, 44.868773287958192 ], [ -93.380351616488568, 44.868773439740636 ], [ -93.380351634274191, 44.868776140321486 ], [ -93.380347836648909, 44.868776152969197 ], [ -93.380347854434348, 44.86877885355004 ], [ -93.38034405680888, 44.868778866197637 ], [ -93.380344074594149, 44.868781566778466 ], [ -93.380340276968511, 44.868781579425942 ], [ -93.380340294753609, 44.868784280006786 ], [ -93.380336497127772, 44.868784292654126 ], [ -93.380336514912699, 44.868786993234977 ], [ -93.380332717286677, 44.86878700588219 ], [ -93.38033273507142, 44.868789706463033 ], [ -93.380328937445228, 44.868789719110119 ], [ -93.380328973014386, 44.868795120271812 ], [ -93.380325175387824, 44.868795132918777 ], [ -93.38032519317224, 44.868797833499613 ], [ -93.380321395545494, 44.868797846146464 ], [ -93.380321413329739, 44.8688005467273 ], [ -93.380317615702822, 44.868800559374009 ], [ -93.380317669054989, 44.868808661116539 ], [ -93.380313871427546, 44.868808673763134 ], [ -93.380313889211422, 44.86881137434397 ], [ -93.380310091583794, 44.86881138699043 ], [ -93.380310287204736, 44.868841093379601 ], [ -93.380314084834325, 44.868841080733119 ], [ -93.380314155969998, 44.868851883056408 ], [ -93.380317953600297, 44.868851870409792 ], [ -93.380317971384386, 44.868854570990607 ], [ -93.380321769014856, 44.868854558343877 ], [ -93.380321786799144, 44.868857258924677 ], [ -93.380325584429798, 44.868857246277813 ], [ -93.380325708921077, 44.868876150343468 ], [ -93.380329506552954, 44.868876137696461 ], [ -93.380329524337611, 44.868878838277269 ], [ -93.380333321969673, 44.868878825630141 ], [ -93.380333339754515, 44.868881526210942 ], [ -93.380337137386746, 44.868881513563672 ], [ -93.380337155171759, 44.868884214144472 ], [ -93.380340952804175, 44.868884201497075 ], [ -93.380341023944979, 44.868895003820256 ], [ -93.380344821578092, 44.868894991172745 ], [ -93.380344839363488, 44.868897691753517 ], [ -93.380348636996786, 44.868897679105885 ], [ -93.380348654782338, 44.868900379686664 ], [ -93.380352452415806, 44.868900367038897 ], [ -93.380352470201544, 44.868903067619691 ], [ -93.380356267835197, 44.868903054971803 ], [ -93.380356285621119, 44.868905755552561 ], [ -93.380360083254928, 44.868905742904545 ], [ -93.380360101041035, 44.868908443485317 ], [ -93.380363898675029, 44.868908430837159 ], [ -93.38036391646132, 44.868911131417939 ], [ -93.380367714095485, 44.868911118769653 ], [ -93.380367731881947, 44.868913819350432 ], [ -93.380371529516296, 44.868913806702018 ], [ -93.380371547302943, 44.868916507282798 ], [ -93.38043610708938, 44.868916292240506 ] ] ] } },
{ "type": "Feature", "properties": { }, "geometry": { "type": "Polygon", "coordinates": [ [ [ -93.38163433920181, 44.868636829134843 ], [ -93.381634303510765, 44.868631427973824 ], [ -93.381638101125986, 44.868631415283367 ], [ -93.381638047588908, 44.868623313541825 ], [ -93.381641845203589, 44.868623300851233 ], [ -93.381641827357726, 44.868620600270731 ], [ -93.381645624972222, 44.868620587580025 ], [ -93.381645571434106, 44.868612485838483 ], [ -93.381649369048077, 44.86861247314765 ], [ -93.381649351201858, 44.868609772567133 ], [ -93.381653148815644, 44.868609759876179 ], [ -93.381653130969269, 44.868607059295663 ], [ -93.381656928582871, 44.868607046604581 ], [ -93.381656892889751, 44.868601645443569 ], [ -93.381660690502997, 44.868601632752352 ], [ -93.381660672656267, 44.868598932171828 ], [ -93.381664470269328, 44.86859891948049 ], [ -93.381664452422427, 44.868596218899974 ], [ -93.381672047648181, 44.868596193516936 ], [ -93.381672029800939, 44.868593492936427 ], [ -93.38167582741363, 44.868593480244719 ], [ -93.381675791718763, 44.868588079083679 ], [ -93.381679589331114, 44.868588066391851 ], [ -93.381679571483502, 44.868585365811334 ], [ -93.381683369095668, 44.868585353119371 ], [ -93.381683315552323, 44.868577251377836 ], [ -93.381687113163949, 44.868577238685745 ], [ -93.381687095316011, 44.868574538105214 ], [ -93.381690892927452, 44.868574525413017 ], [ -93.381690875079329, 44.868571824832486 ], [ -93.381702267913127, 44.868571786755119 ], [ -93.381702250064478, 44.86856908617461 ], [ -93.38170604767555, 44.8685690734819 ], [ -93.381705833489733, 44.868536666515602 ], [ -93.381694440662869, 44.868536704593311 ], [ -93.38169442281459, 44.868534004012787 ], [ -93.38166783955306, 44.868534092856329 ], [ -93.381667821706046, 44.868531392275784 ], [ -93.38166022648879, 44.868531417658517 ], [ -93.381660208642131, 44.868528717077972 ], [ -93.381656411033674, 44.868528729769146 ], [ -93.3816563931872, 44.868526029188608 ], [ -93.38161841710432, 44.868526156093402 ], [ -93.381618452793745, 44.868531557254521 ], [ -93.381614655185089, 44.868531569944309 ], [ -93.381614815786023, 44.868555875169314 ], [ -93.38162620861678, 44.868555837099535 ], [ -93.381626226461862, 44.86855853768008 ], [ -93.381630024072294, 44.868558524989915 ], [ -93.38163004191756, 44.868561225570467 ], [ -93.381633839528178, 44.868561212880152 ], [ -93.381633910909997, 44.868572015202304 ], [ -93.381630113298684, 44.868572027892618 ], [ -93.381630131143964, 44.868574728473156 ], [ -93.381626333532481, 44.868574741163343 ], [ -93.381626351377591, 44.868577441743895 ], [ -93.381622553765922, 44.868577454433954 ], [ -93.381622571610862, 44.868580155014484 ], [ -93.381618773999008, 44.868580167704422 ], [ -93.381618827533302, 44.868588269446022 ], [ -93.381615029920908, 44.868588282135839 ], [ -93.381615047765493, 44.868590982716377 ], [ -93.381611250152943, 44.868590995406073 ], [ -93.381611267997357, 44.868593695986597 ], [ -93.381607470384608, 44.868593708676158 ], [ -93.381607488228838, 44.868596409256696 ], [ -93.381603690615918, 44.868596421946137 ], [ -93.381603797680356, 44.868612625429321 ], [ -93.381600000066371, 44.868612638118641 ], [ -93.381600160661577, 44.86863694334334 ], [ -93.38163433920181, 44.868636829134843 ] ] ] } },
{ "type": "Feature", "properties": { }, "geometry": { "type": "Polygon", "coordinates": [ [ [ -93.381598661780799, 44.86841009457536 ], [ -93.381598608249675, 44.868401992833469 ], [ -93.381602405849819, 44.868401980144249 ], [ -93.381602352318183, 44.868393878402358 ], [ -93.381606149917786, 44.868393865712996 ], [ -93.381606132073742, 44.86839116513238 ], [ -93.381609929673161, 44.868391152442911 ], [ -93.381609911828932, 44.868388451862273 ], [ -93.38161370942818, 44.868388439172669 ], [ -93.38161369158378, 44.868385738592046 ], [ -93.381617489182844, 44.868385725902314 ], [ -93.381617453493689, 44.868380324741047 ], [ -93.381621251092398, 44.868380312051215 ], [ -93.381621233247643, 44.868377611470571 ], [ -93.38162503084618, 44.868377598780597 ], [ -93.381625013001255, 44.868374898199967 ], [ -93.381628810599608, 44.86837488550988 ], [ -93.381628792754512, 44.868372184929243 ], [ -93.38163259035268, 44.86837217223902 ], [ -93.381632572507414, 44.868369471658369 ], [ -93.381636370105397, 44.868369458968026 ], [ -93.381636352259946, 44.868366758387396 ], [ -93.381640149857745, 44.868366745696918 ], [ -93.381640132012123, 44.868364045116294 ], [ -93.38164772720738, 44.868364019734976 ], [ -93.381647566593671, 44.868339714509226 ], [ -93.381643768997648, 44.868339727199945 ], [ -93.38164375115187, 44.868337026619301 ], [ -93.381639953556018, 44.868337039309878 ], [ -93.381639935710425, 44.868334338729241 ], [ -93.381620947732003, 44.868334402180274 ], [ -93.381620929887291, 44.868331701599615 ], [ -93.38161713229178, 44.868331714289447 ], [ -93.381617114447252, 44.868329013708781 ], [ -93.381613316851912, 44.868329026398477 ], [ -93.381613281163226, 44.868323625237167 ], [ -93.381544924453095, 44.868323853630102 ], [ -93.381544942294255, 44.868326554210796 ], [ -93.381541144699028, 44.868326566898077 ], [ -93.381541162540017, 44.868329267478764 ], [ -93.38153736494462, 44.868329280165931 ], [ -93.381537400626215, 44.868334681327305 ], [ -93.381533603030476, 44.868334694014351 ], [ -93.38153362087111, 44.868337394595031 ], [ -93.381529823275173, 44.868337407281963 ], [ -93.381529841115636, 44.868340107862643 ], [ -93.381526043519514, 44.868340120549441 ], [ -93.381526061359793, 44.868342821130113 ], [ -93.381522263763515, 44.86834283381679 ], [ -93.381522281603608, 44.868345534397477 ], [ -93.381518484007145, 44.868345547084019 ], [ -93.381518501847069, 44.868348247664699 ], [ -93.381514704250421, 44.868348260351134 ], [ -93.381514722090174, 44.868350960931807 ], [ -93.381510924493341, 44.868350973618107 ], [ -93.381510942332923, 44.868353674198779 ], [ -93.381507144735906, 44.868353686884959 ], [ -93.381507162575303, 44.868356387465653 ], [ -93.381503364978116, 44.86835640015169 ], [ -93.381503382817357, 44.86835910073237 ], [ -93.381499585219998, 44.8683591134183 ], [ -93.381499603059041, 44.868361813998973 ], [ -93.381495805461498, 44.868361826684776 ], [ -93.381495966011457, 44.868386131910846 ], [ -93.381499763610606, 44.868386119225036 ], [ -93.381499781449662, 44.868388819805702 ], [ -93.381503579048996, 44.868388807119764 ], [ -93.381503596888251, 44.86839150770043 ], [ -93.381507394487741, 44.868391495014365 ], [ -93.381507412327181, 44.86839419559503 ], [ -93.381511209926856, 44.868394182908837 ], [ -93.381511227766467, 44.868396883489496 ], [ -93.381515025366312, 44.868396870803174 ], [ -93.381515043206107, 44.86839957138384 ], [ -93.381518840806123, 44.868399558697398 ], [ -93.381518858646103, 44.868402259278056 ], [ -93.381545441847408, 44.868402170469388 ], [ -93.381545459688638, 44.868404871050011 ], [ -93.381549257288995, 44.868404858362567 ], [ -93.381549275130396, 44.868407558943197 ], [ -93.381553072730924, 44.868407546255618 ], [ -93.38155309057251, 44.868410246836255 ], [ -93.381598661780799, 44.86841009457536 ] ] ] } },
{ "type": "Feature", "properties": { }, "geometry": { "type": "Polygon", "coordinates": [ [ [ -93.389322939912205, 44.868378622444233 ], [ -93.389322776068397, 44.868354317240488 ], [ -93.389318978474847, 44.86835433018642 ], [ -93.389318960270174, 44.868351629608235 ], [ -93.389315162676795, 44.868351642554039 ], [ -93.389314980631937, 44.868324636771945 ], [ -93.3893035878571, 44.868324675608584 ], [ -93.389303569653151, 44.868321975030355 ], [ -93.389299772061719, 44.868321987975648 ], [ -93.389299753857955, 44.868319287397426 ], [ -93.389295956266693, 44.868319300342591 ], [ -93.389295883452391, 44.868308498029684 ], [ -93.38929208586184, 44.868308510974707 ], [ -93.389292067658445, 44.868305810396485 ], [ -93.389288270068064, 44.86830582334138 ], [ -93.38928805162972, 44.868273416402495 ], [ -93.389284254041456, 44.868273429347255 ], [ -93.38928423583846, 44.868270728769005 ], [ -93.389288033426539, 44.868270715824252 ], [ -93.389287960613842, 44.868259913511238 ], [ -93.38929175820121, 44.868259900566358 ], [ -93.389291739997859, 44.868257199988108 ], [ -93.389295537585056, 44.868257187043099 ], [ -93.389295519381534, 44.868254486464849 ], [ -93.389299316968533, 44.868254473519713 ], [ -93.389299298764854, 44.868251772941463 ], [ -93.389306893938496, 44.86825174705082 ], [ -93.389306875734448, 44.868249046472563 ], [ -93.389310673321091, 44.868249033527057 ], [ -93.389310618708436, 44.8682409317923 ], [ -93.389314416294553, 44.868240918846674 ], [ -93.38931439809015, 44.868238218268409 ], [ -93.389318195676069, 44.868238205322655 ], [ -93.389318177471509, 44.868235504744398 ], [ -93.389321975057257, 44.868235491798515 ], [ -93.389321938647782, 44.868230090642008 ], [ -93.389325736233175, 44.868230077696012 ], [ -93.38932571802826, 44.868227377117741 ], [ -93.389329515613468, 44.868227364171617 ], [ -93.389329460998212, 44.868219262436845 ], [ -93.389333258582894, 44.868219249490586 ], [ -93.389333203967112, 44.868211147755808 ], [ -93.389337001551255, 44.868211134809442 ], [ -93.389336983345828, 44.868208434231164 ], [ -93.389340780929786, 44.868208421284663 ], [ -93.389340635285023, 44.868186816658529 ], [ -93.389344432867574, 44.868186803711907 ], [ -93.389344414661807, 44.868184103133643 ], [ -93.389348212244158, 44.868184090186901 ], [ -93.38934819403822, 44.86818138960863 ], [ -93.389351991620401, 44.868181376661759 ], [ -93.38935177314724, 44.868148969722405 ], [ -93.389313797346688, 44.868149099185253 ], [ -93.389313815550992, 44.868151799763552 ], [ -93.389306220390495, 44.868151825654607 ], [ -93.389306402430151, 44.868178831437547 ], [ -93.389302604848126, 44.868178844382896 ], [ -93.389302623051933, 44.868181544961168 ], [ -93.389298825469709, 44.868181557906397 ], [ -93.389298843673345, 44.868184258484696 ], [ -93.38929504609095, 44.868184271429797 ], [ -93.389295064294402, 44.868186972008083 ], [ -93.389287469129272, 44.868186997897901 ], [ -93.389287487332354, 44.868189698476186 ], [ -93.389283689749618, 44.868189711420911 ], [ -93.389283707952544, 44.868192411999203 ], [ -93.389279910369595, 44.868192424943807 ], [ -93.389279928572364, 44.868195125522085 ], [ -93.389268535823007, 44.868195164355136 ], [ -93.389268554025236, 44.868197864933421 ], [ -93.389260958858628, 44.868197890821499 ], [ -93.389261250088808, 44.868241100073995 ], [ -93.389257452502662, 44.868241113017859 ], [ -93.389257470704393, 44.868243813596138 ], [ -93.389253673118063, 44.868243826539874 ], [ -93.389253691319624, 44.868246527118146 ], [ -93.389234703387075, 44.868246591834946 ], [ -93.389234794390461, 44.868260094726317 ], [ -93.38923099680305, 44.8682601076693 ], [ -93.389231087805598, 44.868273610560657 ], [ -93.389227290217306, 44.868273623503519 ], [ -93.389227308417645, 44.868276324081776 ], [ -93.389223510829183, 44.868276337024533 ], [ -93.389223529029337, 44.86827903760279 ], [ -93.389219731440676, 44.868279050545418 ], [ -93.389219858840676, 44.86829795459326 ], [ -93.389216061250778, 44.868297967535753 ], [ -93.389216079450605, 44.86830066811401 ], [ -93.389212281860523, 44.86830068105639 ], [ -93.38921244565752, 44.868324986260674 ], [ -93.389208648065832, 44.868324999202926 ], [ -93.389208811861451, 44.868349304407126 ], [ -93.389212609454717, 44.868349291464845 ], [ -93.389212682253543, 44.868360093777781 ], [ -93.3892240750355, 44.868360054950195 ], [ -93.38922409323574, 44.868362755528416 ], [ -93.389227890829901, 44.868362742585646 ], [ -93.389227909030311, 44.868365443163874 ], [ -93.389231706624656, 44.868365430220962 ], [ -93.389231724825265, 44.868368130799176 ], [ -93.389243117608771, 44.868368091969685 ], [ -93.38924313580992, 44.868370792547907 ], [ -93.38928111175656, 44.868370663108067 ], [ -93.389281129959485, 44.868373363686274 ], [ -93.389284927554314, 44.868373350741606 ], [ -93.38928494575741, 44.868376051319792 ], [ -93.389288743352409, 44.868376038374997 ], [ -93.38928876155569, 44.86837873895319 ], [ -93.389322939912205, 44.868378622444233 ] ] ] } },
{ "type": "Feature", "properties": { }, "geometry": { "type": "Polygon", "coordinates": [ [ [ -93.381844220247615, 44.868214827709984 ], [ -93.381844202392543, 44.868212127129347 ], [ -93.381847999980081, 44.868212114431984 ], [ -93.381847982124853, 44.868209413851361 ], [ -93.381851779712207, 44.868209401153884 ], [ -93.381851761856794, 44.868206700573239 ], [ -93.381859357031175, 44.868206675177916 ], [ -93.381859339175392, 44.868203974597272 ], [ -93.381863136762391, 44.868203961899425 ], [ -93.381863118906452, 44.868201261318774 ], [ -93.38186691649328, 44.8682012486208 ], [ -93.381866898637156, 44.868198548040148 ], [ -93.3818706962238, 44.868198535342046 ], [ -93.381870678367505, 44.868195834761416 ], [ -93.381878273540423, 44.868195809364835 ], [ -93.381878255683773, 44.86819310878419 ], [ -93.381882053270061, 44.868193096085712 ], [ -93.381882035413227, 44.868190395505074 ], [ -93.38188583299933, 44.868190382806468 ], [ -93.381885815142326, 44.868187682225837 ], [ -93.381893410314177, 44.868187656828255 ], [ -93.381893392456817, 44.86818495624761 ], [ -93.381897190042551, 44.86818494354862 ], [ -93.381897172185035, 44.86818224296799 ], [ -93.381900969770584, 44.868182230268893 ], [ -93.381900951912883, 44.868179529688248 ], [ -93.381912344669018, 44.868179491590169 ], [ -93.381912326810777, 44.868176791009539 ], [ -93.381923719566359, 44.86817675291033 ], [ -93.381923701707606, 44.868174052329707 ], [ -93.38193129687761, 44.868174026929609 ], [ -93.381931279018488, 44.868171326348978 ], [ -93.381942671772975, 44.868171288247893 ], [ -93.381942653913327, 44.868168587667249 ], [ -93.381957844251872, 44.868168536864047 ], [ -93.381957826391528, 44.868165836283403 ], [ -93.381980611898229, 44.868165760074795 ], [ -93.381980594036804, 44.868163059494172 ], [ -93.381999581958084, 44.868162995983539 ], [ -93.381999564095779, 44.868160295402916 ], [ -93.382014754432049, 44.86816024459214 ], [ -93.382014736569047, 44.868157544011538 ], [ -93.382018534152934, 44.868157531308526 ], [ -93.382018373384327, 44.868133226082946 ], [ -93.382010778219751, 44.868133251488821 ], [ -93.382010760356934, 44.868130550908198 ], [ -93.381995570028465, 44.868130601718406 ], [ -93.381995552166373, 44.868127901137782 ], [ -93.38198795700248, 44.868127926542137 ], [ -93.381987939140743, 44.868125225961485 ], [ -93.38198034397719, 44.868125251365328 ], [ -93.381980326115809, 44.868122550784697 ], [ -93.38197652853421, 44.868122563486423 ], [ -93.381976510672999, 44.868119862905779 ], [ -93.381972713091571, 44.868119875607391 ], [ -93.381972695230559, 44.868117175026747 ], [ -93.381942314580471, 44.868117276635019 ], [ -93.381942296720865, 44.868114576054353 ], [ -93.381934701558677, 44.868114601455154 ], [ -93.381934683699427, 44.868111900874489 ], [ -93.381927088537594, 44.868111926274786 ], [ -93.381927070678714, 44.868109225694134 ], [ -93.381923273097954, 44.868109238394076 ], [ -93.381923255239258, 44.868106537813418 ], [ -93.381919457658668, 44.868106550513247 ], [ -93.381919439800157, 44.868103849932574 ], [ -93.381915642219752, 44.868103862632289 ], [ -93.381915624361412, 44.868101162051609 ], [ -93.381911826781192, 44.868101174751182 ], [ -93.381911808923036, 44.868098474170502 ], [ -93.381908011342986, 44.868098486869947 ], [ -93.381907993485001, 44.868095786289274 ], [ -93.381900398325257, 44.868095811687787 ], [ -93.381900380467613, 44.868093111107108 ], [ -93.381873797409654, 44.868093199997922 ], [ -93.381873779553274, 44.868090499417235 ], [ -93.381869981973736, 44.868090512115415 ], [ -93.381869964117541, 44.868087811534721 ], [ -93.381866166538174, 44.868087824232774 ], [ -93.38186614868215, 44.868085123652087 ], [ -93.381862351102953, 44.868085136350004 ], [ -93.381862333247128, 44.868082435769296 ], [ -93.381854738089089, 44.868082461164775 ], [ -93.381854720233605, 44.868079760584088 ], [ -93.381835732339354, 44.868079824070534 ], [ -93.381835714484765, 44.868077123489833 ], [ -93.38179773869787, 44.868077250453275 ], [ -93.381797756550682, 44.868079951033984 ], [ -93.381793958971798, 44.868079963729627 ], [ -93.381794012529738, 44.868088065471802 ], [ -93.381790214950314, 44.868088078167332 ], [ -93.381790250655257, 44.868093479328749 ], [ -93.381786453075478, 44.868093492024165 ], [ -93.381786470927779, 44.868096192604881 ], [ -93.381782673347828, 44.868096205300155 ], [ -93.381782709052075, 44.8681016064616 ], [ -93.38177891147177, 44.868101619156747 ], [ -93.381779107843371, 44.868131325544532 ], [ -93.381775310261105, 44.868131338239564 ], [ -93.381775328112894, 44.868134038820266 ], [ -93.381771530530443, 44.868134051515185 ], [ -93.381771548382076, 44.868136752095893 ], [ -93.381756358051547, 44.868136802874297 ], [ -93.381756393753378, 44.868142204035721 ], [ -93.381752596170401, 44.868142216730007 ], [ -93.38175263187189, 44.868147617891402 ], [ -93.38174883428853, 44.868147630585568 ], [ -93.381749012794373, 44.868174636392538 ], [ -93.381756607964633, 44.868174611004051 ], [ -93.381756625815584, 44.868177311584738 ], [ -93.381760423400891, 44.868177298890309 ], [ -93.381760441252027, 44.868179999470996 ], [ -93.381764238837491, 44.868179986776433 ], [ -93.381764256688811, 44.86818268735712 ], [ -93.38176805427446, 44.868182674662442 ], [ -93.381768072125951, 44.868185375243115 ], [ -93.38177186971177, 44.868185362548296 ], [ -93.381771887563445, 44.868188063128976 ], [ -93.381775685149435, 44.868188050434036 ], [ -93.381775703001296, 44.868190751014708 ], [ -93.381779500587484, 44.868190738319647 ], [ -93.381779571995622, 44.868201540642318 ], [ -93.381783369582507, 44.868201527947122 ], [ -93.381783387434737, 44.868204228527787 ], [ -93.381790982608848, 44.868204203137019 ], [ -93.381791000461419, 44.868206903717677 ], [ -93.381798595635871, 44.86820687832639 ], [ -93.381798613488812, 44.868209578907035 ], [ -93.381806208663619, 44.86820955351525 ], [ -93.381806226516915, 44.868212254095909 ], [ -93.381810024104482, 44.868212241399824 ], [ -93.381810041957962, 44.868214941980469 ], [ -93.381844220247615, 44.868214827709984 ] ] ] } },
{ "type": "Feature", "properties": { }, "geometry": { "type": "Polygon", "coordinates": [ [ [ -93.388296063952907, 44.868155264663947 ], [ -93.388295882385833, 44.868128258877661 ], [ -93.388299679964987, 44.868128245965799 ], [ -93.38829960733753, 44.868117443651251 ], [ -93.388303404915973, 44.868117430739268 ], [ -93.388303368601896, 44.868112029581994 ], [ -93.38830716617997, 44.86811201666989 ], [ -93.388307148022761, 44.86810931609125 ], [ -93.388310945600679, 44.868109303179018 ], [ -93.388310927443285, 44.868106602600385 ], [ -93.388322320176457, 44.868106563862931 ], [ -93.388322283860617, 44.868101162705642 ], [ -93.388326081437995, 44.868101149792913 ], [ -93.388326063279891, 44.868098449214273 ], [ -93.388329860857084, 44.868098436301416 ], [ -93.388329842698809, 44.868095735722783 ], [ -93.388348830583809, 44.868095671156588 ], [ -93.388348794265511, 44.868090269999314 ], [ -93.38835259184215, 44.868090257085697 ], [ -93.388352519204872, 44.868079454771163 ], [ -93.388356316780801, 44.868079441857432 ], [ -93.388356298621304, 44.86807674127877 ], [ -93.388360096197047, 44.868076728364905 ], [ -93.38836007803738, 44.868074027786264 ], [ -93.388363875612939, 44.868074014872292 ], [ -93.388363712174481, 44.868049709664483 ], [ -93.388337129156696, 44.868049800059659 ], [ -93.388337110998123, 44.868047099481011 ], [ -93.388333313424312, 44.868047112394095 ], [ -93.388333295265923, 44.868044411815426 ], [ -93.388329497692297, 44.868044424728389 ], [ -93.388329297952097, 44.868014718363021 ], [ -93.388295119806912, 44.868014834573884 ], [ -93.388295137963496, 44.868017535152568 ], [ -93.388291340391618, 44.868017548064245 ], [ -93.388291358548031, 44.868020248642928 ], [ -93.388287560975968, 44.868020261554491 ], [ -93.388287542819739, 44.868017560975808 ], [ -93.388283745247847, 44.868017573887244 ], [ -93.388283727091789, 44.86801487330856 ], [ -93.388279929520095, 44.868014886219861 ], [ -93.388279893208335, 44.868009485062466 ], [ -93.388276095636982, 44.868009497973645 ], [ -93.388276023014228, 44.867998695658841 ], [ -93.388241844878294, 44.867998811853731 ], [ -93.388241881186474, 44.868004213011147 ], [ -93.388238083615448, 44.868004225921069 ], [ -93.38823810176936, 44.868006926499774 ], [ -93.38823430419815, 44.868006939409561 ], [ -93.388234376813131, 44.868017741724415 ], [ -93.38823057924121, 44.868017754634067 ], [ -93.388230797084262, 44.868050161578466 ], [ -93.388242189806391, 44.868050122849048 ], [ -93.388242207960531, 44.868052823427739 ], [ -93.388246005534754, 44.868052810517682 ], [ -93.388246023689064, 44.868055511096365 ], [ -93.388249821263472, 44.86805549818618 ], [ -93.388249893881465, 44.868066300500914 ], [ -93.388253691456569, 44.868066287590587 ], [ -93.388253709611263, 44.868068988169263 ], [ -93.388249912035974, 44.86806900107959 ], [ -93.388249930190483, 44.868071701658259 ], [ -93.388246132615023, 44.868071714568451 ], [ -93.388246150769348, 44.868074415147127 ], [ -93.388223365315469, 44.868074492605658 ], [ -93.388223383468741, 44.868077193184334 ], [ -93.388215788317069, 44.868077219002849 ], [ -93.388215806469987, 44.868079919581547 ], [ -93.388212008893987, 44.868079932490602 ], [ -93.38821202704672, 44.868082633069292 ], [ -93.388204431894323, 44.868082658887033 ], [ -93.388204540808715, 44.868098862359119 ], [ -93.388200743231451, 44.868098875267819 ], [ -93.388200906601597, 44.868123180475877 ], [ -93.388204704180467, 44.868123167567177 ], [ -93.388204740485335, 44.868128568724508 ], [ -93.388208538064546, 44.868128555815666 ], [ -93.38820864698026, 44.868144759287624 ], [ -93.388212444560537, 44.868144746378661 ], [ -93.388212462713341, 44.868147446957323 ], [ -93.38822005787425, 44.868147421139007 ], [ -93.388220076027409, 44.868150121717647 ], [ -93.388227671188673, 44.86815009589882 ], [ -93.388227689342187, 44.868152796477474 ], [ -93.38823148692299, 44.868152783567872 ], [ -93.388231505076689, 44.868155484146506 ], [ -93.388296063952907, 44.868155264663947 ] ] ] } },
{ "type": "Feature", "properties": { }, "geometry": { "type": "Polygon", "coordinates": [ [ [ -93.382333215147781, 44.868078159683115 ], [ -93.382333197269929, 44.868075459102563 ], [ -93.382336994848274, 44.868075446388985 ], [ -93.382336976970251, 44.868072745808441 ], [ -93.382359762439208, 44.86807266952431 ], [ -93.382359744560119, 44.868069968943757 ], [ -93.382363542138094, 44.868069956229284 ], [ -93.382363524258835, 44.868067255648747 ], [ -93.382378714569981, 44.868067204789646 ], [ -93.382378696690012, 44.868064504209094 ], [ -93.382390089422827, 44.868064466063437 ], [ -93.382390071542318, 44.868061765482913 ], [ -93.382466023090259, 44.868061511149541 ], [ -93.382466005206211, 44.868058810569032 ], [ -93.382488790669328, 44.868058734259179 ], [ -93.382488772784214, 44.868056033678648 ], [ -93.382511558246179, 44.868055957364263 ], [ -93.382511540359999, 44.868053256783767 ], [ -93.382538123397595, 44.86805316774457 ], [ -93.382538105510179, 44.868050467164082 ], [ -93.382560890969813, 44.868050390839848 ], [ -93.382560873081346, 44.868047690259367 ], [ -93.382598848845433, 44.868047563042232 ], [ -93.38259883095516, 44.868044862461744 ], [ -93.382629211564833, 44.868044760678956 ], [ -93.382629193673168, 44.868042060098468 ], [ -93.382644383977222, 44.868042009204046 ], [ -93.382644366084847, 44.868039308623587 ], [ -93.382667151539792, 44.868039232278171 ], [ -93.382667169433248, 44.868041932858631 ], [ -93.382670967009233, 44.868041920133955 ], [ -93.382670984902859, 44.868044620714429 ], [ -93.382674782479029, 44.868044607989617 ], [ -93.38267480037284, 44.868047308570084 ], [ -93.38267859794918, 44.868047295845145 ], [ -93.382678615843162, 44.868049996425604 ], [ -93.382716591608244, 44.868049869169319 ], [ -93.382716394755008, 44.868020162784347 ], [ -93.382712597180472, 44.868020175510544 ], [ -93.382712579284913, 44.86801747493007 ], [ -93.382708781710534, 44.868017487656118 ], [ -93.38270876381516, 44.868014787075666 ], [ -93.38270116866677, 44.868014812527385 ], [ -93.382701150771751, 44.868012111946918 ], [ -93.382697353197727, 44.868012124672603 ], [ -93.382697335302893, 44.868009424092129 ], [ -93.382655561990461, 44.868009564066206 ], [ -93.382655544097574, 44.868006863485732 ], [ -93.382651746523877, 44.868006876209897 ], [ -93.382651728631174, 44.868004175629395 ], [ -93.382644133484135, 44.868004201077333 ], [ -93.382644115591788, 44.868001500496845 ], [ -93.382640318018431, 44.868001513220619 ], [ -93.382640300126269, 44.867998812640138 ], [ -93.382636502553112, 44.867998825363777 ], [ -93.382636484661106, 44.867996124783275 ], [ -93.382628889515118, 44.867996150230205 ], [ -93.382628871623496, 44.867993449649703 ], [ -93.382602288613654, 44.867993538709925 ], [ -93.382602270723268, 44.867990838129423 ], [ -93.382598473150608, 44.86799085085179 ], [ -93.382598455260407, 44.86798815027128 ], [ -93.382556681962868, 44.867988290209141 ], [ -93.382556699851122, 44.867990990789686 ], [ -93.382545307133029, 44.867991028951899 ], [ -93.382545325020743, 44.867993729532429 ], [ -93.382499754146011, 44.867993882169976 ], [ -93.382499772031579, 44.867996582750507 ], [ -93.382488379312321, 44.867996620907043 ], [ -93.382488397197378, 44.867999321487602 ], [ -93.382473206904265, 44.86799937236124 ], [ -93.382473224788612, 44.868002072941778 ], [ -93.382454236921291, 44.868002136530983 ], [ -93.382454254804742, 44.868004837111535 ], [ -93.382427671789131, 44.868004926131135 ], [ -93.38242768967136, 44.868007626711687 ], [ -93.382378321211164, 44.868007792017394 ], [ -93.382378339091076, 44.868010492597961 ], [ -93.382374541517024, 44.868010505312895 ], [ -93.382374559396766, 44.868013205893469 ], [ -93.382370761822528, 44.868013218608283 ], [ -93.382370779702086, 44.868015919188863 ], [ -93.382366982127678, 44.86801593190355 ], [ -93.382367000007079, 44.868018632484123 ], [ -93.38235940485788, 44.86801865791314 ], [ -93.382359422736926, 44.868021358493699 ], [ -93.382317649414205, 44.868021498344213 ], [ -93.382317667291289, 44.868024198924793 ], [ -93.382310072141323, 44.868024224350521 ], [ -93.382310090018066, 44.868026924931101 ], [ -93.382306292442877, 44.868026937643776 ], [ -93.382306310319464, 44.86802963822435 ], [ -93.382272132141225, 44.868029752632751 ], [ -93.382272150016206, 44.868032453213367 ], [ -93.382268352440647, 44.868032465924777 ], [ -93.382268513313889, 44.868056771150052 ], [ -93.382276108468176, 44.868056745727088 ], [ -93.382276126343342, 44.868059446307662 ], [ -93.382279923920663, 44.868059433595988 ], [ -93.382279941796014, 44.868062134176569 ], [ -93.382283739373506, 44.86806212146476 ], [ -93.382283757249041, 44.868064822045326 ], [ -93.382287554826718, 44.868064809333397 ], [ -93.382287644205292, 44.868078312236243 ], [ -93.382333215147781, 44.868078159683115 ] ] ] } },
{ "type": "Feature", "properties": { }, "geometry": { "type": "Polygon", "coordinates": [ [ [ -93.391545474070952, 44.867949724300694 ], [ -93.391545400836861, 44.867938921989982 ], [ -93.391549198402089, 44.867938908970125 ], [ -93.39154912516733, 44.867928106659384 ], [ -93.391552922731861, 44.867928093639385 ], [ -93.391552849496421, 44.867917291328645 ], [ -93.391556647060241, 44.867917278308525 ], [ -93.391556463970062, 44.867890272531589 ], [ -93.391522285911634, 44.867890389707973 ], [ -93.391522304219038, 44.867893090285691 ], [ -93.391518506656809, 44.86789310330466 ], [ -93.391518524964042, 44.867895803882369 ], [ -93.391514727401614, 44.867895816901211 ], [ -93.391514764015739, 44.867901218056637 ], [ -93.391510966452955, 44.867901231075351 ], [ -93.39151129597731, 44.867949841473916 ], [ -93.391545474070952, 44.867949724300694 ] ] ] } },
{ "type": "Feature", "properties": { }, "geometry": { "type": "Polygon", "coordinates": [ [ [ -93.378365239603767, 44.868166992652199 ], [ -93.378365009603186, 44.868131885089298 ], [ -93.378361212019371, 44.8681318976708 ], [ -93.378361105866475, 44.868115694180148 ], [ -93.378357308283725, 44.868115706761543 ], [ -93.378357219823926, 44.868102203852608 ], [ -93.378353422242057, 44.868102216433869 ], [ -93.378353351474956, 44.868091414106701 ], [ -93.378349553893813, 44.868091426687826 ], [ -93.378349483127479, 44.868080624360644 ], [ -93.378345685547032, 44.868080636941627 ], [ -93.37834559709006, 44.868067134032614 ], [ -93.378341799510494, 44.868067146613463 ], [ -93.378341746436874, 44.868059044868041 ], [ -93.378337948857833, 44.868059057448775 ], [ -93.378337878093745, 44.868048255121515 ], [ -93.37833408051543, 44.8680482677021 ], [ -93.378334009752095, 44.868037465374805 ], [ -93.37833021217449, 44.868037477955276 ], [ -93.378330141411894, 44.868026675627952 ], [ -93.378326343834999, 44.868026688208296 ], [ -93.37832629076361, 44.868018586462796 ], [ -93.378322493187241, 44.868018599042998 ], [ -93.378322457806689, 44.868013197879328 ], [ -93.378318660230661, 44.868013210459388 ], [ -93.378318607160381, 44.868005108713866 ], [ -93.378314809584893, 44.868005121293812 ], [ -93.378314756515167, 44.867997019548277 ], [ -93.378310958940205, 44.867997032128088 ], [ -93.378310923560761, 44.867991630964383 ], [ -93.378307125986154, 44.867991643544066 ], [ -93.378307090607066, 44.867986242380361 ], [ -93.378303293032815, 44.867986254959916 ], [ -93.378303239964737, 44.867978153214331 ], [ -93.378299442391011, 44.867978165793765 ], [ -93.378299407012648, 44.867972764630039 ], [ -93.378295609439277, 44.867972777209332 ], [ -93.378295556372308, 44.867964675463732 ], [ -93.378291758799477, 44.867964688042896 ], [ -93.378291723421867, 44.867959286879149 ], [ -93.378287925849364, 44.867959299458192 ], [ -93.378287890472123, 44.867953898294438 ], [ -93.378284092899989, 44.867953910873347 ], [ -93.378284057523089, 44.867948509709592 ], [ -93.37828025995131, 44.867948522288366 ], [ -93.378280242263045, 44.867945821706492 ], [ -93.378272647119815, 44.867945846863677 ], [ -93.378272629431933, 44.867943146281796 ], [ -93.378265034289043, 44.867943171438476 ], [ -93.378265016601503, 44.867940470856574 ], [ -93.378261219030236, 44.867940483434722 ], [ -93.378261201342866, 44.867937782852827 ], [ -93.378257403771784, 44.867937795430848 ], [ -93.378257226900047, 44.867910789611834 ], [ -93.378245834192086, 44.867910827345106 ], [ -93.378245816505455, 44.86790812676319 ], [ -93.378242018936305, 44.867908139340685 ], [ -93.378242001249859, 44.867905438758775 ], [ -93.378238203680894, 44.867905451336149 ], [ -93.378238097563326, 44.86788924784463 ], [ -93.378203919452048, 44.867889361035267 ], [ -93.378204078614047, 44.867913666272642 ], [ -93.378215471322633, 44.867913628543533 ], [ -93.378215489007829, 44.86791632912545 ], [ -93.378219286577533, 44.867916316548829 ], [ -93.378219304262927, 44.867919017130731 ], [ -93.378223101832802, 44.86791900455399 ], [ -93.378223314059809, 44.867951411536893 ], [ -93.378227111631816, 44.867951398959995 ], [ -93.378227129317594, 44.867954099541883 ], [ -93.378230926889785, 44.867954086964872 ], [ -93.378230997633622, 44.867964889292452 ], [ -93.378234795206509, 44.867964876715298 ], [ -93.378234830578805, 44.867970277879074 ], [ -93.378238628152047, 44.867970265301807 ], [ -93.378238645838366, 44.867972965883688 ], [ -93.378242443411779, 44.867972953306278 ], [ -93.378242461098296, 44.867975653888152 ], [ -93.378246258671879, 44.867975641310622 ], [ -93.378246294045255, 44.867981042474398 ], [ -93.378250091619194, 44.867981029896718 ], [ -93.378250162366697, 44.867991832224234 ], [ -93.378246364792062, 44.867991844801892 ], [ -93.378246400165466, 44.867997245965647 ], [ -93.378242602590447, 44.867997258543177 ], [ -93.378242620276993, 44.867999959125051 ], [ -93.378238822701803, 44.867999971702474 ], [ -93.378238999565468, 44.868026977521119 ], [ -93.378242797142434, 44.868026964943681 ], [ -93.378242832515554, 44.868032366107407 ], [ -93.378246630092875, 44.868032353529856 ], [ -93.378246665466364, 44.86803775469356 ], [ -93.378250463044026, 44.868037742115874 ], [ -93.37825049841787, 44.868043143279564 ], [ -93.378254295995902, 44.86804313070175 ], [ -93.378254331370115, 44.868048531865448 ], [ -93.378258128948488, 44.868048519287505 ], [ -93.378258182010356, 44.86805662103302 ], [ -93.378261979589269, 44.868056608454935 ], [ -93.378262014964221, 44.868062009618626 ], [ -93.378265812543475, 44.868061997040428 ], [ -93.378265847918797, 44.868067398204083 ], [ -93.378269645498406, 44.86806738562575 ], [ -93.378269680874084, 44.868072786789412 ], [ -93.378273478454048, 44.868072774210958 ], [ -93.378273513830095, 44.868078175374613 ], [ -93.3782773114104, 44.868078162796003 ], [ -93.378277346786817, 44.868083563959658 ], [ -93.378281144367477, 44.868083551380941 ], [ -93.378281197432656, 44.868091653126385 ], [ -93.378284995013857, 44.868091640547547 ], [ -93.378285030390998, 44.868097041711167 ], [ -93.37828882797254, 44.868097029132194 ], [ -93.378288863350065, 44.868102430295806 ], [ -93.378292660931947, 44.868102417716706 ], [ -93.378292696309842, 44.868107818880318 ], [ -93.378296493892094, 44.868107806301076 ], [ -93.37829652927033, 44.868113207464702 ], [ -93.378300326852937, 44.868113194885332 ], [ -93.378300362231542, 44.86811859604893 ], [ -93.378304159814505, 44.868118583469432 ], [ -93.378304212882966, 44.868126685214825 ], [ -93.378308010466469, 44.868126672635192 ], [ -93.378308045845799, 44.868132073798776 ], [ -93.378311843429643, 44.868132061219022 ], [ -93.378311878809356, 44.868137462382592 ], [ -93.378315676393555, 44.86813744980271 ], [ -93.378315711773624, 44.868142850966287 ], [ -93.378319509358164, 44.868142838386277 ], [ -93.378319544738602, 44.868148239549818 ], [ -93.378323342323498, 44.868148226969701 ], [ -93.378323377704305, 44.868153628133257 ], [ -93.378327175289556, 44.868153615552984 ], [ -93.378327210670719, 44.868159016716525 ], [ -93.378331008256339, 44.868159004136125 ], [ -93.378331061328637, 44.868167105881426 ], [ -93.378365239603767, 44.868166992652199 ] ] ] } },
{ "type": "Feature", "properties": { }, "geometry": { "type": "Polygon", "coordinates": [ [ [ -93.383842981999337, 44.867821935748857 ], [ -93.383842964051041, 44.86781923516866 ], [ -93.383846761611863, 44.86781922240494 ], [ -93.383846743663412, 44.867816521824736 ], [ -93.383880921709149, 44.867816406945543 ], [ -93.383880903759092, 44.867813706365354 ], [ -93.383884701319559, 44.867813693600361 ], [ -93.383884683369317, 44.867810993020179 ], [ -93.383892278489853, 44.867810967489831 ], [ -93.383892260539255, 44.867808266909641 ], [ -93.383896058099353, 44.867808254144272 ], [ -93.383896040148585, 44.867805553564082 ], [ -93.383903635268396, 44.867805528032981 ], [ -93.383903617317287, 44.867802827452785 ], [ -93.383907414877001, 44.86780281468706 ], [ -93.383907396925721, 44.867800114106878 ], [ -93.383914992044794, 44.867800088575017 ], [ -93.383914974093159, 44.867797387994834 ], [ -93.383922569211876, 44.867797362462476 ], [ -93.383922551259886, 44.867794661882293 ], [ -93.38392634881906, 44.867794649115922 ], [ -93.383926187249628, 44.867770343894222 ], [ -93.383888211673721, 44.867770471552113 ], [ -93.383888229624105, 44.867773172132317 ], [ -93.383869241835157, 44.867773235956527 ], [ -93.383869259784646, 44.867775936536738 ], [ -93.383842676878785, 44.867776025885341 ], [ -93.383842694827024, 44.867778726465552 ], [ -93.383797124128847, 44.867778879620204 ], [ -93.383797106182726, 44.867776179039971 ], [ -93.3837591306024, 44.867776306654953 ], [ -93.383759292101573, 44.867800611877101 ], [ -93.383766887220858, 44.867800586355095 ], [ -93.383766905165572, 44.867803286935327 ], [ -93.383782095404811, 44.867803235889788 ], [ -93.383782113350236, 44.86780593647002 ], [ -93.38378591091022, 44.867805923708318 ], [ -93.383785928855829, 44.867808624288536 ], [ -93.383801119096447, 44.867808573240467 ], [ -93.383801137042767, 44.867811273820692 ], [ -93.383804934603091, 44.867811261058364 ], [ -93.383804952549596, 44.867813961638568 ], [ -93.383808750110092, 44.867813948876105 ], [ -93.38380880395016, 44.867822050616724 ], [ -93.383842981999337, 44.867821935748857 ] ] ] } },
{ "type": "Feature", "properties": { }, "geometry": { "type": "Polygon", "coordinates": [ [ [ -93.383444650462096, 44.867885388584625 ], [ -93.383444632532388, 44.867882688004336 ], [ -93.383448430097573, 44.867882675253831 ], [ -93.383448412167681, 44.867879974673542 ], [ -93.383452209732681, 44.867879961922924 ], [ -93.383452191802647, 44.867877261342635 ], [ -93.383459786932278, 44.867877235841007 ], [ -93.383459769001874, 44.867874535260704 ], [ -93.383463566566505, 44.867874522509709 ], [ -93.383463548635916, 44.86787182192942 ], [ -93.383467346200376, 44.867871809178304 ], [ -93.383467328269631, 44.867869108598015 ], [ -93.383474923398168, 44.8678690830954 ], [ -93.383474905467068, 44.867866382515103 ], [ -93.38348250059525, 44.867866357011984 ], [ -93.38348248266378, 44.867863656431688 ], [ -93.383486280227686, 44.867863643679925 ], [ -93.38348626229606, 44.867860943099643 ], [ -93.383490059859795, 44.867860930347774 ], [ -93.383490041927985, 44.867858229767485 ], [ -93.383497637055086, 44.867858204263364 ], [ -93.383497619122906, 44.867855503683074 ], [ -93.383501416686286, 44.867855490930815 ], [ -93.38350139875395, 44.867852790350533 ], [ -93.383505196317131, 44.867852777598159 ], [ -93.38350517838461, 44.867850077017856 ], [ -93.383508975947635, 44.867850064265355 ], [ -93.383508958014929, 44.867847363685073 ], [ -93.383512755577755, 44.867847350932443 ], [ -93.383512737644907, 44.867844650352161 ], [ -93.383516535207548, 44.867844637599411 ], [ -93.383516517274515, 44.867841937019122 ], [ -93.383520314836986, 44.867841924266237 ], [ -93.383520296903768, 44.867839223685955 ], [ -93.38352789202834, 44.867839198179823 ], [ -93.383527874094767, 44.867836497599519 ], [ -93.383531671656883, 44.867836484846272 ], [ -93.383531653723125, 44.867833784265983 ], [ -93.38353545128507, 44.867833771512615 ], [ -93.383535433351142, 44.867831070932318 ], [ -93.383539230912888, 44.867831058178815 ], [ -93.383539212978803, 44.867828357598533 ], [ -93.383546808101912, 44.86782833209115 ], [ -93.383546790167486, 44.867825631510861 ], [ -93.383550587728863, 44.867825618756989 ], [ -93.383550569794238, 44.867822918176678 ], [ -93.383554367355444, 44.86782290542267 ], [ -93.383554349420649, 44.867820204842388 ], [ -93.38355814698167, 44.867820192088267 ], [ -93.383558129046691, 44.867817491507971 ], [ -93.383561926607541, 44.867817478753722 ], [ -93.383561908672405, 44.86781477817344 ], [ -93.383565706233057, 44.867814765419062 ], [ -93.383565688297736, 44.867812064838773 ], [ -93.383569485858217, 44.867812052084268 ], [ -93.383569467922726, 44.867809351503972 ], [ -93.383573265483037, 44.867809338749339 ], [ -93.383573247547361, 44.867806638169057 ], [ -93.383577045107486, 44.867806625414303 ], [ -93.38357702717164, 44.867803924834007 ], [ -93.383580824731581, 44.867803912079125 ], [ -93.383580806795564, 44.86780121149885 ], [ -93.38358460435532, 44.867801198743841 ], [ -93.383584586419119, 44.867798498163552 ], [ -93.383588383978704, 44.867798485408414 ], [ -93.383588366042332, 44.867795784828118 ], [ -93.383592163601733, 44.867795772072867 ], [ -93.38359214566519, 44.867793071492578 ], [ -93.383595943224421, 44.867793058737199 ], [ -93.383595925287707, 44.867790358156924 ], [ -93.383599722846739, 44.86779034540141 ], [ -93.383599543477914, 44.867763339598454 ], [ -93.383595745920658, 44.867763352353954 ], [ -93.383595710047274, 44.867757951193347 ], [ -93.383576722262688, 44.867758014968913 ], [ -93.383576704326885, 44.867755314388582 ], [ -93.383572906770141, 44.867755327143321 ], [ -93.383572888834522, 44.867752626563004 ], [ -93.383569091277963, 44.867752639317608 ], [ -93.383569073342514, 44.86774993873729 ], [ -93.38353109777843, 44.867750066276386 ], [ -93.383531133645761, 44.867755467437028 ], [ -93.383527336088974, 44.867755480190262 ], [ -93.383527354022476, 44.867758180770601 ], [ -93.383523556465519, 44.867758193523692 ], [ -93.383523574398836, 44.867760894104016 ], [ -93.383519776841695, 44.867760906856979 ], [ -93.383519794774827, 44.867763607437304 ], [ -93.383515997217515, 44.867763620190139 ], [ -93.383516033083438, 44.867769021350789 ], [ -93.383512235525771, 44.86776903410351 ], [ -93.383512253458562, 44.867771734683849 ], [ -93.38350845590071, 44.867771747436436 ], [ -93.383508473833317, 44.867774448016768 ], [ -93.383504676275294, 44.867774460769233 ], [ -93.38350469420773, 44.867777161349558 ], [ -93.383497099091286, 44.86777718685412 ], [ -93.383497117023381, 44.867779887434438 ], [ -93.383493319464989, 44.867779900186527 ], [ -93.383493337396899, 44.867782600766851 ], [ -93.383489539838337, 44.86778261351882 ], [ -93.383489557770062, 44.867785314099152 ], [ -93.3834857602113, 44.867785326850999 ], [ -93.38348577814287, 44.867788027431324 ], [ -93.383478183024991, 44.867788052934621 ], [ -93.383478200956205, 44.867790753514953 ], [ -93.383463010719694, 44.867790804520048 ], [ -93.383463064511218, 44.867798906261044 ], [ -93.383459266951562, 44.867798919012017 ], [ -93.383459284881894, 44.867801619592335 ], [ -93.383455487322053, 44.867801632343173 ], [ -93.383455505252201, 44.867804332923491 ], [ -93.383451707692188, 44.867804345674202 ], [ -93.383451725622166, 44.867807046254548 ], [ -93.383447928061955, 44.867807059005138 ], [ -93.383447945991776, 44.867809759585455 ], [ -93.383428958189825, 44.867809823336501 ], [ -93.383428976118751, 44.867812523916854 ], [ -93.383421380997603, 44.867812549416385 ], [ -93.3834214527119, 44.867823351737705 ], [ -93.383417655150609, 44.867823364487293 ], [ -93.383417673079009, 44.867826065067632 ], [ -93.383413875517547, 44.867826077817092 ], [ -93.383413893445777, 44.867828778397424 ], [ -93.383410095884116, 44.867828791146756 ], [ -93.383410113812189, 44.867831491727088 ], [ -93.383402518688513, 44.867831517225369 ], [ -93.383402536616217, 44.867834217805701 ], [ -93.383394941492185, 44.867834243303498 ], [ -93.383394959419533, 44.867836943883816 ], [ -93.383391161857332, 44.867836956632523 ], [ -93.38339117978451, 44.867839657212876 ], [ -93.383387382222139, 44.867839669961455 ], [ -93.383387400149132, 44.867842370541787 ], [ -93.383383602586576, 44.867842383290238 ], [ -93.383383620513399, 44.86784508387057 ], [ -93.383372227825205, 44.867845122115185 ], [ -93.383372245751488, 44.867847822695524 ], [ -93.383364650625637, 44.867847848191303 ], [ -93.383364829885167, 44.867874853994593 ], [ -93.383383817708619, 44.867874790254128 ], [ -93.38338383563547, 44.867877490834452 ], [ -93.383395228330073, 44.867877452588651 ], [ -93.38339524625745, 44.867880153168969 ], [ -93.383399043822479, 44.86788014042012 ], [ -93.383399061750055, 44.867882841000423 ], [ -93.383406656880467, 44.867882815502334 ], [ -93.383406674808398, 44.867885516082644 ], [ -93.383444650462096, 44.867885388584625 ] ] ] } },
{ "type": "Feature", "properties": { }, "geometry": { "type": "Polygon", "coordinates": [ [ [ -93.383686761707679, 44.867744142125311 ], [ -93.383686510534844, 44.867706334001213 ], [ -93.38367511787439, 44.867706372275954 ], [ -93.383675099934024, 44.867703671695644 ], [ -93.383640921954168, 44.867703786513026 ], [ -93.383640939892942, 44.867706487093358 ], [ -93.383637142339424, 44.867706499850222 ], [ -93.383637178216617, 44.867711901010843 ], [ -93.38364097577049, 44.867711888253986 ], [ -93.383641155158358, 44.867738894057055 ], [ -93.383648750269614, 44.867738868542929 ], [ -93.383648768208772, 44.867741569123211 ], [ -93.383652565764592, 44.867741556365964 ], [ -93.38365258370392, 44.867744256946267 ], [ -93.383686761707679, 44.867744142125311 ] ] ] } },
{ "type": "Feature", "properties": { }, "geometry": { "type": "Polygon", "coordinates": [ [ [ -93.385212640497187, 44.867628279251335 ], [ -93.385212406338667, 44.867593171713111 ], [ -93.385182025975723, 44.867593274182269 ], [ -93.385182007964971, 44.867590573602392 ], [ -93.385178210419767, 44.867590586410458 ], [ -93.385178192409199, 44.867587885830574 ], [ -93.38517439486418, 44.867587898638519 ], [ -93.385174376853783, 44.867585198058627 ], [ -93.385170579308934, 44.867585210866451 ], [ -93.385170561298708, 44.867582510286567 ], [ -93.385166763754043, 44.867582523094249 ], [ -93.385166745744002, 44.867579822514358 ], [ -93.385140162932444, 44.867579912164658 ], [ -93.385140144923668, 44.867577211584774 ], [ -93.385136347379316, 44.867577224391447 ], [ -93.38513632937071, 44.867574523811534 ], [ -93.385094556384757, 44.867574664676667 ], [ -93.385094628411395, 44.867585466996331 ], [ -93.385090830866488, 44.867585479801498 ], [ -93.385091028938021, 44.86761518618048 ], [ -93.38510242157858, 44.867615147764553 ], [ -93.385102439585637, 44.867617848344459 ], [ -93.385117629773731, 44.867617797121454 ], [ -93.385117647781485, 44.867620497701338 ], [ -93.385155623253311, 44.867620369634977 ], [ -93.385155605243781, 44.8676176690551 ], [ -93.385170795431719, 44.86761761782504 ], [ -93.38517081344196, 44.867620318404896 ], [ -93.385174610989125, 44.867620305597065 ], [ -93.38517462899955, 44.86762300617692 ], [ -93.385178426546901, 44.867622993368968 ], [ -93.38517846256812, 44.867628394528701 ], [ -93.385212640497187, 44.867628279251335 ] ] ] } },
{ "type": "Feature", "properties": { }, "geometry": { "type": "Polygon", "coordinates": [ [ [ -93.385147523902774, 44.867544779012128 ], [ -93.38514750589367, 44.867542078432223 ], [ -93.385177886229783, 44.867541975972337 ], [ -93.38517783219821, 44.867533874232613 ], [ -93.385181629739677, 44.867533861424555 ], [ -93.385181449632782, 44.8675068556254 ], [ -93.385162461934286, 44.867506919664322 ], [ -93.385162443924486, 44.867504219084395 ], [ -93.385113075910397, 44.867504385570825 ], [ -93.385113147940331, 44.867515187890596 ], [ -93.385109350400057, 44.86751520069636 ], [ -93.385109548480628, 44.867544907075633 ], [ -93.385147523902774, 44.867544779012128 ] ] ] } },
{ "type": "Feature", "properties": { }, "geometry": { "type": "Polygon", "coordinates": [ [ [ -93.383728229794357, 44.867698091909901 ], [ -93.383728211851519, 44.867695391329619 ], [ -93.383732009404255, 44.867695378569735 ], [ -93.383731973518223, 44.867689977409142 ], [ -93.383735771070604, 44.867689964649145 ], [ -93.383735753127411, 44.867687264068834 ], [ -93.383739550679621, 44.867687251308702 ], [ -93.383739532736243, 44.867684550728413 ], [ -93.383743330288254, 44.867684537968152 ], [ -93.38374331234472, 44.86768183738787 ], [ -93.383747109896561, 44.867681824627482 ], [ -93.383747091952841, 44.867679124047186 ], [ -93.383750889504512, 44.867679111286677 ], [ -93.383750853616718, 44.867673710126091 ], [ -93.383754651168019, 44.867673697365461 ], [ -93.383754633223958, 44.867670996785165 ], [ -93.383758430775089, 44.867670984024407 ], [ -93.383758412830844, 44.867668283444118 ], [ -93.383762210381775, 44.867668270683225 ], [ -93.383762192437359, 44.867665570102929 ], [ -93.38376598998812, 44.867665557341923 ], [ -93.383765972043534, 44.867662856761633 ], [ -93.383769769594124, 44.867662844000499 ], [ -93.383769751649353, 44.867660143420203 ], [ -93.383773549199745, 44.867660130658948 ], [ -93.383773531254803, 44.867657430078651 ], [ -93.383777328805039, 44.867657417317268 ], [ -93.383777310859912, 44.867654716736972 ], [ -93.383781108409949, 44.867654703975468 ], [ -93.383781072519383, 44.867649302814876 ], [ -93.383784870069064, 44.867649290053244 ], [ -93.383784852123597, 44.86764658947294 ], [ -93.383788649673093, 44.867646576711181 ], [ -93.383788631727469, 44.867643876130892 ], [ -93.383792429276795, 44.867643863369011 ], [ -93.383792411330973, 44.867641162788708 ], [ -93.383796208880113, 44.867641150026706 ], [ -93.383796047366317, 44.867616844803962 ], [ -93.383792249818782, 44.867616857565956 ], [ -93.383792231872988, 44.867614156985653 ], [ -93.383788434325609, 44.867614169747519 ], [ -93.383788416380014, 44.867611469167215 ], [ -93.38378461883282, 44.867611481928954 ], [ -93.3837845111603, 44.867595278447034 ], [ -93.383780713614158, 44.867595291208644 ], [ -93.383780695668932, 44.86759259062832 ], [ -93.383776898122974, 44.867592603389809 ], [ -93.383776880177905, 44.86758990280947 ], [ -93.383750297357381, 44.867589992136274 ], [ -93.383750279413576, 44.867587291555942 ], [ -93.383742684322328, 44.867587317076755 ], [ -93.383742666378879, 44.867584616496409 ], [ -93.383716083560685, 44.867584705815247 ], [ -93.383716065618472, 44.867582005234894 ], [ -93.383704672982589, 44.867582043512513 ], [ -93.38370465504093, 44.867579342932132 ], [ -93.383700857495811, 44.867579355691092 ], [ -93.383700839554322, 44.867576655110732 ], [ -93.383697042009373, 44.867576667869557 ], [ -93.383697006126752, 44.867571266708843 ], [ -93.383693208582159, 44.867571279467533 ], [ -93.383693065053208, 44.867549674824573 ], [ -93.383689267510036, 44.867549687583143 ], [ -93.383689249569102, 44.867546987002761 ], [ -93.383693047112089, 44.867546974244206 ], [ -93.38369299328879, 44.867538872503083 ], [ -93.383696790831266, 44.8675388597444 ], [ -93.383696701124904, 44.867525356842492 ], [ -93.383700498666471, 44.867525344083695 ], [ -93.383700086014002, 44.867463230734558 ], [ -93.383703883551476, 44.867463217975654 ], [ -93.383703363247278, 44.867384901143197 ], [ -93.383695768182605, 44.867384926660783 ], [ -93.383695750241472, 44.867382226080331 ], [ -93.383691952709313, 44.867382238838942 ], [ -93.383691934768365, 44.867379538258497 ], [ -93.38365016191635, 44.86737967859483 ], [ -93.383650323367419, 44.867403983818988 ], [ -93.383646525833811, 44.867403996576094 ], [ -93.383646687283488, 44.867428301800153 ], [ -93.383650484818702, 44.86742828904304 ], [ -93.383650502757746, 44.867430989623479 ], [ -93.383646705222361, 44.867431002380599 ], [ -93.383646866672265, 44.867455307604558 ], [ -93.383650664209256, 44.867455294847424 ], [ -93.383650700087387, 44.867460696008301 ], [ -93.383646902550041, 44.867460708765421 ], [ -93.383647064000201, 44.867485013989238 ], [ -93.383650861539152, 44.867485001232097 ], [ -93.383650951234657, 44.867498504134161 ], [ -93.383647153694824, 44.86749851689131 ], [ -93.383647315145296, 44.867522822114978 ], [ -93.383651112686721, 44.867522809357816 ], [ -93.38365113062585, 44.867525509938218 ], [ -93.383647333084255, 44.867525522695374 ], [ -93.383647351023214, 44.867528223275777 ], [ -93.38364355348142, 44.867528236032811 ], [ -93.383643571420208, 44.867530936613207 ], [ -93.383639773878244, 44.867530949370114 ], [ -93.383639935325803, 44.867555254593668 ], [ -93.383643732869359, 44.867555241836747 ], [ -93.383643768746964, 44.86756064299751 ], [ -93.383639971203053, 44.867560655754424 ], [ -93.383640042957609, 44.867571458075965 ], [ -93.383636245412973, 44.867571470832765 ], [ -93.383636317166861, 44.86758227315427 ], [ -93.383632519621514, 44.867582285910949 ], [ -93.383632591374734, 44.867593088232439 ], [ -93.383628793828677, 44.867593100989005 ], [ -93.383628811766812, 44.867595801569379 ], [ -93.383625014220584, 44.867595814325803 ], [ -93.383625229476237, 44.867628221290182 ], [ -93.383621431927864, 44.867628234046506 ], [ -93.383621449865672, 44.86763093462686 ], [ -93.383617652317113, 44.867630947383049 ], [ -93.383617813755933, 44.86765525260622 ], [ -93.383648194157033, 44.867655150553077 ], [ -93.383648212096105, 44.867657851133409 ], [ -93.383652009646411, 44.867657838376196 ], [ -93.383652027585669, 44.867660538956521 ], [ -93.383663420237099, 44.867660500684124 ], [ -93.383663438176882, 44.867663201264456 ], [ -93.383674830828838, 44.867663162990901 ], [ -93.383674848769161, 44.867665863571233 ], [ -93.383678646319979, 44.867665850813118 ], [ -93.383678664260486, 44.86766855139345 ], [ -93.383682461811489, 44.867668538635222 ], [ -93.383682569455658, 44.86768474211712 ], [ -93.383686367007712, 44.867684729358757 ], [ -93.38368643877125, 44.867695531679992 ], [ -93.383690236324014, 44.867695518921494 ], [ -93.38369025426509, 44.867698219501811 ], [ -93.383728229794357, 44.867698091909901 ] ] ] } },
{ "type": "Feature", "properties": { }, "geometry": { "type": "Polygon", "coordinates": [ [ [ -93.389745168039823, 44.866791906242341 ], [ -93.389745149816207, 44.866789205663522 ], [ -93.389748947306671, 44.86678919270377 ], [ -93.389748929082884, 44.86678649212498 ], [ -93.389760321553709, 44.866786453244963 ], [ -93.389760212207847, 44.866770249772109 ], [ -93.38976400969706, 44.866770236811867 ], [ -93.389763736330124, 44.866729728129577 ], [ -93.389759938843582, 44.866729741089806 ], [ -93.389759920619326, 44.866727040510987 ], [ -93.389756123132955, 44.866727053471088 ], [ -93.389756086684784, 44.86672165231343 ], [ -93.389752289198768, 44.866721665273388 ], [ -93.389752216303179, 44.866710862958051 ], [ -93.389699051508643, 44.866711044384374 ], [ -93.389699106172884, 44.866719146120936 ], [ -93.38969530868701, 44.866719159079018 ], [ -93.389695326908239, 44.866721859657879 ], [ -93.38969152942218, 44.866721872615834 ], [ -93.389691547643253, 44.866724573194688 ], [ -93.389672560212048, 44.866724637982578 ], [ -93.389672578432226, 44.866727338561432 ], [ -93.389668780945797, 44.866727351518627 ], [ -93.389668799165804, 44.866730052097481 ], [ -93.389653609219351, 44.866730103925015 ], [ -93.389653846070388, 44.866765211450151 ], [ -93.389657643559303, 44.866765198493439 ], [ -93.389657661778827, 44.866767899072272 ], [ -93.389661459267913, 44.866767886115433 ], [ -93.389661477487607, 44.86677058669428 ], [ -93.389665274976863, 44.866770573737313 ], [ -93.389665293196742, 44.866773274316159 ], [ -93.389669090686183, 44.866773261359064 ], [ -93.389669108906233, 44.866775961937904 ], [ -93.389672906395859, 44.866775948980681 ], [ -93.389672942836313, 44.866781350138339 ], [ -93.38967674032628, 44.866781337180996 ], [ -93.389676776767104, 44.866786738338661 ], [ -93.389680574257426, 44.866786725381189 ], [ -93.389680610698619, 44.866792126538833 ], [ -93.389745168039823, 44.866791906242341 ] ] ] } },
{ "type": "Feature", "properties": { }, "geometry": { "type": "Polygon", "coordinates": [ [ [ -93.383289466110739, 44.866819156420988 ], [ -93.38328928689306, 44.86679215061244 ], [ -93.383255109451056, 44.866792265312561 ], [ -93.383255091530899, 44.866789564731683 ], [ -93.383251294037507, 44.866789577475508 ], [ -93.383251276117534, 44.866786876894636 ], [ -93.383247478624313, 44.866786889638327 ], [ -93.383247371105583, 44.866770686153046 ], [ -93.383251168597724, 44.866770673409356 ], [ -93.383251150677765, 44.866767972828463 ], [ -93.383254948169736, 44.866767960084651 ], [ -93.383254930249606, 44.866765259503779 ], [ -93.383270120216764, 44.866765208527262 ], [ -93.38327013813759, 44.866767909108134 ], [ -93.38327393562956, 44.86676789636369 ], [ -93.383273953550585, 44.866770596944562 ], [ -93.383277751042712, 44.86677058419999 ], [ -93.383277768963907, 44.866773284780869 ], [ -93.383285363948531, 44.866773259291342 ], [ -93.383285381870095, 44.866775959872214 ], [ -93.383292976855046, 44.866775934382183 ], [ -93.383292994776966, 44.86677863496304 ], [ -93.383296792269633, 44.866778622217829 ], [ -93.383296810191723, 44.866781322798701 ], [ -93.383304405177384, 44.866781297307888 ], [ -93.383304423099844, 44.866783997888753 ], [ -93.383308220592838, 44.866783985143172 ], [ -93.383308238515482, 44.86678668572403 ], [ -93.383342415953976, 44.866786571008035 ], [ -93.383342398029725, 44.866783870427177 ], [ -93.383346195522705, 44.866783857680332 ], [ -93.383346177598298, 44.866781157099481 ], [ -93.383349975091093, 44.866781144352501 ], [ -93.383349957166516, 44.866778443771643 ], [ -93.383406919555483, 44.86677825255186 ], [ -93.383406901628234, 44.866775551971024 ], [ -93.383425889090205, 44.866775488224782 ], [ -93.383425727737119, 44.866751182997298 ], [ -93.383414335264732, 44.866751221245394 ], [ -93.383414317337156, 44.866748520664558 ], [ -93.383406722355915, 44.86674854616264 ], [ -93.383406704428694, 44.866745845581811 ], [ -93.383402906938244, 44.866745858330653 ], [ -93.383402889011194, 44.866743157749809 ], [ -93.383399091520928, 44.86674317049853 ], [ -93.38339901981351, 44.866732368175128 ], [ -93.383364842407317, 44.866732482907963 ], [ -93.383364824482072, 44.866729782327077 ], [ -93.383357229503233, 44.866729807821891 ], [ -93.383357211578343, 44.866727107241019 ], [ -93.3833534140891, 44.866727119988219 ], [ -93.383353396164395, 44.866724419407362 ], [ -93.383330611229965, 44.866724495887929 ], [ -93.383330593306326, 44.866721795307051 ], [ -93.383319200839608, 44.866721833545633 ], [ -93.383319182916495, 44.866719132964747 ], [ -93.383311587939033, 44.866719158456497 ], [ -93.383311570016275, 44.866716457875604 ], [ -93.383307772527729, 44.866716470621284 ], [ -93.383307754605156, 44.866713770040406 ], [ -93.383292564651597, 44.866713821021875 ], [ -93.383292546729734, 44.866711120440975 ], [ -93.383235584406222, 44.866711311603517 ], [ -93.383235602325414, 44.866714012184424 ], [ -93.383231804836981, 44.866714024927589 ], [ -93.383231822756002, 44.866716725508496 ], [ -93.383216632801535, 44.866716776479883 ], [ -93.383216811984781, 44.866743782289014 ], [ -93.383224406965567, 44.866743756803558 ], [ -93.383224424884261, 44.866746457384458 ], [ -93.383228222374825, 44.866746444641542 ], [ -93.383228240293704, 44.866749145222435 ], [ -93.383235835275187, 44.866749119736227 ], [ -93.383235853194421, 44.866751820317113 ], [ -93.38323965068534, 44.866751807573806 ], [ -93.383239668604745, 44.866754508154699 ], [ -93.383243466095834, 44.866754495411264 ], [ -93.383243484015424, 44.866757195992172 ], [ -93.383239686524149, 44.866757208735599 ], [ -93.383239704443582, 44.866759909316492 ], [ -93.383235906952123, 44.866759922059799 ], [ -93.383235924871371, 44.866762622640692 ], [ -93.383205544938264, 44.866762724582607 ], [ -93.383205724116607, 44.866789730391552 ], [ -93.383209521610041, 44.86678971764924 ], [ -93.383209539528053, 44.866792418230133 ], [ -93.383239919476765, 44.866792316287103 ], [ -93.383239937396212, 44.866795016867982 ], [ -93.383243734889973, 44.86679500412454 ], [ -93.383243752809605, 44.866797704705398 ], [ -93.383247550303523, 44.866797691961828 ], [ -93.383247693662071, 44.866819296608767 ], [ -93.383289466110739, 44.866819156420988 ] ] ] } },
{ "type": "Feature", "properties": { }, "geometry": { "type": "Polygon", "coordinates": [ [ [ -93.389683478933222, 44.866654384059515 ], [ -93.389683351388783, 44.866635480007261 ], [ -93.389687148869157, 44.866635467049598 ], [ -93.389687130648355, 44.866632766470687 ], [ -93.389690928128559, 44.866632753512903 ], [ -93.389690909907586, 44.866630052934006 ], [ -93.389694707387605, 44.866630039976101 ], [ -93.389694488733966, 44.866597633029222 ], [ -93.38968689377819, 44.866597658944897 ], [ -93.38968687555743, 44.866594958365987 ], [ -93.389675483124279, 44.866594997238529 ], [ -93.38967546490403, 44.866592296659618 ], [ -93.389671667426498, 44.866592309616884 ], [ -93.389671649206448, 44.866589609037959 ], [ -93.389667851729072, 44.866589621995104 ], [ -93.389667833509193, 44.866586921416165 ], [ -93.389664036032002, 44.866586934373174 ], [ -93.389663963153268, 44.86657613205746 ], [ -93.389656368200292, 44.866576157971089 ], [ -93.389656349980967, 44.86657345739215 ], [ -93.389652552504657, 44.866573470348776 ], [ -93.389652534285503, 44.866570769769829 ], [ -93.389648736809363, 44.866570782726335 ], [ -93.389648591057735, 44.866549178094772 ], [ -93.389606818835631, 44.866549320607817 ], [ -93.389607001005672, 44.866576326397379 ], [ -93.389610798482195, 44.866576313442273 ], [ -93.389610816699388, 44.866579014021234 ], [ -93.389614614176097, 44.866579001065979 ], [ -93.389614723480378, 44.866595204539649 ], [ -93.389618520958152, 44.866595191584274 ], [ -93.389618557393291, 44.866600592742152 ], [ -93.389626152349507, 44.866600566831025 ], [ -93.389626170567439, 44.866603267409964 ], [ -93.389629968045725, 44.866603254454205 ], [ -93.389629986263841, 44.86660595503313 ], [ -93.389633783742298, 44.86660594207725 ], [ -93.389633874833763, 44.866619444971882 ], [ -93.389637672313114, 44.866619432015867 ], [ -93.389637745187045, 44.866630234331538 ], [ -93.389641542667107, 44.866630221375395 ], [ -93.389641579104435, 44.866635622533217 ], [ -93.389645376584852, 44.866635609576953 ], [ -93.389645431241405, 44.866643711313671 ], [ -93.389649228722348, 44.866643698357272 ], [ -93.389649301598496, 44.86665450067288 ], [ -93.389683478933222, 44.866654384059515 ] ] ] } },
{ "type": "Feature", "properties": { }, "geometry": { "type": "Polygon", "coordinates": [ [ [ -93.383110571819529, 44.866757641937127 ], [ -93.383110392685879, 44.866730636127727 ], [ -93.383106595196296, 44.866730648866728 ], [ -93.383106541456783, 44.866722547123878 ], [ -93.383110338945841, 44.866722534384884 ], [ -93.383110303119139, 44.86671713322297 ], [ -93.383114100607827, 44.866717120483862 ], [ -93.38311408269432, 44.866714419902905 ], [ -93.383117880182823, 44.86671440716367 ], [ -93.383117718959696, 44.866690101935049 ], [ -93.383098731525109, 44.866690165629947 ], [ -93.383098713612327, 44.866687465048983 ], [ -93.383094916125572, 44.866687477787586 ], [ -93.383094898212974, 44.866684777206615 ], [ -93.383083505753248, 44.86668481542165 ], [ -93.383083487841176, 44.866682114840685 ], [ -93.383079690354776, 44.866682127578791 ], [ -93.383079672442904, 44.866679426997813 ], [ -93.38307587495666, 44.866679439735769 ], [ -93.383075803309865, 44.866668637411827 ], [ -93.383072005824332, 44.866668650149663 ], [ -93.383071898355269, 44.866652446663714 ], [ -93.383068100870801, 44.866652459401415 ], [ -93.383068065048164, 44.866647058239415 ], [ -93.383030090207001, 44.866647185609473 ], [ -93.383030108116543, 44.86664988619048 ], [ -93.383026310632246, 44.866649898926802 ], [ -93.383026292722874, 44.866647198345781 ], [ -93.383014900270467, 44.866647236553959 ], [ -93.383014882361636, 44.866644535972945 ], [ -93.383011084877666, 44.866644548708756 ], [ -93.383011066969019, 44.866641848127735 ], [ -93.383007269485233, 44.866641860863417 ], [ -93.383007251576743, 44.866639160282396 ], [ -93.382999656609528, 44.866639185753378 ], [ -93.382999638701406, 44.866636485172322 ], [ -93.382935081482586, 44.866636701655196 ], [ -93.382935063577492, 44.866634001074154 ], [ -93.382931266094175, 44.8666340138073 ], [ -93.382931248189266, 44.866631313226264 ], [ -93.382927450706134, 44.866631325959283 ], [ -93.382927432801395, 44.866628625378233 ], [ -93.382931230284356, 44.866628612645208 ], [ -93.382931212379447, 44.866625912064158 ], [ -93.382935009862209, 44.866625899331019 ], [ -93.382934830811465, 44.866598893520433 ], [ -93.382904450963423, 44.866598995381956 ], [ -93.382904433059778, 44.866596294800871 ], [ -93.382900635578935, 44.866596307533001 ], [ -93.382900617675489, 44.86659360695193 ], [ -93.382896820194816, 44.866593619683918 ], [ -93.38289664116212, 44.866566613873061 ], [ -93.382892843683237, 44.866566626604914 ], [ -93.382892789974008, 44.866558524861638 ], [ -93.38285861266867, 44.86655863944263 ], [ -93.382858863289528, 44.866596447578011 ], [ -93.382889243136404, 44.866596345728603 ], [ -93.382889261039338, 44.866599046309695 ], [ -93.382893058520352, 44.866599033577955 ], [ -93.382893076423471, 44.866601734159026 ], [ -93.38289687390467, 44.866601721427159 ], [ -93.38289689180796, 44.86660442200823 ], [ -93.382893094326576, 44.866604434740104 ], [ -93.382893291260999, 44.866634141131847 ], [ -93.382897088744315, 44.866634128399966 ], [ -93.382897106647633, 44.866636828981015 ], [ -93.382893309164132, 44.866636841712911 ], [ -93.382893327067265, 44.866639542293981 ], [ -93.382889529583593, 44.866639555025742 ], [ -93.382889547486556, 44.866642255606799 ], [ -93.382878155034945, 44.86664229380132 ], [ -93.382878172937396, 44.866644994382384 ], [ -93.382866780485216, 44.866645032575789 ], [ -93.382866798387127, 44.866647733156839 ], [ -93.382859203418647, 44.866647758618477 ], [ -93.382859221320203, 44.866650459199548 ], [ -93.382851626351354, 44.866650484660674 ], [ -93.382851644252568, 44.866653185241759 ], [ -93.382840251798754, 44.866653223432515 ], [ -93.382840269699429, 44.866655924013578 ], [ -93.382832674729841, 44.866655949473461 ], [ -93.38283269263016, 44.866658650054525 ], [ -93.382825097660216, 44.866658675513897 ], [ -93.382825115560195, 44.866661376094967 ], [ -93.382813723104718, 44.866661414283087 ], [ -93.382813741004156, 44.86666411486415 ], [ -93.382809943518822, 44.866664127593275 ], [ -93.38280996141809, 44.866666828174353 ], [ -93.382802366447038, 44.866666853632218 ], [ -93.38280238434595, 44.866669554213296 ], [ -93.382794789374543, 44.866669579670656 ], [ -93.3827948072731, 44.86667228025172 ], [ -93.382791009787226, 44.866672292980219 ], [ -93.382791027685613, 44.866674993561297 ], [ -93.382787230199554, 44.866675006289668 ], [ -93.382787248097756, 44.866677706870732 ], [ -93.382779653125269, 44.866677732327098 ], [ -93.38277967102313, 44.86668043290819 ], [ -93.382775873536701, 44.866680445636177 ], [ -93.382775891434378, 44.866683146217248 ], [ -93.382772093947764, 44.866683158945115 ], [ -93.38277211184527, 44.866685859526193 ], [ -93.382768314358486, 44.866685872253925 ], [ -93.382768332255807, 44.866688572835002 ], [ -93.382764534768853, 44.866688585562613 ], [ -93.382764552666018, 44.866691286143698 ], [ -93.382753160204558, 44.866691324325785 ], [ -93.382753195997822, 44.866696725487948 ], [ -93.382749398510313, 44.866696738215062 ], [ -93.382749416406753, 44.866699438796132 ], [ -93.38274561891906, 44.866699451523125 ], [ -93.382745636815343, 44.866702152104196 ], [ -93.382741839327466, 44.866702164831068 ], [ -93.382741857223579, 44.866704865412139 ], [ -93.382734262247467, 44.866704890865485 ], [ -93.382734280143239, 44.866707591446584 ], [ -93.382730482654992, 44.866707604173072 ], [ -93.382730500550565, 44.866710304754143 ], [ -93.382726703062161, 44.866710317480511 ], [ -93.382726720957564, 44.866713018061581 ], [ -93.382722923468975, 44.866713030787821 ], [ -93.382722941364193, 44.866715731368885 ], [ -93.38271914387542, 44.866715744095004 ], [ -93.382719161770467, 44.866718444676074 ], [ -93.382715364281509, 44.866718457402065 ], [ -93.3827153821764, 44.866721157983157 ], [ -93.382711584687257, 44.866721170709013 ], [ -93.382711602581963, 44.866723871290084 ], [ -93.38270780509265, 44.866723884015833 ], [ -93.382707984038021, 44.866750889826541 ], [ -93.38271937651129, 44.866750851648902 ], [ -93.382719394406365, 44.866753552229959 ], [ -93.382723191897625, 44.866753539503833 ], [ -93.3827232097929, 44.866756240084882 ], [ -93.382757387215705, 44.866756125544015 ], [ -93.382757351421986, 44.86675072438193 ], [ -93.382761148913048, 44.866750711654539 ], [ -93.382761059427892, 44.866737208749285 ], [ -93.382764856918044, 44.866737196021774 ], [ -93.382764839020851, 44.866734495440731 ], [ -93.382768636510846, 44.866734482713092 ], [ -93.382768618613468, 44.866731782132028 ], [ -93.382772416103279, 44.866731769404254 ], [ -93.382772398205731, 44.866729068823211 ], [ -93.382776195695342, 44.86672905609533 ], [ -93.382776177797624, 44.866726355514274 ], [ -93.382779975287065, 44.866726342786265 ], [ -93.382779939491272, 44.866720941624152 ], [ -93.382783736980358, 44.866720928896022 ], [ -93.382783719082283, 44.866718228314951 ], [ -93.382787516571199, 44.866718215586687 ], [ -93.382787498672954, 44.866715515005637 ], [ -93.382848258492288, 44.866715311336307 ], [ -93.382848240591215, 44.866712610755279 ], [ -93.382863430545228, 44.866712559832884 ], [ -93.382863412643431, 44.866709859251877 ], [ -93.382886197573328, 44.866709782864518 ], [ -93.382886179670479, 44.86670708228349 ], [ -93.382889977158598, 44.866707069551822 ], [ -93.382889959255579, 44.86670436897078 ], [ -93.382893756743528, 44.866704356238991 ], [ -93.382893738840309, 44.866701655657963 ], [ -93.382897536328088, 44.866701642926053 ], [ -93.382897518424713, 44.866698942345032 ], [ -93.382901315912292, 44.86669892961298 ], [ -93.382901298008733, 44.866696229031959 ], [ -93.382905095496142, 44.866696216299793 ], [ -93.382905077592426, 44.866693515718772 ], [ -93.38290887507965, 44.866693502986486 ], [ -93.382908857175735, 44.866690802405451 ], [ -93.382924047123922, 44.866690751475019 ], [ -93.382924029219311, 44.866688050893991 ], [ -93.382935421679875, 44.866688012694858 ], [ -93.382935439585026, 44.866690713275872 ], [ -93.382939237072065, 44.86669070054257 ], [ -93.382939254977401, 44.866693401123605 ], [ -93.382943052464597, 44.866693388390182 ], [ -93.382943106181131, 44.86670149013321 ], [ -93.382954498644324, 44.866701451932158 ], [ -93.38295451655037, 44.866704152513158 ], [ -93.382958314038291, 44.86670413977923 ], [ -93.382958331944508, 44.866706840360251 ], [ -93.383000104313254, 44.866706700278591 ], [ -93.383000122221446, 44.866709400859591 ], [ -93.383007717197913, 44.866709375388552 ], [ -93.383007735106446, 44.866712075969524 ], [ -93.383026722548436, 44.866712012289724 ], [ -93.383026740457879, 44.86671471287071 ], [ -93.383030537946439, 44.866714700134359 ], [ -93.383030555856053, 44.866717400715331 ], [ -93.383034353344797, 44.866717387978859 ], [ -93.383034389164379, 44.86672278914083 ], [ -93.383045781631665, 44.866722750930656 ], [ -93.383045799541989, 44.86672545151162 ], [ -93.38304959703126, 44.866725438774637 ], [ -93.383049614941768, 44.866728139355615 ], [ -93.383053412431209, 44.866728126618504 ], [ -93.383053466163275, 44.866736228361397 ], [ -93.383057263653242, 44.866736215624165 ], [ -93.38305728156412, 44.866738916205122 ], [ -93.383061079054272, 44.866738903467763 ], [ -93.383061096965321, 44.866741604048727 ], [ -93.383064894455643, 44.866741591311239 ], [ -93.383064912366876, 44.866744291892196 ], [ -93.383068709857369, 44.866744279154574 ], [ -93.383068781503042, 44.866755081478367 ], [ -93.383076376485462, 44.866755056002752 ], [ -93.383076394397236, 44.866757756583695 ], [ -93.383110571819529, 44.866757641937127 ] ] ] } },
{ "type": "Feature", "properties": { }, "geometry": { "type": "Polygon", "coordinates": [ [ [ -93.387852512172344, 44.866574196415662 ], [ -93.387852494037347, 44.866571495836148 ], [ -93.387856291514353, 44.866571482939378 ], [ -93.387856273379199, 44.866568782359849 ], [ -93.387860070856021, 44.866568769462958 ], [ -93.387860052720683, 44.866566068883444 ], [ -93.38786385019732, 44.866566055986411 ], [ -93.387863777655312, 44.866555253668352 ], [ -93.387867575131253, 44.866555240771206 ], [ -93.387867556995573, 44.866552540191684 ], [ -93.387871354471315, 44.866552527294424 ], [ -93.387871336335465, 44.866549826714902 ], [ -93.387878931286593, 44.866549800919991 ], [ -93.387878913150388, 44.866547100340476 ], [ -93.387882710625775, 44.866547087442825 ], [ -93.387882674353023, 44.866541686283796 ], [ -93.387886471828054, 44.866541673386017 ], [ -93.387886453691493, 44.866538972806509 ], [ -93.387890251166354, 44.866538959908603 ], [ -93.387890233029637, 44.866536259329088 ], [ -93.387894030504285, 44.866536246431075 ], [ -93.387893939819833, 44.866522743533451 ], [ -93.387897737293599, 44.866522730635324 ], [ -93.387897719156541, 44.866520030055796 ], [ -93.387901516630137, 44.866520017157541 ], [ -93.387901498492894, 44.866517316578005 ], [ -93.387924283333334, 44.866517239185782 ], [ -93.38792408381218, 44.866487532811 ], [ -93.387905096454915, 44.866487597304776 ], [ -93.38790507831753, 44.866484896725225 ], [ -93.387901280846251, 44.866484909623601 ], [ -93.38790126270905, 44.866482209044065 ], [ -93.387859490526722, 44.866482350917821 ], [ -93.387859508661975, 44.866485051497385 ], [ -93.387848116248037, 44.866485090187574 ], [ -93.38784813438275, 44.866487790767145 ], [ -93.387844336911257, 44.866487803663631 ], [ -93.387844445718557, 44.866504007140954 ], [ -93.387840648245998, 44.866504020037311 ], [ -93.387840666380384, 44.866506720616862 ], [ -93.387836868907641, 44.866506733513091 ], [ -93.387836887041843, 44.866509434092642 ], [ -93.387829292095986, 44.866509459884746 ], [ -93.387829310229847, 44.866512160464289 ], [ -93.387821715283621, 44.866512186255889 ], [ -93.387821733417127, 44.866514886835446 ], [ -93.387814138470532, 44.866514912626542 ], [ -93.387814156603696, 44.866517613206092 ], [ -93.387810359130214, 44.866517626101448 ], [ -93.387810377263193, 44.866520326681005 ], [ -93.38780657978954, 44.86652033957624 ], [ -93.387806597922335, 44.866523040155791 ], [ -93.387795205500836, 44.866523078840743 ], [ -93.387795223633091, 44.866525779420293 ], [ -93.387791426159069, 44.866525792315016 ], [ -93.387791444291167, 44.866528492894581 ], [ -93.387776254394353, 44.866528544472239 ], [ -93.387776272525741, 44.866531245051803 ], [ -93.387772475051364, 44.866531257945901 ], [ -93.387772493182567, 44.866533958525466 ], [ -93.387768695708004, 44.866533971419436 ], [ -93.387768713839051, 44.866536671999 ], [ -93.38776491636429, 44.86653668489285 ], [ -93.387764952626029, 44.866542086051972 ], [ -93.387761155150912, 44.8665420989457 ], [ -93.387761173281618, 44.866544799525258 ], [ -93.387757375806316, 44.866544812418859 ], [ -93.387757393936838, 44.866547512998416 ], [ -93.387727014133034, 44.866547616142704 ], [ -93.387727177295005, 44.866571921358762 ], [ -93.387765152065711, 44.866571792427024 ], [ -93.38776513393482, 44.866569091847481 ], [ -93.387772728888578, 44.866569066059625 ], [ -93.387772747019824, 44.866571766639169 ], [ -93.387806924313196, 44.866571650587545 ], [ -93.387806906180344, 44.866568950008016 ], [ -93.387814501134031, 44.866568924217376 ], [ -93.387814519267238, 44.866571624796912 ], [ -93.387818316744273, 44.866571611901392 ], [ -93.387818334877636, 44.866574312480942 ], [ -93.387852512172344, 44.866574196415662 ] ] ] } },
{ "type": "Feature", "properties": { }, "geometry": { "type": "Polygon", "coordinates": [ [ [ -93.38537226800949, 44.865939840083918 ], [ -93.385372105842066, 44.865915534858402 ], [ -93.385368308407081, 44.865915547672437 ], [ -93.385368290388655, 44.865912847091813 ], [ -93.385364492953855, 44.865912859905698 ], [ -93.385364420880933, 44.86590205758322 ], [ -93.385360623446843, 44.865902070396992 ], [ -93.385360605428787, 44.865899369816347 ], [ -93.385322631089423, 44.865899497947041 ], [ -93.385322703154515, 44.86591030026959 ], [ -93.385318905719856, 44.865910313081962 ], [ -93.38531906786487, 44.865934618307641 ], [ -93.385326662737384, 44.865934592682741 ], [ -93.385326680753863, 44.865937293263379 ], [ -93.385330478190284, 44.86593728045073 ], [ -93.385330496206961, 44.865939981031353 ], [ -93.38537226800949, 44.865939840083918 ] ] ] } },
{ "type": "Feature", "properties": { }, "geometry": { "type": "Polygon", "coordinates": [ [ [ -93.383749811393614, 44.865802169391564 ], [ -93.383749667852328, 44.865780564742039 ], [ -93.383753465279156, 44.865780551981871 ], [ -93.383753447336332, 44.865777851400679 ], [ -93.38375724476299, 44.865777838640376 ], [ -93.383757226819981, 44.865775138059192 ], [ -93.383795201084581, 44.865775010449283 ], [ -93.383795039581713, 44.865750705218566 ], [ -93.38379124215686, 44.86575071798012 ], [ -93.383791224212288, 44.865748017398914 ], [ -93.383787426787606, 44.86574803016034 ], [ -93.383787408843205, 44.865745329579141 ], [ -93.383783611418721, 44.865745342340432 ], [ -93.38378359347449, 44.865742641759219 ], [ -93.383779796050177, 44.865742654520389 ], [ -93.383779760162113, 44.865737253357977 ], [ -93.383745583346283, 44.865737368202772 ], [ -93.383745601288695, 44.865740068783992 ], [ -93.383741803864538, 44.86574008154389 ], [ -93.383741821806794, 44.865742782125103 ], [ -93.383738024382438, 44.865742794884881 ], [ -93.383738078208694, 44.865750896628541 ], [ -93.383734280783813, 44.865750909388183 ], [ -93.383734352551471, 44.865761711713041 ], [ -93.383730555125865, 44.865761724472577 ], [ -93.383730573067623, 44.865764425053783 ], [ -93.383726775641833, 44.865764437813183 ], [ -93.383726793583406, 44.865767138394389 ], [ -93.383715401305523, 44.865767176671859 ], [ -93.383715634539229, 44.865802284227527 ], [ -93.383749811393614, 44.865802169391564 ] ] ] } },
{ "type": "Feature", "properties": { }, "geometry": { "type": "Polygon", "coordinates": [ [ [ -93.388842960352548, 44.865903770042962 ], [ -93.388842942171692, 44.86590106946344 ], [ -93.388846739604162, 44.865901056533893 ], [ -93.388846721423121, 44.865898355954378 ], [ -93.388861911152276, 44.865898304234904 ], [ -93.388861892970525, 44.865895603655382 ], [ -93.38888088013104, 44.865895539003219 ], [ -93.388880861948394, 44.865892838423711 ], [ -93.388896051676042, 44.865892786699696 ], [ -93.388896033492713, 44.865890086120196 ], [ -93.388903628356147, 44.865890060257428 ], [ -93.388903610172463, 44.86588735967792 ], [ -93.388911205035555, 44.865887333814655 ], [ -93.388911186851502, 44.865884633235154 ], [ -93.388922579145571, 44.865884594439315 ], [ -93.388922560960992, 44.865881893859815 ], [ -93.388937750685699, 44.865881842130271 ], [ -93.388937568832986, 44.865854836335252 ], [ -93.388933771403586, 44.865854849267805 ], [ -93.388933753218495, 44.865852148688312 ], [ -93.388937550647711, 44.865852135755745 ], [ -93.388937423350981, 44.865833231699128 ], [ -93.38894122077896, 44.865833218766454 ], [ -93.388941202593543, 44.865830518186939 ], [ -93.388945000021323, 44.865830505254138 ], [ -93.388944981835749, 44.865827804674616 ], [ -93.388948779263359, 44.865827791741687 ], [ -93.3889487610776, 44.865825091162172 ], [ -93.388952558505011, 44.865825078229122 ], [ -93.388952522133152, 44.865819677070064 ], [ -93.388956319560208, 44.865819664136886 ], [ -93.388956301374108, 44.865816963557371 ], [ -93.388960098800993, 44.865816950624058 ], [ -93.388960080614709, 44.865814250044544 ], [ -93.388963878041423, 44.86581423711111 ], [ -93.388963896227878, 44.865816937690632 ], [ -93.388967693654763, 44.865816924757077 ], [ -93.388967711841417, 44.865819625336584 ], [ -93.388971509268472, 44.865819612402902 ], [ -93.388971545642121, 44.865825013561938 ], [ -93.389005722488776, 44.865824897153075 ], [ -93.389005740677206, 44.865827597732576 ], [ -93.389009538104773, 44.865827584797628 ], [ -93.389009556293388, 44.865830285377115 ], [ -93.389013353721126, 44.865830272442039 ], [ -93.389013371909911, 44.865832973021533 ], [ -93.389009574481989, 44.865832985956622 ], [ -93.389009592670604, 44.865835686536116 ], [ -93.389005795242497, 44.86583569947107 ], [ -93.389005813430941, 44.865838400050556 ], [ -93.388986826289511, 44.865838464723453 ], [ -93.388987008165159, 44.865865470518393 ], [ -93.389024982465713, 44.865865341169346 ], [ -93.389024964276359, 44.865862640589867 ], [ -93.389047748855504, 44.865862562974399 ], [ -93.389047730665084, 44.865859862394913 ], [ -93.389059122954095, 44.865859823585474 ], [ -93.389059104763163, 44.865857123006009 ], [ -93.389078091910562, 44.86585705832109 ], [ -93.389078073718736, 44.865854357741625 ], [ -93.389093263435896, 44.865854305991419 ], [ -93.389093245243373, 44.865851605411962 ], [ -93.389097042672475, 44.865851592474087 ], [ -93.389097024479753, 44.865848891894636 ], [ -93.389153985913424, 44.865848697811515 ], [ -93.389153967718045, 44.865845997232078 ], [ -93.389172954861579, 44.865845932531393 ], [ -93.389172936665332, 44.865843231951942 ], [ -93.389176734093837, 44.865843219011438 ], [ -93.389176715897406, 44.865840518432009 ], [ -93.389199500467427, 44.865840440786279 ], [ -93.38919948226993, 44.865837740206835 ], [ -93.389222266838786, 44.865837662556579 ], [ -93.389222248640223, 44.865834961977157 ], [ -93.389226046068188, 44.865834949034998 ], [ -93.389226027869441, 44.865832248455575 ], [ -93.389229825297221, 44.865832235513288 ], [ -93.389229807098317, 44.865829534933873 ], [ -93.389233604525913, 44.865829521991465 ], [ -93.389233586326839, 44.865826821412043 ], [ -93.389241181181646, 44.865826795526871 ], [ -93.389241162982231, 44.865824094947449 ], [ -93.389244960409457, 44.865824082004664 ], [ -93.389244942209842, 44.865821381425235 ], [ -93.389260131918036, 44.865821329652874 ], [ -93.389260113717725, 44.865818629073438 ], [ -93.389267708571452, 44.865818603186497 ], [ -93.389267690370772, 44.865815902607082 ], [ -93.389282880077502, 44.86581585083168 ], [ -93.389282861876111, 44.865813150252272 ], [ -93.389301849008561, 44.865813085530206 ], [ -93.389301830806303, 44.865810384950798 ], [ -93.389320817937787, 44.86581032022557 ], [ -93.389320799734648, 44.865807619646162 ], [ -93.389332192012986, 44.865807580809523 ], [ -93.389332173809294, 44.865804880230108 ], [ -93.389335971235226, 44.865804867284304 ], [ -93.389335770992972, 44.865775160910772 ], [ -93.389331973569, 44.865775173856562 ], [ -93.38933195536535, 44.865772473277147 ], [ -93.389301575974883, 44.865772576838879 ], [ -93.389301557772654, 44.865769876259456 ], [ -93.38929776034901, 44.865769889204095 ], [ -93.389297742146965, 44.865767188624666 ], [ -93.389293944723505, 44.865767201569184 ], [ -93.389293871916067, 44.865756399251438 ], [ -93.389274884802234, 44.865756463972126 ], [ -93.389274866601255, 44.865753763392668 ], [ -93.389271069178662, 44.865753776336426 ], [ -93.389271050977882, 44.865751075756968 ], [ -93.38926725355546, 44.865751088700591 ], [ -93.389267235354851, 44.865748388121133 ], [ -93.389263437932598, 44.865748401064636 ], [ -93.389263419732174, 44.865745700485185 ], [ -93.389259622310107, 44.865745713428559 ], [ -93.389259604109867, 44.865743012849109 ], [ -93.389255806687956, 44.865743025792355 ], [ -93.389255788487901, 44.865740325212897 ], [ -93.389251991066175, 44.865740338156016 ], [ -93.389251936466522, 44.865732236417621 ], [ -93.389244341624135, 44.865732262303467 ], [ -93.38924432342462, 44.865729561724002 ], [ -93.38924052600359, 44.865729574666737 ], [ -93.389240507804246, 44.865726874087265 ], [ -93.389236710383415, 44.865726887029872 ], [ -93.389236692184241, 44.865724186450393 ], [ -93.389229097342906, 44.86572421233523 ], [ -93.389229079144101, 44.865721511755751 ], [ -93.389225281723611, 44.865721524697982 ], [ -93.389225263524978, 44.86571882411851 ], [ -93.389221466104658, 44.865718837060605 ], [ -93.389221447906209, 44.865716136481119 ], [ -93.38921765048606, 44.865716149423086 ], [ -93.389217632287796, 44.865713448843607 ], [ -93.389213834867832, 44.865713461785447 ], [ -93.389213816669738, 44.86571076120596 ], [ -93.389179639891481, 44.865710877676861 ], [ -93.389179730873934, 44.865724380574349 ], [ -93.389175933453231, 44.865724393514931 ], [ -93.389175951649548, 44.865727094094424 ], [ -93.389172154228675, 44.865727107034886 ], [ -93.389172172424821, 44.865729807614386 ], [ -93.389156982740531, 44.86572985937498 ], [ -93.389156964545094, 44.865727158795472 ], [ -93.389153167124192, 44.865727171735301 ], [ -93.389153148928941, 44.865724471155801 ], [ -93.389149351508209, 44.865724484095509 ], [ -93.389149315118061, 44.865719082936494 ], [ -93.389141720277308, 44.865719108815512 ], [ -93.389141702082597, 44.865716408236011 ], [ -93.389137904662391, 44.865716421175335 ], [ -93.38913788646785, 44.865713720595814 ], [ -93.389134089047829, 44.86571373353501 ], [ -93.389134034464774, 44.865705631796466 ], [ -93.38912643962577, 44.865705657674461 ], [ -93.389126421431769, 44.865702957094953 ], [ -93.389118826593133, 44.865702982972444 ], [ -93.389118808399502, 44.865700282392908 ], [ -93.389115010980348, 44.865700295331479 ], [ -93.389114992786887, 44.865697594751943 ], [ -93.389111195367917, 44.865697607690372 ], [ -93.389111177174627, 44.86569490711085 ], [ -93.389107379755842, 44.865694920049137 ], [ -93.389107343369659, 44.865689518890079 ], [ -93.389103545951201, 44.865689531828252 ], [ -93.389103527758294, 44.86568683124873 ], [ -93.389099730340007, 44.865686844186769 ], [ -93.389099675761827, 44.865678742448154 ], [ -93.389095878344079, 44.865678755386064 ], [ -93.389095860151528, 44.865676054806521 ], [ -93.389092062733965, 44.86567606774431 ], [ -93.389091989964498, 44.865665265426117 ], [ -93.389088192547646, 44.865665278363778 ], [ -93.389088174355464, 44.865662577784228 ], [ -93.389053997605203, 44.865662694217434 ], [ -93.38905408855814, 44.865676197115235 ], [ -93.389050291140549, 44.865676210051625 ], [ -93.389050309330969, 44.865678910631196 ], [ -93.389046511913193, 44.865678923567465 ], [ -93.389046530103428, 44.865681624147015 ], [ -93.389031340431586, 44.865681675890848 ], [ -93.389031449568833, 44.865697879368192 ], [ -93.389027652149792, 44.865697892303835 ], [ -93.389027670339175, 44.865700592883393 ], [ -93.389023872919964, 44.865700605818915 ], [ -93.389023891109161, 44.865703306398487 ], [ -93.389004904012168, 44.865703371074225 ], [ -93.389004922200499, 44.865706071653776 ], [ -93.389001124780904, 44.865706084588545 ], [ -93.389001142969036, 44.865708785168096 ], [ -93.388997345549271, 44.865708798102752 ], [ -93.388997363737232, 44.865711498682309 ], [ -93.388974579217546, 44.865711576287531 ], [ -93.388974597404442, 44.865714276867095 ], [ -93.388940420623129, 44.865714393266416 ], [ -93.388940438808433, 44.865717093846001 ], [ -93.388936641388099, 44.865717106778625 ], [ -93.388936659573233, 44.865719807358197 ], [ -93.388929064732196, 44.865719833223082 ], [ -93.388929082916974, 44.865722533802654 ], [ -93.388925285496271, 44.865722546734908 ], [ -93.388925303680878, 44.865725247314472 ], [ -93.38892150625999, 44.865725260246606 ], [ -93.388921524444427, 44.865727960826192 ], [ -93.388913929602296, 44.865727986690061 ], [ -93.388913947786378, 44.86573068726964 ], [ -93.388910150365135, 44.865730700201389 ], [ -93.388910168549032, 44.865733400780968 ], [ -93.388906371127604, 44.865733413712583 ], [ -93.38890638931133, 44.865736114292162 ], [ -93.388902591889746, 44.86573612722367 ], [ -93.388902610073288, 44.865738827803234 ], [ -93.388898812651504, 44.865738840734615 ], [ -93.388898867201632, 44.865746942473329 ], [ -93.388895069779323, 44.865746955404589 ], [ -93.388895106145739, 44.865752356563732 ], [ -93.388891308723061, 44.865752369494857 ], [ -93.388891326906077, 44.865755070074449 ], [ -93.388887529483227, 44.865755083005453 ], [ -93.388887547666087, 44.865757783585018 ], [ -93.388883750243053, 44.865757796515886 ], [ -93.388883786608432, 44.86576319767503 ], [ -93.388879989185028, 44.865763210605785 ], [ -93.38888015282771, 44.865787515821864 ], [ -93.388883950252691, 44.865787502891102 ], [ -93.388883968435408, 44.865790203470667 ], [ -93.388880171010243, 44.865790216401436 ], [ -93.388880189192776, 44.865792916980993 ], [ -93.388876391767425, 44.865792929911628 ], [ -93.388876409949802, 44.865795630491192 ], [ -93.388861220247662, 44.8657956822125 ], [ -93.388861238429314, 44.865798382792057 ], [ -93.388857441003609, 44.865798395722081 ], [ -93.388857459185076, 44.865801096301631 ], [ -93.388853661759185, 44.865801109231519 ], [ -93.388853734484414, 44.865811911549763 ], [ -93.388849937057799, 44.86581192447953 ], [ -93.388849991601205, 44.865820026218181 ], [ -93.388846194174064, 44.865820039147827 ], [ -93.388846230536004, 44.865825440306942 ], [ -93.388842433108508, 44.865825453236461 ], [ -93.388842451289293, 44.865828153816011 ], [ -93.388838653861612, 44.865828166745416 ], [ -93.388838708403469, 44.86583626848406 ], [ -93.388834910975262, 44.86583628141333 ], [ -93.388834983697066, 44.865847083731509 ], [ -93.388831186268149, 44.865847096660673 ], [ -93.388831204448422, 44.86584979724023 ], [ -93.388827407019306, 44.865849810169252 ], [ -93.388827443379526, 44.865855211328338 ], [ -93.388823645950055, 44.865855224257231 ], [ -93.38882370048988, 44.865863325995875 ], [ -93.388819903059868, 44.865863338924648 ], [ -93.38881992123963, 44.865866039504191 ], [ -93.388816123809448, 44.865866052432857 ], [ -93.388816141989039, 44.865868753012379 ], [ -93.388812344558673, 44.865868765940917 ], [ -93.388812399096921, 44.865876867679546 ], [ -93.388808601666028, 44.865876880607956 ], [ -93.388808619845278, 44.865879581187492 ], [ -93.388804822414187, 44.865879594115768 ], [ -93.388804986025903, 44.865903899331578 ], [ -93.388842960352548, 44.865903770042962 ] ], [ [ -93.388959862379465, 44.865781843090204 ], [ -93.388948470105703, 44.865781881889696 ], [ -93.388948451919987, 44.865779181310138 ], [ -93.38894465449556, 44.865779194243061 ], [ -93.388944636310029, 44.865776493663517 ], [ -93.388940838885787, 44.865776506596291 ], [ -93.388940802515066, 44.865771105437204 ], [ -93.388944599938952, 44.865771092504417 ], [ -93.388944581753421, 44.865768391924888 ], [ -93.388948379177123, 44.86576837899198 ], [ -93.388948360991407, 44.865765678412423 ], [ -93.388963550685503, 44.865765626679554 ], [ -93.388963568871915, 44.865768327259097 ], [ -93.388967366295603, 44.865768314325564 ], [ -93.388967384482214, 44.865771014905093 ], [ -93.388971181906072, 44.865771001971439 ], [ -93.388971200092854, 44.865773702550975 ], [ -93.388967402668811, 44.865773715484657 ], [ -93.388967420855408, 44.865776416064179 ], [ -93.388963623431181, 44.865776428997705 ], [ -93.388963641617607, 44.865779129577248 ], [ -93.388959844193209, 44.865779142510668 ], [ -93.388959862379465, 44.865781843090204 ] ] ] } },
{ "type": "Feature", "properties": { }, "geometry": { "type": "Polygon", "coordinates": [ [ [ -93.384930253524402, 44.865714476882552 ], [ -93.384930109542026, 44.865692872235691 ], [ -93.384933906962573, 44.865692859436287 ], [ -93.384933888964596, 44.865690158855422 ], [ -93.384937686384959, 44.865690146055897 ], [ -93.38493752440182, 44.865665840828065 ], [ -93.38493372698305, 44.86566585362759 ], [ -93.384933708985116, 44.865663153046718 ], [ -93.38489193738053, 44.865663293833066 ], [ -93.38489197337249, 44.865668694994852 ], [ -93.38488817595352, 44.86566870779285 ], [ -93.384888193949337, 44.865671408373736 ], [ -93.384884396530182, 44.865671421171626 ], [ -93.384884414525828, 44.865674121752512 ], [ -93.384876819687165, 44.865674147347889 ], [ -93.384876981644823, 44.865698452575835 ], [ -93.384880779065753, 44.865698439778193 ], [ -93.384880797061228, 44.865701140359079 ], [ -93.384884594482344, 44.865701127561309 ], [ -93.38488461247799, 44.86570382814218 ], [ -93.38488840989929, 44.86570381534429 ], [ -93.384888445890979, 44.865709216506033 ], [ -93.384892243312606, 44.865709203708015 ], [ -93.384892261308636, 44.865711904288879 ], [ -93.384896058730448, 44.865711891490719 ], [ -93.384896076726648, 44.865714592071598 ], [ -93.384930253524402, 44.865714476882552 ] ] ] } },
{ "type": "Feature", "properties": { }, "geometry": { "type": "Polygon", "coordinates": [ [ [ -93.383774904055286, 44.865577931825491 ], [ -93.383774742562053, 44.865553626593886 ], [ -93.383770945150161, 44.865553639354715 ], [ -93.383770927206669, 44.865550938773424 ], [ -93.383767129794933, 44.865550951534118 ], [ -93.38376709390829, 44.865545550371529 ], [ -93.383759499085542, 44.865545575892547 ], [ -93.383759481142576, 44.865542875311242 ], [ -93.38375568373138, 44.865542888071566 ], [ -93.383755665788598, 44.865540187490254 ], [ -93.383751868377573, 44.865540200250443 ], [ -93.383751850434976, 44.865537499669138 ], [ -93.383748053024121, 44.865537512429206 ], [ -93.383748035081695, 44.865534811847894 ], [ -93.383744237671024, 44.865534824607835 ], [ -93.383744201786541, 44.865529423445196 ], [ -93.383710025093535, 44.865529538278935 ], [ -93.38371013273742, 44.865545741766873 ], [ -93.383706335326011, 44.865545754525556 ], [ -93.383706353266476, 44.865548455106875 ], [ -93.383702555854896, 44.865548467865423 ], [ -93.38370257379519, 44.865551168446743 ], [ -93.383694978971647, 44.865551193963476 ], [ -93.383695140431286, 44.865575499195323 ], [ -93.383740709391589, 44.865575346087226 ], [ -93.383740727333688, 44.865578046668517 ], [ -93.383774904055286, 44.865577931825491 ] ] ] } },
{ "type": "Feature", "properties": { }, "geometry": { "type": "Polygon", "coordinates": [ [ [ -93.386680738221074, 44.8656896589033 ], [ -93.386680575504457, 44.865665353680463 ], [ -93.386684372922403, 44.865665340822865 ], [ -93.386684354842615, 44.865662640242547 ], [ -93.386688152260376, 44.865662627384822 ], [ -93.386688134180417, 44.865659926804483 ], [ -93.386703323850753, 44.86565987537233 ], [ -93.386703287689414, 44.865654474211695 ], [ -93.386707085106636, 44.865654461353351 ], [ -93.386706958540785, 44.865635557291093 ], [ -93.386710755956756, 44.865635544432621 ], [ -93.386710683632757, 44.865624742111322 ], [ -93.386714481048017, 44.865624729252708 ], [ -93.386714227911853, 44.865586921128006 ], [ -93.386718025324626, 44.865586908269293 ], [ -93.386718007243317, 44.86558420768894 ], [ -93.386721804655906, 44.865584194830113 ], [ -93.386721786574427, 44.865581494249767 ], [ -93.386729381399249, 44.865581468531737 ], [ -93.386729363317414, 44.865578767951391 ], [ -93.386733160729648, 44.865578755092201 ], [ -93.386733142647643, 44.865576054511848 ], [ -93.386736940059691, 44.865576041652524 ], [ -93.386736921977501, 44.865573341072171 ], [ -93.38674071938938, 44.865573328212712 ], [ -93.386740701307005, 44.865570627632358 ], [ -93.386748296130392, 44.865570601913078 ], [ -93.38674811530332, 44.865543596109575 ], [ -93.386744317893402, 44.865543608969276 ], [ -93.3867442998109, 44.865540908388923 ], [ -93.386740502401139, 44.865540921248488 ], [ -93.386740393907189, 44.865524717766306 ], [ -93.386729001681132, 44.865524756344222 ], [ -93.386728983599355, 44.865522055763854 ], [ -93.386694806922705, 44.865522171490781 ], [ -93.386694825002877, 44.865524872071163 ], [ -93.386691027594168, 44.865524884929094 ], [ -93.386691009514152, 44.865522184348691 ], [ -93.386687212105628, 44.865522197206488 ], [ -93.386687194025811, 44.865519496626106 ], [ -93.386683396617443, 44.865519509483761 ], [ -93.386683251980301, 44.865497904840623 ], [ -93.386649075317749, 44.865498020553808 ], [ -93.386649057239723, 44.865495319973398 ], [ -93.386645259832932, 44.865495332829802 ], [ -93.386645241755076, 44.865492632249378 ], [ -93.38664144434847, 44.865492645105647 ], [ -93.38664135396013, 44.865479142203554 ], [ -93.386626164337216, 44.865479193627316 ], [ -93.386626146260255, 44.86547649304687 ], [ -93.386588172204569, 44.865476621597423 ], [ -93.386588226430106, 44.865484723338746 ], [ -93.386584429023983, 44.865484736193103 ], [ -93.38658471822437, 44.865527945479926 ], [ -93.386618894904885, 44.865527829785918 ], [ -93.386618876828237, 44.865525129205523 ], [ -93.386622674237003, 44.865525116350007 ], [ -93.386622656160185, 44.86552241576959 ], [ -93.386626453568766, 44.86552240291396 ], [ -93.386626435491777, 44.865519702333557 ], [ -93.38663023290016, 44.865519689477779 ], [ -93.386630250977333, 44.865522390058196 ], [ -93.386634048385915, 44.865522377202289 ], [ -93.386634066463259, 44.865525077782692 ], [ -93.386637863871997, 44.865525064926679 ], [ -93.386637990414755, 44.865543968989442 ], [ -93.386641787824729, 44.86554395613328 ], [ -93.386641805902457, 44.865546656713676 ], [ -93.386638008492298, 44.865546669569824 ], [ -93.386638026569855, 44.865549370150219 ], [ -93.386634229159498, 44.865549383006254 ], [ -93.386634464165567, 44.865584490551214 ], [ -93.386638261578213, 44.865584477695158 ], [ -93.386638279655799, 44.865587178275533 ], [ -93.386642077068629, 44.865587165419349 ], [ -93.386642095146385, 44.865589865999731 ], [ -93.3866458925594, 44.865589853143419 ], [ -93.386645910637341, 44.865592553723786 ], [ -93.386649708050513, 44.865592540867354 ], [ -93.386649798441169, 44.865606043769155 ], [ -93.386646001027103, 44.865606056625587 ], [ -93.386646019105058, 44.865608757205955 ], [ -93.386642221690821, 44.865608770062266 ], [ -93.386642239768605, 44.865611470642634 ], [ -93.386634644939747, 44.865611496354887 ], [ -93.38663466301719, 44.86561419693524 ], [ -93.386615675944114, 44.865614261213665 ], [ -93.386615694020662, 44.865616961794025 ], [ -93.386611896605871, 44.865616974649335 ], [ -93.386612059293313, 44.865641279872563 ], [ -93.38661585670971, 44.865641267017253 ], [ -93.386615874786273, 44.865643967597599 ], [ -93.386612077369705, 44.865643980452916 ], [ -93.386612095446111, 44.865646681033269 ], [ -93.386608298029344, 44.865646693888465 ], [ -93.38660853302045, 44.865681801432942 ], [ -93.386635114953833, 44.865681711443813 ], [ -93.386635133031319, 44.865684412024137 ], [ -93.386638930450545, 44.865684399168053 ], [ -93.386638948528216, 44.865687099748371 ], [ -93.386642745947611, 44.865687086892144 ], [ -93.386642764025481, 44.865689787472462 ], [ -93.386680738221074, 44.8656896589033 ] ] ] } },
{ "type": "Feature", "properties": { }, "geometry": { "type": "Polygon", "coordinates": [ [ [ -93.390669797217427, 44.865376311602951 ], [ -93.390669724153653, 44.865365509286221 ], [ -93.390673521550099, 44.865365496296043 ], [ -93.390673503283978, 44.865362795716848 ], [ -93.390677300680252, 44.86536278272655 ], [ -93.390677282413947, 44.865360082147369 ], [ -93.390681079810037, 44.865360069156942 ], [ -93.390681061543575, 44.865357368577754 ], [ -93.390684858939466, 44.865357355587207 ], [ -93.390684694539843, 44.865333050374495 ], [ -93.390627733625067, 44.86533324521934 ], [ -93.390627751889014, 44.865335945798542 ], [ -93.390623954494515, 44.865335958787192 ], [ -93.390623972758291, 44.865338659366401 ], [ -93.39062017536358, 44.86533867235493 ], [ -93.3906201936272, 44.865341372934147 ], [ -93.390608801442553, 44.865341411898953 ], [ -93.390608819705619, 44.865344112478169 ], [ -93.390605022310567, 44.865344125466194 ], [ -93.390605241465522, 44.865376532416683 ], [ -93.390669797217427, 44.865376311602951 ] ] ] } },
{ "type": "Feature", "properties": { }, "geometry": { "type": "Polygon", "coordinates": [ [ [ -93.385717267780905, 44.865285120134978 ], [ -93.385717249746577, 44.865282419554163 ], [ -93.385759021071664, 44.865282278466893 ], [ -93.385758786600178, 44.865247170916433 ], [ -93.385754989209318, 44.865247183743165 ], [ -93.38575495313718, 44.865241782581549 ], [ -93.385751155746661, 44.865241795408146 ], [ -93.385751101638988, 44.865233693665687 ], [ -93.385747304249008, 44.865233706492162 ], [ -93.385747286213302, 44.865231005911333 ], [ -93.385743488823479, 44.865231018737681 ], [ -93.385743470787958, 44.865228318156866 ], [ -93.385739673398319, 44.865228330983079 ], [ -93.385739655362983, 44.865225630402264 ], [ -93.385735857973515, 44.865225643228349 ], [ -93.385735839938363, 44.86522294264752 ], [ -93.385732042549066, 44.865222955473477 ], [ -93.385732024514084, 44.865220254892641 ], [ -93.385728227124972, 44.865220267718477 ], [ -93.385728173020567, 44.865212165975983 ], [ -93.38572437563198, 44.865212178801684 ], [ -93.385724357597368, 44.865209478220834 ], [ -93.385720560208966, 44.865209491046414 ], [ -93.385720542174511, 44.865206790465571 ], [ -93.385716744786293, 44.865206803291024 ], [ -93.385716726752023, 44.865204102710173 ], [ -93.385712929363976, 44.865204115535498 ], [ -93.385712893295818, 44.865198714373804 ], [ -93.385709095908112, 44.865198727198994 ], [ -93.38570907787421, 44.865196026618136 ], [ -93.38570528048669, 44.865196039443219 ], [ -93.385705262452973, 44.865193338862362 ], [ -93.385701465065623, 44.865193351687303 ], [ -93.385701428998544, 44.865187950525588 ], [ -93.385697631611549, 44.865187963350394 ], [ -93.385697577511493, 44.865179861607814 ], [ -93.38569378012501, 44.865179874432492 ], [ -93.385693762091847, 44.865177173851627 ], [ -93.385689964705549, 44.865177186676199 ], [ -93.385689928639579, 44.865171785514448 ], [ -93.385686131253635, 44.865171798338871 ], [ -93.385686113220828, 44.865169097757999 ], [ -93.385682315835069, 44.865169110582301 ], [ -93.385682297802433, 44.865166410001422 ], [ -93.38567850041683, 44.865166422825595 ], [ -93.385678482384407, 44.865163722244723 ], [ -93.385674684998975, 44.865163735068762 ], [ -93.385674648934454, 44.865158333906997 ], [ -93.385670851549378, 44.865158346730922 ], [ -93.385670797453145, 44.865150244988264 ], [ -93.385667000068594, 44.865150257812054 ], [ -93.38566698203671, 44.865147557231175 ], [ -93.38566318465233, 44.86514757005483 ], [ -93.385663148588904, 44.865142168893044 ], [ -93.385659351204907, 44.865142181716571 ], [ -93.385659333173365, 44.865139481135671 ], [ -93.385655535789539, 44.86513949395907 ], [ -93.385655499726823, 44.86513409279727 ], [ -93.385621323275402, 44.865134208202186 ], [ -93.38562135933492, 44.865139609364007 ], [ -93.385617561951051, 44.865139622186149 ], [ -93.385617579980632, 44.865142322767042 ], [ -93.385613782596579, 44.865142335589063 ], [ -93.385613800626004, 44.865145036169977 ], [ -93.385594813704884, 44.865145100278149 ], [ -93.385595012018754, 44.865174806668122 ], [ -93.385598809404939, 44.865174793846712 ], [ -93.385598827433668, 44.865177494427613 ], [ -93.385602624820024, 44.865177481606089 ], [ -93.385602732993519, 44.865193685091434 ], [ -93.385606530380926, 44.865193672269768 ], [ -93.385606548410024, 44.865196372850654 ], [ -93.38561034579763, 44.865196360028875 ], [ -93.385610363826913, 44.865199060609754 ], [ -93.385614161214676, 44.865199047787847 ], [ -93.385614179244129, 44.865201748368719 ], [ -93.385617976632076, 44.865201735546684 ], [ -93.385618030721005, 44.865209837289306 ], [ -93.385621828109493, 44.865209824467144 ], [ -93.385621846139315, 44.86521252504803 ], [ -93.385625643527959, 44.865212512225725 ], [ -93.385625661557967, 44.865215212806596 ], [ -93.385629458946781, 44.865215199984171 ], [ -93.385629476976987, 44.865217900565035 ], [ -93.385633274365986, 44.865217887742475 ], [ -93.385633292396349, 44.865220588323346 ], [ -93.385637089785519, 44.865220575500665 ], [ -93.385637107816066, 44.865223276081529 ], [ -93.385648499984114, 44.865223237612724 ], [ -93.385648518015202, 44.865225938193603 ], [ -93.385652315404712, 44.865225925370403 ], [ -93.385652333435971, 44.865228625951254 ], [ -93.385656130825666, 44.865228613127947 ], [ -93.385656166888552, 44.865234014289641 ], [ -93.385671356448725, 44.865233962995113 ], [ -93.385671374480893, 44.865236663575956 ], [ -93.385675171871114, 44.86523665075201 ], [ -93.385675189903438, 44.86523935133286 ], [ -93.385686582074598, 44.865239312860247 ], [ -93.385686600107476, 44.865242013441076 ], [ -93.385690397498038, 44.865242000616632 ], [ -93.385690415531087, 44.865244701197462 ], [ -93.385694212921834, 44.865244688372876 ], [ -93.38569426702152, 44.86525279011537 ], [ -93.385698064412793, 44.865252777290657 ], [ -93.385698082446211, 44.865255477871486 ], [ -93.385694285054768, 44.865255490696207 ], [ -93.385694303088002, 44.865258191277029 ], [ -93.385690505696388, 44.865258204101622 ], [ -93.385690523729451, 44.865260904682451 ], [ -93.385679131554028, 44.865260943155462 ], [ -93.385679293846962, 44.865285248382889 ], [ -93.385717267780905, 44.865285120134978 ] ] ] } },
{ "type": "Feature", "properties": { }, "geometry": { "type": "Polygon", "coordinates": [ [ [ -93.385617273478076, 44.86509641289144 ], [ -93.385617093182802, 44.865069407082096 ], [ -93.385613295803552, 44.865069419904067 ], [ -93.385613277774226, 44.865066719323131 ], [ -93.385609480395146, 44.865066732144989 ], [ -93.385609444336851, 44.865061330983089 ], [ -93.385563875792045, 44.865061484835465 ], [ -93.385564038035341, 44.865085790064057 ], [ -93.385567835415699, 44.865085777243721 ], [ -93.385567853442922, 44.865088477824663 ], [ -93.385571650823437, 44.865088465004192 ], [ -93.385571704905658, 44.86509656674702 ], [ -93.385617273478076, 44.86509641289144 ] ] ] } },
{ "type": "Feature", "properties": { }, "geometry": { "type": "Polygon", "coordinates": [ [ [ -93.381740092592239, 44.865101336654476 ], [ -93.381739896261436, 44.865071630250725 ], [ -93.381717111974709, 44.8650717064072 ], [ -93.381717094127524, 44.865069005825049 ], [ -93.381701904603702, 44.865069056593491 ], [ -93.381701886757227, 44.865066356011319 ], [ -93.381663912949264, 44.865066482923623 ], [ -93.38166389510458, 44.865063782341437 ], [ -93.381625921298124, 44.865063909241101 ], [ -93.381626081884392, 44.865088214480899 ], [ -93.381664055706821, 44.865088087581135 ], [ -93.381664073551534, 44.865090788163307 ], [ -93.381667870933939, 44.865090775472645 ], [ -93.381667888778821, 44.865093476054824 ], [ -93.381671686161397, 44.865093463364012 ], [ -93.381671704006479, 44.865096163946191 ], [ -93.381675501389225, 44.865096151255251 ], [ -93.381675519234477, 44.865098851837438 ], [ -93.381686911383269, 44.8650988137639 ], [ -93.381686929229048, 44.865101514346065 ], [ -93.381740092592239, 44.865101336654476 ] ] ] } },
{ "type": "Feature", "properties": { }, "geometry": { "type": "Polygon", "coordinates": [ [ [ -93.381972072278003, 44.865151873197313 ], [ -93.381971679377415, 44.865092460391779 ], [ -93.381975476759791, 44.865092447690877 ], [ -93.381975458900527, 44.865089747108804 ], [ -93.381979256282719, 44.865089734407768 ], [ -93.381979238423284, 44.865087033825681 ], [ -93.382002022715369, 44.865086957616882 ], [ -93.382001951273367, 44.86507615528857 ], [ -93.382005748654649, 44.865076142586659 ], [ -93.382005730793978, 44.865073442004579 ], [ -93.382009528175089, 44.865073429302548 ], [ -93.382009510314248, 44.865070728720468 ], [ -93.382013307695175, 44.865070716018316 ], [ -93.382013325556215, 44.865073416600389 ], [ -93.382017122937327, 44.865073403898108 ], [ -93.382017140798524, 44.865076104480188 ], [ -93.382020938179807, 44.865076091777787 ], [ -93.38202099176398, 44.865084193524005 ], [ -93.38205516820021, 44.865084079196613 ], [ -93.382055061022328, 44.865067875704213 ], [ -93.382058858403056, 44.86506786300054 ], [ -93.382058840539912, 44.865065162418468 ], [ -93.382062637920455, 44.865065149714674 ], [ -93.382062620057127, 44.865062449132616 ], [ -93.382085404339293, 44.865062372907204 ], [ -93.382085386474898, 44.865059672325145 ], [ -93.382089183855072, 44.865059659620464 ], [ -93.382089165990521, 44.865056959038398 ], [ -93.3820967607505, 44.865056933628672 ], [ -93.382096582101468, 44.865029927807996 ], [ -93.38207379783212, 44.865030004035589 ], [ -93.382073779968295, 44.865027303453523 ], [ -93.382069982590252, 44.865027316157672 ], [ -93.382069964726597, 44.865024615575585 ], [ -93.382066167348725, 44.86502462827962 ], [ -93.382066078031428, 44.865011125369165 ], [ -93.382020509507328, 44.865011277807582 ], [ -93.382020527368653, 44.865013978389698 ], [ -93.382016729991463, 44.865013991092077 ], [ -93.382016747852603, 44.865016691674185 ], [ -93.38200915309784, 44.865016717078575 ], [ -93.382009135237041, 44.86501401649646 ], [ -93.382005337859837, 44.86501402919847 ], [ -93.382005319999223, 44.865011328616362 ], [ -93.381959751474639, 44.865011481030535 ], [ -93.381959769333136, 44.865014181612658 ], [ -93.38195597195589, 44.865014194313012 ], [ -93.381955989814202, 44.865016894895149 ], [ -93.381948395059354, 44.865016920295488 ], [ -93.381948412917311, 44.865019620877618 ], [ -93.381944615539709, 44.865019633577603 ], [ -93.381944633397481, 44.865022334159733 ], [ -93.381940836019695, 44.865022346859597 ], [ -93.381940871734912, 44.865027748023842 ], [ -93.38193707435677, 44.865027760723571 ], [ -93.381937092214216, 44.865030461305693 ], [ -93.381933294835889, 44.865030474005309 ], [ -93.38193331269315, 44.865033174587445 ], [ -93.381910528422083, 44.865033250782474 ], [ -93.381910546278277, 44.865035951364597 ], [ -93.381906748899581, 44.865035964063338 ], [ -93.38190676675562, 44.865038664645454 ], [ -93.381899171997858, 44.865038690042539 ], [ -93.381899189853527, 44.865041390624661 ], [ -93.381887797716345, 44.865041428719351 ], [ -93.381887815571474, 44.865044129301488 ], [ -93.381880220812988, 44.865044154697308 ], [ -93.381880238667776, 44.865046855279445 ], [ -93.381872643908935, 44.865046880674761 ], [ -93.381872661763353, 44.865049581256905 ], [ -93.381857472244917, 44.865049632046052 ], [ -93.381857490098639, 44.865052332628188 ], [ -93.38184609795924, 44.865052370718722 ], [ -93.381846115812451, 44.865055071300858 ], [ -93.381834723672483, 44.865055109390255 ], [ -93.381834741525154, 44.865057809972392 ], [ -93.381827146764834, 44.865057835364695 ], [ -93.381827164617135, 44.865060535946846 ], [ -93.381808177715371, 44.865060599425391 ], [ -93.381808195566805, 44.865063300007549 ], [ -93.381793006044632, 44.86506335078812 ], [ -93.381793023895355, 44.86506605137027 ], [ -93.381770239610958, 44.865066127537354 ], [ -93.38177050735608, 44.865106636269601 ], [ -93.38179329165645, 44.865106560102419 ], [ -93.381793309507216, 44.865109260684541 ], [ -93.381797106890787, 44.865109247989565 ], [ -93.381797124741723, 44.865111948571695 ], [ -93.381816111660399, 44.865111885094926 ], [ -93.381816129512217, 44.865114585677048 ], [ -93.381819926896128, 44.865114572981305 ], [ -93.381819944748131, 44.865117273563442 ], [ -93.381823742132212, 44.865117260867578 ], [ -93.381823831393191, 44.86513076377814 ], [ -93.381846615702941, 44.865130687600299 ], [ -93.381846633556208, 44.865133388182393 ], [ -93.381869417866923, 44.865133311999976 ], [ -93.381869435721256, 44.865136012582091 ], [ -93.381888422647677, 44.865135949093265 ], [ -93.381888440502905, 44.865138649675345 ], [ -93.381892237888366, 44.8651386369772 ], [ -93.381892255743765, 44.865141337559287 ], [ -93.381896053129395, 44.865141324861014 ], [ -93.381896106696161, 44.86514942660726 ], [ -93.38190749885463, 44.865149388511689 ], [ -93.381907516710754, 44.865152089093769 ], [ -93.381972072278003, 44.865151873197313 ] ] ] } },
{ "type": "Feature", "properties": { }, "geometry": { "type": "Polygon", "coordinates": [ [ [ -93.382142007703777, 44.865008170682671 ], [ -93.382141739699037, 44.864967661951482 ], [ -93.382115158080254, 44.864967750893648 ], [ -93.382115140214538, 44.86496505031154 ], [ -93.382111342840602, 44.864965063017053 ], [ -93.382111324975057, 44.864962362434945 ], [ -93.382107527601292, 44.86496237514033 ], [ -93.382107474005224, 44.864954273394034 ], [ -93.382073297645988, 44.86495438773683 ], [ -93.382073494147448, 44.864984094140041 ], [ -93.382077291522663, 44.864984081435779 ], [ -93.382077309386631, 44.864986782017873 ], [ -93.382081106762016, 44.864986769313489 ], [ -93.382081142490293, 44.864992170477677 ], [ -93.382096331993225, 44.864992119658837 ], [ -93.382096349858088, 44.864994820240938 ], [ -93.382100147233999, 44.864994807535915 ], [ -93.382100165099033, 44.864997508118002 ], [ -93.382103962475114, 44.864997495412851 ], [ -93.38210401607077, 44.865005597159104 ], [ -93.382107813447391, 44.865005584453819 ], [ -93.382107831312794, 44.865008285035913 ], [ -93.382142007703777, 44.865008170682671 ] ] ] } },
{ "type": "Feature", "properties": { }, "geometry": { "type": "Polygon", "coordinates": [ [ [ -93.384996644293409, 44.864850047740404 ], [ -93.384996626293031, 44.864847347159163 ], [ -93.385000423657971, 44.864847334357727 ], [ -93.385000405657408, 44.864844633776492 ], [ -93.385008000386904, 44.864844608173257 ], [ -93.385007730373744, 44.864804099454489 ], [ -93.384973554114964, 44.864804214664893 ], [ -93.384973590113489, 44.864809615827433 ], [ -93.384969792751036, 44.86480962862796 ], [ -93.384969810750121, 44.864812329209222 ], [ -93.384966013387483, 44.864812342009628 ], [ -93.384966031386412, 44.864815042590898 ], [ -93.38496223402359, 44.864815055391169 ], [ -93.384962252022319, 44.864817755972432 ], [ -93.384954657296348, 44.864817781572619 ], [ -93.384954675294722, 44.864820482153895 ], [ -93.384950877931544, 44.86482049495379 ], [ -93.384951057913781, 44.864847500766437 ], [ -93.384954855278735, 44.864847487966514 ], [ -93.384954873277152, 44.864850188547784 ], [ -93.384996644293409, 44.864850047740404 ] ] ] } },
{ "type": "Feature", "properties": { }, "geometry": { "type": "Polygon", "coordinates": [ [ [ -93.39245402221438, 44.864730142087225 ], [ -93.392454003865424, 44.864727441508322 ], [ -93.392469193280135, 44.864727389310119 ], [ -93.392468936385129, 44.864689581205297 ], [ -93.392415773468272, 44.864689763889885 ], [ -93.392415791815424, 44.864692464468831 ], [ -93.392411994464013, 44.864692477516783 ], [ -93.392412012810979, 44.864695178095722 ], [ -93.392408215459398, 44.864695191143547 ], [ -93.392408197112616, 44.864692490564615 ], [ -93.392404399761205, 44.864692503612311 ], [ -93.392404381414607, 44.864689803033365 ], [ -93.392400584063367, 44.86468981608094 ], [ -93.392400529024087, 44.864681714344087 ], [ -93.392396731673387, 44.864681727391535 ], [ -93.392396713327145, 44.864679026812581 ], [ -93.392392915976629, 44.864679039859908 ], [ -93.392392860938443, 44.864670938123027 ], [ -93.392358684788391, 44.864671055543155 ], [ -93.392358703132842, 44.864673756122116 ], [ -93.39235110843245, 44.864673782214091 ], [ -93.392351291873638, 44.864700788003745 ], [ -93.392355089225617, 44.864700774957804 ], [ -93.392355107569927, 44.864703475536764 ], [ -93.392358904922077, 44.864703462490709 ], [ -93.392358923266571, 44.864706163069663 ], [ -93.392362720618891, 44.864706150023459 ], [ -93.392362738963556, 44.864708850602419 ], [ -93.392396915135961, 44.86470873318099 ], [ -93.392396896789691, 44.864706032602051 ], [ -93.392400694141998, 44.864706019554596 ], [ -93.392400675795542, 44.864703318975657 ], [ -93.392404473147664, 44.864703305928082 ], [ -93.392404454801039, 44.864700605349135 ], [ -93.39240825215299, 44.864700592301425 ], [ -93.392408270499786, 44.864703292880378 ], [ -93.392412067851893, 44.864703279832547 ], [ -93.392412086198874, 44.864705980411472 ], [ -93.392415883551152, 44.86470596736352 ], [ -93.392416048675656, 44.86473027257388 ], [ -93.39245402221438, 44.864730142087225 ] ] ] } },
{ "type": "Feature", "properties": { }, "geometry": { "type": "Polygon", "coordinates": [ [ [ -93.392332195054308, 44.864684649757734 ], [ -93.392331956592557, 44.864649542230993 ], [ -93.392301577803551, 44.86464964658871 ], [ -93.392301559461771, 44.864646946009707 ], [ -93.392297762113316, 44.86464695905385 ], [ -93.392297743771721, 44.864644258474854 ], [ -93.392293946423436, 44.86464427151887 ], [ -93.392293928082026, 44.864641570939874 ], [ -93.39229772543014, 44.864641557895858 ], [ -93.392297707088545, 44.864638857316841 ], [ -93.392301504436475, 44.864638844272704 ], [ -93.392301284335488, 44.864606437324561 ], [ -93.392255716185758, 44.864606593845757 ], [ -93.39225577120456, 44.864614695582858 ], [ -93.392251973858208, 44.864614708625467 ], [ -93.392251992197643, 44.864617409204492 ], [ -93.392248194851106, 44.864617422246994 ], [ -93.392248213190371, 44.864620122826025 ], [ -93.392229226456735, 44.864620188036568 ], [ -93.392229208118366, 44.864617487457558 ], [ -93.3922254107718, 44.864617500499264 ], [ -93.392225392433616, 44.864614799920233 ], [ -93.392221595087236, 44.864614812961854 ], [ -93.392221576749222, 44.864612112382815 ], [ -93.392183603287037, 44.864612242791907 ], [ -93.392183859994574, 44.864650050898547 ], [ -93.3921876573433, 44.864650037858176 ], [ -93.39218767567975, 44.864652738437215 ], [ -93.392191473028632, 44.864652725396724 ], [ -93.392191491365267, 44.864655425975755 ], [ -93.392195288714333, 44.864655412935143 ], [ -93.392195325387945, 44.864660814093199 ], [ -93.392199122737381, 44.864660801052452 ], [ -93.392199141074371, 44.86466350163149 ], [ -93.392202938423964, 44.864663488590622 ], [ -93.392202956761139, 44.86466618916964 ], [ -93.392206754110902, 44.864666176128637 ], [ -93.392206772448247, 44.864668876707668 ], [ -93.392214367148142, 44.864668850625293 ], [ -93.392214385485843, 44.864671551204296 ], [ -93.392229574886287, 44.864671499038025 ], [ -93.392229593224712, 44.864674199617035 ], [ -93.392252377326372, 44.864674121363834 ], [ -93.392252395665849, 44.864676821942851 ], [ -93.392259990366739, 44.864676795857427 ], [ -93.392260008706586, 44.864679496436423 ], [ -93.392275198109047, 44.864679444264084 ], [ -93.392275216449605, 44.864682144843073 ], [ -93.39227901380039, 44.864682131799668 ], [ -93.392279032141133, 44.864684832378643 ], [ -93.392332195054308, 44.864684649757734 ] ] ] } },
{ "type": "Feature", "properties": { }, "geometry": { "type": "Polygon", "coordinates": [ [ [ -93.385343839886005, 44.8645247997353 ], [ -93.385343803853218, 44.864519398572725 ], [ -93.385347601196429, 44.86451938575982 ], [ -93.385347583179851, 44.864516685178536 ], [ -93.385351380522877, 44.864516672365511 ], [ -93.385351362506142, 44.864513971784227 ], [ -93.385362754534682, 44.864513933344412 ], [ -93.385362520310309, 44.864478825787579 ], [ -93.385358722969784, 44.864478838600952 ], [ -93.385358704952722, 44.864476138019654 ], [ -93.385324528889399, 44.864476253334423 ], [ -93.385324618966749, 44.864489756240992 ], [ -93.38532082162547, 44.864489769053115 ], [ -93.385320839640769, 44.864492469634435 ], [ -93.385317042299334, 44.86449248244643 ], [ -93.385317060314449, 44.864495183027735 ], [ -93.385294276264631, 44.864495259897105 ], [ -93.385294474419453, 44.864524966291512 ], [ -93.385343839886005, 44.8645247997353 ] ] ] } },
{ "type": "Feature", "properties": { }, "geometry": { "type": "Polygon", "coordinates": [ [ [ -93.384048487418212, 44.863889110904523 ], [ -93.384048469462797, 44.863886410322529 ], [ -93.384052266764968, 44.863886397552832 ], [ -93.38405224880934, 44.863883696970852 ], [ -93.38405604611134, 44.863883684201028 ], [ -93.384056028155555, 44.863880983619033 ], [ -93.384067420060973, 44.863880945308843 ], [ -93.384067402104662, 44.863878244726841 ], [ -93.384071199406293, 44.863878231956519 ], [ -93.384071037797966, 44.863853926718491 ], [ -93.384063443197903, 44.863853952258985 ], [ -93.384063425241791, 44.863851251676962 ], [ -93.384048236042347, 44.863851302756395 ], [ -93.384048218086946, 44.863848602174386 ], [ -93.384044420787262, 44.86384861494394 ], [ -93.384044402832032, 44.863845914361917 ], [ -93.384040605532519, 44.863845927131337 ], [ -93.384040587577474, 44.863843226549314 ], [ -93.384036790278145, 44.863843239318605 ], [ -93.38403677232327, 44.863840538736582 ], [ -93.383998799331536, 44.863840666422526 ], [ -93.383998889096972, 44.86385416933269 ], [ -93.383995091796905, 44.863854182100603 ], [ -93.383995109749819, 44.86385688268264 ], [ -93.383991312449567, 44.863856895450418 ], [ -93.383991491977127, 44.863883901270682 ], [ -93.384002883883227, 44.863883862966922 ], [ -93.384002901836524, 44.863886563548931 ], [ -93.384006699138723, 44.863886550780755 ], [ -93.384006717092205, 44.863889251362771 ], [ -93.384048487418212, 44.863889110904523 ] ] ] } },
{ "type": "Feature", "properties": { }, "geometry": { "type": "Polygon", "coordinates": [ [ [ -93.383588726872276, 44.863847445790555 ], [ -93.383588708938362, 44.863844745208397 ], [ -93.38359630353763, 44.863844719699479 ], [ -93.383596267669091, 44.863839318535135 ], [ -93.383600064968377, 44.863839305780488 ], [ -93.383600047033951, 44.863836605198337 ], [ -93.383603844333038, 44.863836592443569 ], [ -93.383603718790781, 44.863817688368385 ], [ -93.383607516088645, 44.863817675613497 ], [ -93.383607498153864, 44.863814975031332 ], [ -93.38361129545153, 44.863814962276315 ], [ -93.383611277516579, 44.863812261694143 ], [ -93.383615074814074, 44.863812248939006 ], [ -93.383615056878952, 44.863809548356841 ], [ -93.383618854176262, 44.863809535601568 ], [ -93.38361883624097, 44.863806835019396 ], [ -93.383626430835221, 44.863806809508503 ], [ -93.383626269414449, 44.863782504268897 ], [ -93.38358829645901, 44.863782631818225 ], [ -93.383588314392867, 44.863785332400411 ], [ -93.383561733322665, 44.863785421677434 ], [ -93.383561948514242, 44.863817828663791 ], [ -93.383558151216363, 44.863817841417159 ], [ -93.383558169148841, 44.863820541999345 ], [ -93.383554371850778, 44.863820554752586 ], [ -93.383554389783058, 44.863823255334779 ], [ -93.38353540329183, 44.863823319099112 ], [ -93.383535385360418, 44.863820618516911 ], [ -93.38353158806234, 44.863820631269391 ], [ -93.383531570131112, 44.863817930687212 ], [ -93.383527772833204, 44.863817943439571 ], [ -93.383527754902161, 44.86381524285737 ], [ -93.383531552199884, 44.863815230105011 ], [ -93.383531516337442, 44.86380982894061 ], [ -93.383535313634823, 44.86380981618813 ], [ -93.383535295703425, 44.863807115605937 ], [ -93.383539093000607, 44.863807102853322 ], [ -93.38353891368503, 44.86378009703126 ], [ -93.383535116389609, 44.863780109783868 ], [ -93.383535080526883, 44.863774708619445 ], [ -93.383500904871255, 44.863774823387097 ], [ -93.383500922801019, 44.863777523969318 ], [ -93.383485733619963, 44.863777574973888 ], [ -93.383485769478085, 44.863782976138332 ], [ -93.383481972182452, 44.863782988889163 ], [ -93.383481990111349, 44.863785689471392 ], [ -93.383478192815545, 44.863785702222096 ], [ -93.383478210744258, 44.863788402804346 ], [ -93.383466818856292, 44.863788441055689 ], [ -93.383466836784464, 44.863791141637925 ], [ -93.383463039488305, 44.863791154388139 ], [ -93.383463057416307, 44.863793854970361 ], [ -93.383459260119949, 44.863793867720432 ], [ -93.383459278047781, 44.863796568302668 ], [ -93.383440291565108, 44.863796632051155 ], [ -93.38344045290772, 44.863820937291223 ], [ -93.383489817783314, 44.863820771538435 ], [ -93.383489835712595, 44.863823472120636 ], [ -93.383493633010872, 44.863823459369534 ], [ -93.383493650940338, 44.863826159951749 ], [ -93.383527826626363, 44.863826045186165 ], [ -93.38352784455742, 44.863828745768366 ], [ -93.383531641856038, 44.863828733016 ], [ -93.38353165978728, 44.863831433598179 ], [ -93.383535457086069, 44.863831420845685 ], [ -93.383535564674602, 44.863847624338788 ], [ -93.383588726872276, 44.863847445790555 ] ] ] } },
{ "type": "Feature", "properties": { }, "geometry": { "type": "Polygon", "coordinates": [ [ [ -93.383763205298408, 44.863817152554518 ], [ -93.383763097646124, 44.863800949061748 ], [ -93.383766894942795, 44.863800936301566 ], [ -93.383766877000582, 44.863798235719429 ], [ -93.383770674297082, 44.863798222959126 ], [ -93.383770566642781, 44.863782019466321 ], [ -93.383774363938201, 44.86378200670589 ], [ -93.383774345995647, 44.86377930612376 ], [ -93.383778143290911, 44.863779293363201 ], [ -93.383778125348172, 44.863776592781086 ], [ -93.383781922643252, 44.863776580020392 ], [ -93.383781904700356, 44.863773879438263 ], [ -93.383793296585026, 44.863773841155485 ], [ -93.383793063320581, 44.863738733587624 ], [ -93.383762684979871, 44.863738835672379 ], [ -93.3837626670379, 44.863736135090214 ], [ -93.383758869745463, 44.86373614785024 ], [ -93.383758851803663, 44.863733447268068 ], [ -93.383724676173358, 44.863733562102617 ], [ -93.383724783814614, 44.863749765595649 ], [ -93.383720986521269, 44.863749778354418 ], [ -93.383721004461307, 44.863752478936583 ], [ -93.383717207167791, 44.86375249169523 ], [ -93.383717225107659, 44.863755192277402 ], [ -93.383713427813959, 44.863755205035915 ], [ -93.383713445753656, 44.863757905618087 ], [ -93.383702053872014, 44.863757943892878 ], [ -93.383702071811172, 44.863760644475057 ], [ -93.383698274517116, 44.863760657233072 ], [ -93.383698256578128, 44.863757956650893 ], [ -93.383694459284257, 44.863757969408788 ], [ -93.38369444134544, 44.863755268826615 ], [ -93.383690644051725, 44.863755281584375 ], [ -93.383690410849837, 44.863720174015974 ], [ -93.383644843352798, 44.863720327099081 ], [ -93.383645148273004, 44.863766236996412 ], [ -93.383667932039671, 44.863766160457011 ], [ -93.383667949977237, 44.86376886103919 ], [ -93.383671747271848, 44.863768848282184 ], [ -93.383671765209598, 44.863771548864349 ], [ -93.383675562504379, 44.863771536107222 ], [ -93.383675723945856, 44.863795841346722 ], [ -93.383702305020492, 44.863795752043153 ], [ -93.383702322959678, 44.863798452625304 ], [ -93.383706120256235, 44.863798439867146 ], [ -93.383706138195606, 44.863801140449297 ], [ -93.38370993549232, 44.863801127691019 ], [ -93.383709953431875, 44.863803828273163 ], [ -93.383717548025658, 44.863803802756202 ], [ -93.383717565965568, 44.86380650333836 ], [ -93.383721363262637, 44.863806490579684 ], [ -93.383721381202733, 44.863809191161828 ], [ -93.383725178499972, 44.863809178403024 ], [ -93.383725232320799, 44.863817280149448 ], [ -93.383763205298408, 44.863817152554518 ] ] ] } },
{ "type": "Feature", "properties": { }, "geometry": { "type": "Polygon", "coordinates": [ [ [ -93.383895249204059, 44.863687077931395 ], [ -93.383895231255906, 44.863684377349252 ], [ -93.383899028544874, 44.863684364584699 ], [ -93.383899010596537, 44.863681664002556 ], [ -93.38390280788532, 44.86368165123789 ], [ -93.383902789936826, 44.863678950655746 ], [ -93.383906587225425, 44.863678937890946 ], [ -93.38390656927676, 44.863676237308802 ], [ -93.383910366565175, 44.86367622454388 ], [ -93.383910348616325, 44.863673523961729 ], [ -93.383914145904569, 44.86367351119668 ], [ -93.383914127955549, 44.863670810614543 ], [ -93.383917925243608, 44.863670797849359 ], [ -93.383917889345227, 44.863665396685079 ], [ -93.383921686632917, 44.863665383919781 ], [ -93.383921489190016, 44.8636356775161 ], [ -93.383925286475758, 44.863635664750682 ], [ -93.383925268526241, 44.863632964168524 ], [ -93.383929065811799, 44.863632951402984 ], [ -93.383928904264664, 44.863608646163506 ], [ -93.383890931424872, 44.86360877381307 ], [ -93.38389094937277, 44.863611474395263 ], [ -93.38388715208859, 44.863611487159517 ], [ -93.383887134140878, 44.863608786577345 ], [ -93.383875742288879, 44.86360882486936 ], [ -93.383875724341692, 44.863606124287173 ], [ -93.383871927057868, 44.863606137050937 ], [ -93.383871909110866, 44.863603436468743 ], [ -93.383868111827212, 44.863603449232379 ], [ -93.383868004146308, 44.86358724573919 ], [ -93.383826234037699, 44.863587386130696 ], [ -93.383826395541519, 44.863611691370565 ], [ -93.383841584678351, 44.863611640320826 ], [ -93.383841602623946, 44.86361434090302 ], [ -93.383845399908324, 44.863614328140272 ], [ -93.38384541785409, 44.863617028722466 ], [ -93.383849215138639, 44.863617015959584 ], [ -93.383849358706343, 44.863638620617088 ], [ -93.383856953278283, 44.86363859509094 ], [ -93.383856971224589, 44.863641295673112 ], [ -93.383860768510743, 44.863641282909853 ], [ -93.383860786457248, 44.863643983492011 ], [ -93.383864583743559, 44.863643970728617 ], [ -93.383864619636952, 44.863649371892976 ], [ -93.383868416923619, 44.86364935912944 ], [ -93.383868434870493, 44.863652059711612 ], [ -93.383864637583642, 44.863652072475134 ], [ -93.383864655530346, 44.863654773057313 ], [ -93.38386085824331, 44.863654785820714 ], [ -93.383860876189829, 44.863657486402879 ], [ -93.383857078902622, 44.863657499166152 ], [ -93.383857240419815, 44.863681804405623 ], [ -93.383861037708627, 44.86368179164235 ], [ -93.383861073601707, 44.863687192806665 ], [ -93.383895249204059, 44.863687077931395 ] ] ] } },
{ "type": "Feature", "properties": { }, "geometry": { "type": "Polygon", "coordinates": [ [ [ -93.383439753757898, 44.863715614583505 ], [ -93.383439735831033, 44.863712914001233 ], [ -93.383443533122062, 44.863712901251823 ], [ -93.383443515195026, 44.863710200669544 ], [ -93.383466298940121, 44.863710124170439 ], [ -93.383466281012034, 44.863707423588181 ], [ -93.383473875593353, 44.86370739808747 ], [ -93.383473839736439, 44.863701996922927 ], [ -93.383477637026743, 44.863701984172394 ], [ -93.383477619098116, 44.863699283590115 ], [ -93.383481416388236, 44.863699270839454 ], [ -93.383481398459438, 44.863696570257183 ], [ -93.383485195749387, 44.863696557506401 ], [ -93.38348512403347, 44.863685755177301 ], [ -93.383488921322709, 44.863685742426405 ], [ -93.383488903393555, 44.863683041844119 ], [ -93.383492700682609, 44.863683029093082 ], [ -93.383492682753285, 44.86368032851081 ], [ -93.383553439374921, 44.863680124477057 ], [ -93.38355342144277, 44.863677423894799 ], [ -93.383557218731411, 44.863677411141609 ], [ -93.383557200799089, 44.863674710559373 ], [ -93.38357238995296, 44.863674659545381 ], [ -93.383572300287781, 44.863661156634109 ], [ -93.383576097575343, 44.8636611438803 ], [ -93.383576061708922, 44.863655742715778 ], [ -93.383579858996157, 44.863655729961863 ], [ -93.383579823129395, 44.863650328797334 ], [ -93.38358362041626, 44.863650316043277 ], [ -93.383583602482702, 44.863647615461019 ], [ -93.383587399769382, 44.863647602706841 ], [ -93.383587220432219, 44.863620596884182 ], [ -93.383591017717123, 44.863620584129883 ], [ -93.383590999783237, 44.863617883547604 ], [ -93.383594797067957, 44.863617870793178 ], [ -93.383594635661552, 44.863593565552684 ], [ -93.383590838378424, 44.863593578307096 ], [ -93.383590820444567, 44.863590877724803 ], [ -93.38358702316161, 44.863590890479095 ], [ -93.383587005227952, 44.863588189896809 ], [ -93.38359080251071, 44.863588177142532 ], [ -93.383590784576867, 44.863585476560239 ], [ -93.383594581859455, 44.863585463805833 ], [ -93.383594563925442, 44.863582763223548 ], [ -93.383628739467056, 44.863582648428242 ], [ -93.383628542175373, 44.863552942023112 ], [ -93.383624744894931, 44.86355295477864 ], [ -93.383624726959525, 44.863550254196333 ], [ -93.383590551437038, 44.863550368990381 ], [ -93.383590748709182, 44.863580075395653 ], [ -93.383586951426935, 44.863580088149931 ], [ -93.383586969360607, 44.863582788732224 ], [ -93.38358317207819, 44.863582801486366 ], [ -93.383583190011677, 44.863585502068673 ], [ -93.383579392729075, 44.863585514822688 ], [ -93.383579374795758, 44.863582814240395 ], [ -93.383545199253845, 44.863582929020929 ], [ -93.383545396502868, 44.8636126354262 ], [ -93.383541599218475, 44.863612648178979 ], [ -93.38354161715003, 44.863615348761265 ], [ -93.383537819865452, 44.863615361513915 ], [ -93.383537837796851, 44.863618062096194 ], [ -93.383534040512089, 44.863618074848716 ], [ -93.383534058443303, 44.863620775431016 ], [ -93.383526463873423, 44.863620800935685 ], [ -93.383526481804282, 44.863623501517978 ], [ -93.383511292663769, 44.863623552525816 ], [ -93.383511364384432, 44.86363435485498 ], [ -93.383507567098576, 44.863634367606629 ], [ -93.383507585028568, 44.863637068188922 ], [ -93.383503787742541, 44.863637080940457 ], [ -93.383503805672362, 44.863639781522735 ], [ -93.383469630096442, 44.863639896280766 ], [ -93.383469648024658, 44.863642596863059 ], [ -93.383462053451851, 44.863642622363457 ], [ -93.383462107235459, 44.863650724110357 ], [ -93.383458309948523, 44.863650736860372 ], [ -93.383458327876212, 44.863653437442679 ], [ -93.383454530589091, 44.863653450192565 ], [ -93.38345454851661, 44.863656150774865 ], [ -93.383446953941998, 44.863656176274269 ], [ -93.383447007723518, 44.863664278021155 ], [ -93.383443210435686, 44.863664290770672 ], [ -93.383443228362694, 44.863666991352964 ], [ -93.383439431074663, 44.863667004102354 ], [ -93.383439449001486, 44.863669704684646 ], [ -93.383435651713285, 44.863669717433915 ], [ -93.383435669639937, 44.863672418016215 ], [ -93.383431872351551, 44.863672430765355 ], [ -93.383431890278047, 44.863675131347655 ], [ -93.383428092989476, 44.863675144096661 ], [ -93.383428110915773, 44.863677844678961 ], [ -93.383424313627032, 44.863677857427845 ], [ -93.383424331553158, 44.863680558010145 ], [ -93.38341673697532, 44.863680583507552 ], [ -93.383416754901091, 44.863683284089838 ], [ -93.383412957611981, 44.863683296838353 ], [ -93.383412993463182, 44.863688698002953 ], [ -93.38340919617373, 44.863688710751347 ], [ -93.383409214099146, 44.863691411333633 ], [ -93.383405416809509, 44.8636914240819 ], [ -93.383405578136845, 44.863715729322514 ], [ -93.383439753757898, 44.863715614583505 ] ] ] } },
{ "type": "Feature", "properties": { }, "geometry": { "type": "Polygon", "coordinates": [ [ [ -93.383993745335076, 44.863651638444516 ], [ -93.383993709429618, 44.86364623728025 ], [ -93.383997506716028, 44.863646224512436 ], [ -93.383997488763143, 44.8636435239303 ], [ -93.384001286049369, 44.863643511162358 ], [ -93.384001106518724, 44.863616505340978 ], [ -93.383997309234275, 44.863616518108913 ], [ -93.383997291281389, 44.863613817526769 ], [ -93.383993493997124, 44.863613830294568 ], [ -93.383993404233678, 44.863600327383807 ], [ -93.383989606950294, 44.863600340151478 ], [ -93.383989588997792, 44.863597639569328 ], [ -93.383993386280991, 44.863597626801656 ], [ -93.383993368328319, 44.863594926219498 ], [ -93.383997165611348, 44.863594913451706 ], [ -93.383997147658505, 44.863592212869555 ], [ -93.384050309618246, 44.863592034107235 ], [ -93.38405032757359, 44.863594734689372 ], [ -93.384054124856576, 44.863594721919682 ], [ -93.38405414281209, 44.863597422501833 ], [ -93.384057940095261, 44.863597409732016 ], [ -93.38405795805096, 44.863600110314152 ], [ -93.384092133601001, 44.863599995380156 ], [ -93.384092115643696, 44.863597294798033 ], [ -93.384095912926853, 44.863597282026952 ], [ -93.384095894969377, 44.863594581444822 ], [ -93.384107286818278, 44.863594543130837 ], [ -93.384107268860262, 44.863591842548722 ], [ -93.384111066143049, 44.86359182977715 ], [ -93.384111048184877, 44.86358912919502 ], [ -93.384114845467479, 44.86358911642332 ], [ -93.384114719759069, 44.863570212348449 ], [ -93.38411851704042, 44.863570199576628 ], [ -93.384118499081922, 44.863567498994499 ], [ -93.384122296363103, 44.86356748622255 ], [ -93.384122278404405, 44.863564785640413 ], [ -93.384126075685401, 44.863564772868337 ], [ -93.384126057726547, 44.863562072286221 ], [ -93.384129855007373, 44.863562059514024 ], [ -93.384129872966398, 44.863564760096153 ], [ -93.38413367024738, 44.863564747323828 ], [ -93.384133688206603, 44.86356744790595 ], [ -93.38413748548777, 44.863567435133497 ], [ -93.384137611203613, 44.863586339208332 ], [ -93.384152800333226, 44.863586288117247 ], [ -93.384152818293344, 44.863588988699355 ], [ -93.384190791118968, 44.86358886096275 ], [ -93.384190773157073, 44.863586160380656 ], [ -93.384198367721822, 44.863586134831834 ], [ -93.384198170137154, 44.863556428428701 ], [ -93.384152602772005, 44.863556581713958 ], [ -93.384152584811915, 44.863553881131814 ], [ -93.384148787531643, 44.863553893904772 ], [ -93.384148769571723, 44.86355119332265 ], [ -93.384144972291637, 44.863551206095472 ], [ -93.3841447926944, 44.863524200274107 ], [ -93.384129603581101, 44.86352425136409 ], [ -93.384129585622091, 44.86352155078194 ], [ -93.384125788343937, 44.863521563554123 ], [ -93.384125770385126, 44.863518862971972 ], [ -93.384121973107142, 44.863518875744028 ], [ -93.384121901272593, 44.86350807341541 ], [ -93.384087725777064, 44.863508188358139 ], [ -93.384087743734113, 44.863510888940297 ], [ -93.384080149179169, 44.863510914481736 ], [ -93.384080131222476, 44.863508213899564 ], [ -93.384045955726705, 44.863508328829795 ], [ -93.384045973681793, 44.863511029411981 ], [ -93.384042176404279, 44.863511042181372 ], [ -93.384042158449375, 44.8635083415992 ], [ -93.384038361172045, 44.863508354368463 ], [ -93.384038343217341, 44.863505653786284 ], [ -93.384034545940196, 44.863505666555419 ], [ -93.384034330485818, 44.863473259569091 ], [ -93.38403053321079, 44.863473272338091 ], [ -93.384030515256455, 44.86347057175589 ], [ -93.383992542507883, 44.863470699438935 ], [ -93.383992560460456, 44.863473400021157 ], [ -93.383977371360231, 44.86347345109084 ], [ -93.383977389312093, 44.863476151673055 ], [ -93.383965997486371, 44.863476189974001 ], [ -93.383966015437707, 44.863478890556216 ], [ -93.383962218162267, 44.86347890332295 ], [ -93.383962236113419, 44.863481603905171 ], [ -93.383958438837809, 44.863481616671777 ], [ -93.38395845678879, 44.863484317253999 ], [ -93.383950862237228, 44.863484342786833 ], [ -93.383951041743558, 44.863511348608988 ], [ -93.38396243357623, 44.863511310309512 ], [ -93.38396245152741, 44.863514010891706 ], [ -93.383966248805137, 44.863513998124972 ], [ -93.383966266756488, 44.863516698707187 ], [ -93.383970064034386, 44.863516685940318 ], [ -93.383970081985936, 44.863519386522519 ], [ -93.383966284707853, 44.863519399289387 ], [ -93.383966302659218, 44.863522099871581 ], [ -93.38396250538095, 44.863522112638329 ], [ -93.383962541283339, 44.863527513802723 ], [ -93.383958744004715, 44.863527526569349 ], [ -93.383958761955739, 44.863530227151557 ], [ -93.383954964676931, 44.863530239918063 ], [ -93.383954982627785, 44.863532940500249 ], [ -93.383951185348806, 44.863532953266628 ], [ -93.383951203299461, 44.863535653848828 ], [ -93.383947406020297, 44.863535666615086 ], [ -93.383947621426373, 44.863568073601371 ], [ -93.383951418707667, 44.863568060835114 ], [ -93.38395150846118, 44.863581563746003 ], [ -93.383966697589869, 44.863581512679659 ], [ -93.383966715541291, 44.863584213261838 ], [ -93.383970512823637, 44.863584200494927 ], [ -93.38397053077523, 44.863586901077106 ], [ -93.383974328057761, 44.863586888310074 ], [ -93.383974363961329, 44.863592289474397 ], [ -93.383978161244201, 44.863592276707237 ], [ -93.383978179196149, 44.863594977289395 ], [ -93.383974381913106, 44.863594990056555 ], [ -93.383974399864897, 44.863597690638727 ], [ -93.38397060258167, 44.863597703405759 ], [ -93.383970620533276, 44.863600403987924 ], [ -93.383955431399642, 44.863600455054801 ], [ -93.383955592957903, 44.863624760294257 ], [ -93.383951795672886, 44.863624773060671 ], [ -93.383951957229741, 44.8636490783 ], [ -93.38395955180296, 44.86364905276703 ], [ -93.383959569754111, 44.863651753349174 ], [ -93.383993745335076, 44.863651638444516 ] ] ] } },
{ "type": "Feature", "properties": { }, "geometry": { "type": "Polygon", "coordinates": [ [ [ -93.384439560492424, 44.863309857629865 ], [ -93.384439380758977, 44.863282851808307 ], [ -93.384431786234316, 44.863282877373024 ], [ -93.384431768261337, 44.863280176790866 ], [ -93.384427970999184, 44.86328018957304 ], [ -93.384427953026403, 44.863277488990867 ], [ -93.38438998040651, 44.863277616805625 ], [ -93.384390016348561, 44.863283017969984 ], [ -93.38438621908621, 44.863283030750772 ], [ -93.384386237057058, 44.863285731332958 ], [ -93.384382439794507, 44.863285744113618 ], [ -93.38438260153066, 44.863310049353174 ], [ -93.384439560492424, 44.863309857629865 ] ] ] } },
{ "type": "Feature", "properties": { }, "geometry": { "type": "Polygon", "coordinates": [ [ [ -93.383853202551364, 44.863074173387382 ], [ -93.383853041039288, 44.863049868145282 ], [ -93.383837852050192, 44.863049919196051 ], [ -93.383837834105123, 44.86304721861358 ], [ -93.383834036858019, 44.863047231375958 ], [ -93.383834018913149, 44.863044530793502 ], [ -93.383830221666216, 44.863044543555745 ], [ -93.38383011399803, 44.863028340060893 ], [ -93.383792141539274, 44.863028467676322 ], [ -93.383792159482184, 44.863031168258829 ], [ -93.383788362236118, 44.863031181019679 ], [ -93.383788380178856, 44.863033881602156 ], [ -93.38378458293262, 44.863033894362879 ], [ -93.383784564990052, 44.863031193780387 ], [ -93.383776970497905, 44.863031219301462 ], [ -93.383776952555692, 44.863028518718956 ], [ -93.383773155309797, 44.863028531479301 ], [ -93.383773137367768, 44.86302583089681 ], [ -93.383769340122043, 44.863025843657027 ], [ -93.38376923247101, 44.863009640162019 ], [ -93.383765435226351, 44.863009652922109 ], [ -93.383765417284692, 44.863006952339596 ], [ -93.383727444839707, 44.863007079933467 ], [ -93.383727642178499, 44.863036786341105 ], [ -93.383739033917891, 44.863036748064225 ], [ -93.383739051858313, 44.863039448646724 ], [ -93.383742849104948, 44.863039435887515 ], [ -93.383742867045569, 44.863042136470014 ], [ -93.383746664292374, 44.86304212371067 ], [ -93.383746771937211, 44.863058327205636 ], [ -93.383765758176537, 44.863058263407012 ], [ -93.383765776118238, 44.863060963989497 ], [ -93.383769573366266, 44.863060951229393 ], [ -93.383769591308152, 44.863063651811864 ], [ -93.383777185804561, 44.863063626291272 ], [ -93.383777203746803, 44.863066326873749 ], [ -93.383781000995185, 44.863066314113269 ], [ -93.383781018937597, 44.863069014695739 ], [ -93.383796207931823, 44.863068963652523 ], [ -93.38379622587496, 44.863071664235001 ], [ -93.383811414869839, 44.863071613189753 ], [ -93.383811432813687, 44.863074313772209 ], [ -93.383853202551364, 44.863074173387382 ] ] ] } },
{ "type": "Feature", "properties": { }, "geometry": { "type": "Polygon", "coordinates": [ [ [ -93.382626691035938, 44.863078289235077 ], [ -93.382626673147485, 44.863075588652258 ], [ -93.382634267646495, 44.863075563207666 ], [ -93.382634249757672, 44.863072862624826 ], [ -93.382638047007006, 44.863072849902331 ], [ -93.382638011229034, 44.863067448736672 ], [ -93.382641808477999, 44.863067436014056 ], [ -93.382641790588835, 44.86306473543123 ], [ -93.382645587837615, 44.863064722708486 ], [ -93.382645569948281, 44.863062022125654 ], [ -93.38264936719689, 44.863062009402796 ], [ -93.382649313528361, 44.863053907654276 ], [ -93.382653110776445, 44.863053894931305 ], [ -93.38265309288677, 44.863051194348465 ], [ -93.382656890134655, 44.863051181625359 ], [ -93.382656836465088, 44.863043079876839 ], [ -93.382660633712447, 44.863043067153605 ], [ -93.382660311692419, 44.862994456662285 ], [ -93.382656514448257, 44.862994469385498 ], [ -93.382656424999283, 44.862980966471163 ], [ -93.382652627756016, 44.862980979194248 ], [ -93.382652609866398, 44.862978278611358 ], [ -93.3826108401922, 44.862978418556864 ], [ -93.38261116217042, 44.863027029048602 ], [ -93.382607364924098, 44.863027041770181 ], [ -93.382607418586673, 44.863035143518772 ], [ -93.382603621339825, 44.863035156240237 ], [ -93.382603657114529, 44.863040557405945 ], [ -93.382599859867327, 44.863040570127289 ], [ -93.382599931416081, 44.86305137245872 ], [ -93.382596134168153, 44.863051385179936 ], [ -93.382596152055157, 44.863054085762791 ], [ -93.382592354807059, 44.863054098483872 ], [ -93.382592515788716, 44.863078403729531 ], [ -93.382626691035938, 44.863078289235077 ] ] ] } },
{ "type": "Feature", "properties": { }, "geometry": { "type": "Polygon", "coordinates": [ [ [ -93.382481072306319, 44.862878929449948 ], [ -93.382480893491163, 44.862851923620134 ], [ -93.382473299021441, 44.862851949054431 ], [ -93.382473281140278, 44.862849248471441 ], [ -93.382469483905595, 44.862849261188401 ], [ -93.382469466024631, 44.862846560605419 ], [ -93.382435290913861, 44.862846675052339 ], [ -93.382435273034503, 44.862843974469328 ], [ -93.382431475800132, 44.862843987185023 ], [ -93.382431457920944, 44.862841286602013 ], [ -93.382427660686758, 44.862841299317573 ], [ -93.382427607049749, 44.862833197568555 ], [ -93.382416215348755, 44.862833235714476 ], [ -93.382416197470306, 44.862830535131458 ], [ -93.382404805769823, 44.862830573276248 ], [ -93.382404787891886, 44.862827872693224 ], [ -93.382363018325236, 44.862828012547737 ], [ -93.382363036201212, 44.862830713130769 ], [ -93.382359238967695, 44.862830725844049 ], [ -93.382359399850003, 44.862855031091314 ], [ -93.382374588790483, 44.862854980237358 ], [ -93.382374606667014, 44.862857680820376 ], [ -93.382382201137602, 44.862857655392645 ], [ -93.382382219014488, 44.862860355975663 ], [ -93.382389813485403, 44.862860330547406 ], [ -93.382389831362659, 44.862863031130431 ], [ -93.382408817540821, 44.862862967557597 ], [ -93.382408835418957, 44.862865668140607 ], [ -93.382412632654763, 44.862865655425651 ], [ -93.38241265053307, 44.862868356008661 ], [ -93.382416447769046, 44.862868343293584 ], [ -93.382416465647552, 44.862871043876581 ], [ -93.382427857355992, 44.862871005730597 ], [ -93.382427875235024, 44.8628737063136 ], [ -93.382439266943976, 44.862873668166479 ], [ -93.382439284823548, 44.862876368749468 ], [ -93.382443082060036, 44.86287635603351 ], [ -93.382443099939792, 44.862879056616492 ], [ -93.382481072306319, 44.862878929449948 ] ] ] } },
{ "type": "Feature", "properties": { }, "geometry": { "type": "Polygon", "coordinates": [ [ [ -93.381198891864045, 44.861927188736779 ], [ -93.381198874043051, 44.861924488152958 ], [ -93.381202671217522, 44.861924475478439 ], [ -93.381202653396358, 44.861921774894618 ], [ -93.381206450570645, 44.861921762219993 ], [ -93.381206432749295, 44.861919061636158 ], [ -93.381210229923411, 44.861919048961404 ], [ -93.381210212101905, 44.861916348377569 ], [ -93.381214009275823, 44.861916335702681 ], [ -93.381213991454132, 44.861913635118846 ], [ -93.381221585801626, 44.861913609768706 ], [ -93.38122156797958, 44.861910909184878 ], [ -93.381229162326704, 44.861910883834234 ], [ -93.381229144504303, 44.861908183250399 ], [ -93.381232941677695, 44.861908170574885 ], [ -93.381232923855109, 44.861905469991072 ], [ -93.381240518201523, 44.861905444639667 ], [ -93.381240500378595, 44.861902744055833 ], [ -93.381244297551618, 44.861902731379942 ], [ -93.38124427972852, 44.861900030796114 ], [ -93.381248076901358, 44.861900018120096 ], [ -93.381248059078075, 44.861897317536283 ], [ -93.381251856250742, 44.861897304860143 ], [ -93.381251838427289, 44.861894604276316 ], [ -93.381255635599771, 44.861894591600048 ], [ -93.381255617776148, 44.861891891016228 ], [ -93.381259414948445, 44.86189187833984 ], [ -93.381259397124651, 44.861889177755998 ], [ -93.381263194296764, 44.861889165079496 ], [ -93.381263158648821, 44.861883763911841 ], [ -93.381266955820578, 44.861883751235204 ], [ -93.381266937996443, 44.86188105065137 ], [ -93.381270735168016, 44.861881037974605 ], [ -93.381270717343696, 44.861878337390785 ], [ -93.381274514515098, 44.861878324713892 ], [ -93.381274478866104, 44.86187292354623 ], [ -93.38127827603715, 44.861872910869224 ], [ -93.381278258212475, 44.861870210285389 ], [ -93.381282055383338, 44.861870197608262 ], [ -93.381281948434321, 44.861853994105253 ], [ -93.381285745604117, 44.861853981427991 ], [ -93.381285727779101, 44.861851280844171 ], [ -93.381289524948713, 44.861851268166781 ], [ -93.38128950712354, 44.861848567582925 ], [ -93.381297101462408, 44.861848542227797 ], [ -93.381296976683714, 44.861829638140911 ], [ -93.381300773851905, 44.861829625463166 ], [ -93.381300613420748, 44.861805320208518 ], [ -93.381224670088429, 44.861805573739304 ], [ -93.38122468791056, 44.861808274323174 ], [ -93.3811829190754, 44.861808413743596 ], [ -93.38118293689557, 44.861811114327502 ], [ -93.381163951060429, 44.861811177695373 ], [ -93.381163968879719, 44.861813878279271 ], [ -93.381144983043612, 44.861813941643994 ], [ -93.381145000862006, 44.861816642227886 ], [ -93.38112981219237, 44.861816692917408 ], [ -93.381129830010067, 44.8618193935013 ], [ -93.381118438507301, 44.861819431517119 ], [ -93.381118456324458, 44.861822132101011 ], [ -93.381107064821109, 44.861822170115687 ], [ -93.381107082637755, 44.861824870699614 ], [ -93.381099488301814, 44.861824896042108 ], [ -93.381099506118105, 44.861827596626 ], [ -93.381088114613661, 44.8618276346388 ], [ -93.381088132429426, 44.861830335222706 ], [ -93.38108053809276, 44.861830360563935 ], [ -93.381080555908156, 44.861833061147856 ], [ -93.381072961571121, 44.861833086488588 ], [ -93.381072979386175, 44.861835787072501 ], [ -93.381065385048785, 44.861835812412728 ], [ -93.381065402863484, 44.861838512996641 ], [ -93.381057808525725, 44.861838538336372 ], [ -93.381057826340069, 44.861841238920285 ], [ -93.38105023200194, 44.861841264259496 ], [ -93.381050249815942, 44.861843964843416 ], [ -93.381042655477458, 44.861843990182138 ], [ -93.381042673291091, 44.86184669076605 ], [ -93.381038876121664, 44.861846703435219 ], [ -93.381038893935127, 44.861849404019139 ], [ -93.381031299595904, 44.861849429357115 ], [ -93.381031317409025, 44.861852129941042 ], [ -93.381027520239243, 44.861852142609841 ], [ -93.38102753805218, 44.861854843193747 ], [ -93.381019943712246, 44.861854868530962 ], [ -93.381019961524828, 44.861857569114875 ], [ -93.381016164354676, 44.861857581783298 ], [ -93.381016182167073, 44.861860282367211 ], [ -93.381008587826415, 44.861860307703672 ], [ -93.38100860563847, 44.861863008287592 ], [ -93.381004808467964, 44.861863020955624 ], [ -93.381004826279849, 44.86186572153958 ], [ -93.381001029109143, 44.861865734207484 ], [ -93.381001046920858, 44.861868434791411 ], [ -93.380993452579105, 44.861868460126857 ], [ -93.380993470390464, 44.861871160710777 ], [ -93.380989673219403, 44.861871173378326 ], [ -93.380989691030578, 44.861873873962239 ], [ -93.380985893859346, 44.86187388662966 ], [ -93.380985911670351, 44.861876587213573 ], [ -93.380982114498934, 44.861876599880866 ], [ -93.38098227479648, 44.86190090513611 ], [ -93.380986071969502, 44.86190089246881 ], [ -93.380986089780535, 44.861903593052716 ], [ -93.380993684126906, 44.861903567717732 ], [ -93.380993701938294, 44.861906268301645 ], [ -93.381001296285007, 44.861906242966157 ], [ -93.38100131409675, 44.861908943550056 ], [ -93.381005111270284, 44.861908930882116 ], [ -93.381005129082212, 44.861911631466008 ], [ -93.38100892625593, 44.861911618797947 ], [ -93.381008944068029, 44.861914319381846 ], [ -93.381016538415793, 44.86191429404532 ], [ -93.381016556228261, 44.861916994629226 ], [ -93.38102035340232, 44.861916981960782 ], [ -93.381020371214944, 44.861919682544681 ], [ -93.381035559911851, 44.861919631869632 ], [ -93.381035577725214, 44.861922332453517 ], [ -93.381039374899601, 44.861922319784433 ], [ -93.381039392713149, 44.861925020368311 ], [ -93.381046987062291, 44.861924995029781 ], [ -93.38104700487618, 44.861927695613652 ], [ -93.381084976623526, 44.861927568913366 ], [ -93.381084958807861, 44.86192486832951 ], [ -93.381153307949248, 44.861924640237213 ], [ -93.381153325768111, 44.861927340821055 ], [ -93.381198891864045, 44.861927188736779 ] ] ] } }
]
}
